number,value,datetime_start,datetime_complete,duration,params_activation1,params_batch_size,params_fl1,params_learning_rate,params_n_layers,params_num_epochs,params_train_size,params_weight_decay,state
0,0.15697550773620605,2023-09-02 12:21:40.444647,2023-09-02 12:21:41.733518,0 days 00:00:01.288871,Leaky,30,21,0.00016340423614708832,1,80,0.22225155723461607,1.9014442436953327e-05,COMPLETE
1,0.16492006182670593,2023-09-02 12:21:41.733826,2023-09-02 12:21:42.861150,0 days 00:00:01.127324,Leaky,16,18,0.0005821184956054855,1,60,0.15337944570560294,0.039207612563374426,COMPLETE
2,0.16937468945980072,2023-09-02 12:21:42.861454,2023-09-02 12:21:46.242117,0 days 00:00:03.380663,Tanh,30,10,0.00012567004170397722,1,60,0.7781407033939304,3.462245827932335e-05,COMPLETE
3,0.24149134755134583,2023-09-02 12:21:46.242409,2023-09-02 12:22:00.966666,0 days 00:00:14.724257,ReLU,2,14,0.040650746733300235,1,40,0.48522086910835605,0.08414204386516903,COMPLETE
4,0.17089886963367462,2023-09-02 12:22:00.966919,2023-09-02 12:22:02.025330,0 days 00:00:01.058411,Sigmoid,30,23,0.0009021744709107963,1,100,0.15402783620435015,1.1275225089795638e-05,COMPLETE
5,0.13916151225566864,2023-09-02 12:22:02.025572,2023-09-02 12:22:09.565221,0 days 00:00:07.539649,Leaky,2,8,0.006701727631764765,1,60,0.17030141875196703,0.007800836886499448,COMPLETE
6,0.127849742770195,2023-09-02 12:22:09.565465,2023-09-02 12:22:11.373594,0 days 00:00:01.808129,Leaky,16,21,0.0008231263050857703,1,100,0.16173859588732806,0.00025117282845182426,COMPLETE
7,0.16825635731220245,2023-09-02 12:22:11.373850,2023-09-02 12:22:12.800282,0 days 00:00:01.426432,Sigmoid,30,8,0.0009834796733330154,1,100,0.21656162300126766,0.000180667615948211,COMPLETE
8,0.1702117919921875,2023-09-02 12:22:12.800515,2023-09-02 12:22:13.167683,0 days 00:00:00.367168,Sigmoid,30,4,0.012025389066971658,1,40,0.13575503953299778,3.856624022554288e-05,COMPLETE
9,0.12875524163246155,2023-09-02 12:22:13.167944,2023-09-02 12:22:15.459566,0 days 00:00:02.291622,Tanh,12,14,0.001747589778930238,1,40,0.40299623064356177,0.0003708703048120074,COMPLETE
10,0.5983169674873352,2023-09-02 12:22:15.459792,2023-09-02 12:22:16.590065,0 days 00:00:01.130273,ReLU,16,19,1.181420209876611e-05,1,100,0.10012717239981035,0.0020552666019069345,COMPLETE
11,0.1155012771487236,2023-09-02 12:22:16.590305,2023-09-02 12:22:18.618676,0 days 00:00:02.028371,Tanh,12,15,0.003816027916206397,1,40,0.35377038574014896,0.00033594296573024934,COMPLETE
12,0.11246629059314728,2023-09-02 12:22:18.618905,2023-09-02 12:22:23.901258,0 days 00:00:05.282353,Tanh,8,16,0.005761102886246003,1,80,0.3213222220093329,0.0002207329703990145,COMPLETE
13,0.1508125364780426,2023-09-02 12:22:23.901498,2023-09-02 12:22:29.143240,0 days 00:00:05.241742,Tanh,8,16,0.083818931789875,1,80,0.3233746079754619,0.0011406822077640493,COMPLETE
14,0.10471606999635696,2023-09-02 12:22:29.143479,2023-09-02 12:22:33.217582,0 days 00:00:04.074103,Tanh,10,12,0.006045645654422307,1,80,0.30468667183304327,7.380661410332821e-05,COMPLETE
15,0.19885480403900146,2023-09-02 12:22:33.217822,2023-09-02 12:22:36.641184,0 days 00:00:03.423362,Tanh,10,1,0.019561451714024115,1,80,0.2660249473373701,8.325143748959421e-05,COMPLETE
16,0.11350428313016891,2023-09-02 12:22:36.641419,2023-09-02 12:22:42.923870,0 days 00:00:06.282451,Tanh,10,11,0.004847413619637178,1,80,0.4691797797461127,9.977012096946981e-05,COMPLETE
17,0.11623930186033249,2023-09-02 12:22:42.924117,2023-09-02 12:22:51.470760,0 days 00:00:08.546643,Tanh,4,12,0.022545160771918444,1,80,0.2780024548790801,5.9235623783262556e-05,COMPLETE
18,0.16078907251358032,2023-09-02 12:22:51.471011,2023-09-02 12:22:55.101235,0 days 00:00:03.630224,Tanh,8,5,0.08978793149323902,1,80,0.2261364091069394,0.0008580128586007296,COMPLETE
19,0.10763195157051086,2023-09-02 12:22:55.101478,2023-09-02 12:23:00.341431,0 days 00:00:05.239953,ReLU,8,17,0.009769829031486845,1,80,0.31913881336838573,1.0654948423419564e-05,COMPLETE
20,0.11850176751613617,2023-09-02 12:23:00.341682,2023-09-02 12:23:05.933500,0 days 00:00:05.591818,ReLU,10,24,0.012759189920759514,1,80,0.4149671626655052,1.0783485095045606e-05,COMPLETE
21,0.11038262397050858,2023-09-02 12:23:05.933755,2023-09-02 12:23:11.000199,0 days 00:00:05.066444,ReLU,8,18,0.0033144239771220343,1,80,0.30660879715248995,2.8226161974589727e-05,COMPLETE
22,0.11005134135484695,2023-09-02 12:23:11.000446,2023-09-02 12:23:15.489417,0 days 00:00:04.488971,ReLU,8,19,0.002162602782412562,1,80,0.27170852322598565,3.020161155542866e-05,COMPLETE
23,0.12495855242013931,2023-09-02 12:23:15.489668,2023-09-02 12:23:19.741897,0 days 00:00:04.252229,ReLU,8,21,0.0028398043208612907,1,80,0.2577644461150682,1.872295058355167e-05,COMPLETE
24,0.11702750623226166,2023-09-02 12:23:19.742148,2023-09-02 12:23:30.786180,0 days 00:00:11.044032,ReLU,4,17,0.009643959769500766,1,80,0.35556077435738925,7.343746652897427e-05,COMPLETE
25,0.13719765841960907,2023-09-02 12:23:30.786426,2023-09-02 12:23:34.055428,0 days 00:00:03.269002,ReLU,10,20,0.03216870381969827,1,80,0.24441777473890516,2.3105016386353398e-05,COMPLETE
26,0.1357940286397934,2023-09-02 12:23:34.055673,2023-09-02 12:23:37.169812,0 days 00:00:03.114139,ReLU,8,14,0.001941062820713214,1,80,0.18970811706274177,1.1227285592311348e-05,COMPLETE
27,0.1327068954706192,2023-09-02 12:23:37.170061,2023-09-02 12:23:41.919878,0 days 00:00:04.749817,ReLU,8,9,0.01026395844641671,1,80,0.2908293484243131,3.559546700464832e-05,COMPLETE
28,0.13958239555358887,2023-09-02 12:23:41.920121,2023-09-02 12:23:43.919963,0 days 00:00:01.999842,ReLU,10,12,0.0063114528761719175,1,60,0.19888018075799832,0.00010800432334273326,COMPLETE
29,0.16813623905181885,2023-09-02 12:23:43.920204,2023-09-02 12:23:48.053747,0 days 00:00:04.133543,Sigmoid,8,23,0.00039761705432877673,1,80,0.2503275321314273,1.8102835390030786e-05,COMPLETE
30,0.11132591962814331,2023-09-02 12:23:48.053993,2023-09-02 12:24:01.201715,0 days 00:00:13.147722,Leaky,2,19,0.0016547230950971039,1,80,0.21719875761626853,5.529568159053759e-05,COMPLETE
31,0.10869797319173813,2023-09-02 12:24:01.201967,2023-09-02 12:24:06.060654,0 days 00:00:04.858687,ReLU,8,18,0.0037771457437315438,1,80,0.29710982331741753,2.644605017015467e-05,COMPLETE
32,0.11677202582359314,2023-09-02 12:24:06.060899,2023-09-02 12:24:10.735441,0 days 00:00:04.674542,ReLU,8,17,0.0027860612494293164,1,80,0.2862003318849071,1.5994251695158076e-05,COMPLETE
33,0.10581468045711517,2023-09-02 12:24:10.735688,2023-09-02 12:24:16.672901,0 days 00:00:05.937213,ReLU,8,19,0.005491377297082804,1,80,0.36222557540540234,3.7874872928983665e-05,COMPLETE
34,0.11932915449142456,2023-09-02 12:24:16.673145,2023-09-02 12:24:21.070568,0 days 00:00:04.397423,ReLU,8,13,0.007637888822751757,1,60,0.362043139744378,4.410901644725737e-05,COMPLETE
35,0.1342765837907791,2023-09-02 12:24:21.070819,2023-09-02 12:24:38.898222,0 days 00:00:17.827403,ReLU,4,22,0.019175696485666135,1,80,0.5784491180562125,2.0225626211852145e-05,COMPLETE
36,0.11807805299758911,2023-09-02 12:24:38.898473,2023-09-02 12:24:41.700543,0 days 00:00:02.802070,Leaky,12,17,0.0046092817773297455,1,60,0.3315759998477674,1.138453453418226e-05,COMPLETE
37,0.20012636482715607,2023-09-02 12:24:41.700784,2023-09-02 12:25:04.723176,0 days 00:00:23.022392,ReLU,2,15,0.04784516827585967,1,80,0.38630373586053096,4.1865025306781146e-05,COMPLETE
38,0.11578391492366791,2023-09-02 12:25:04.723419,2023-09-02 12:25:08.166218,0 days 00:00:03.442799,Sigmoid,16,20,0.014369581870560625,1,100,0.31328469046392843,0.00011922426611415195,COMPLETE
39,0.11641201376914978,2023-09-02 12:25:08.166456,2023-09-02 12:25:11.176942,0 days 00:00:03.010486,Leaky,10,11,0.007238884106320605,1,40,0.4584828940332337,5.5097259266430676e-05,COMPLETE
40,0.13600663840770721,2023-09-02 12:25:11.177181,2023-09-02 12:25:13.410065,0 days 00:00:02.232884,ReLU,30,7,0.0015066914526983396,1,80,0.4293525044570605,2.6594723685863724e-05,COMPLETE
41,0.11413281410932541,2023-09-02 12:25:13.410300,2023-09-02 12:25:18.051105,0 days 00:00:04.640805,ReLU,8,19,0.0026855063285067577,1,80,0.2848844199507975,2.8764408965215237e-05,COMPLETE
42,0.10860269516706467,2023-09-02 12:25:18.051348,2023-09-02 12:25:24.047379,0 days 00:00:05.996031,ReLU,8,18,0.005409124892810954,1,80,0.371712493718999,1.515129041384417e-05,COMPLETE
43,0.10764382779598236,2023-09-02 12:25:24.047624,2023-09-02 12:25:31.646602,0 days 00:00:07.598978,ReLU,8,18,0.004591449834948371,1,100,0.3731669593078319,1.4066515861454426e-05,COMPLETE
44,0.10908303409814835,2023-09-02 12:25:31.646840,2023-09-02 12:25:39.462342,0 days 00:00:07.815502,ReLU,8,21,0.009376350009255163,1,100,0.3809415613298413,1.4654286037507511e-05,COMPLETE
45,0.10858302563428879,2023-09-02 12:25:39.462587,2023-09-02 12:25:43.203365,0 days 00:00:03.740778,Sigmoid,16,15,0.006234790525875328,1,100,0.34085588752288104,1.0240345699894084e-05,COMPLETE
46,0.10186721384525299,2023-09-02 12:25:43.203602,2023-09-02 12:25:48.938758,0 days 00:00:05.735156,Sigmoid,16,15,0.015301145758673593,1,100,0.5263069435415403,1.2745908711826212e-05,COMPLETE
47,0.10755031555891037,2023-09-02 12:25:48.939005,2023-09-02 12:25:54.406030,0 days 00:00:05.467025,Sigmoid,16,13,0.01669891604740955,1,100,0.5065304163469324,4.1770622626966845e-05,COMPLETE
48,0.1158769354224205,2023-09-02 12:25:54.406270,2023-09-02 12:26:00.274665,0 days 00:00:05.868395,Sigmoid,16,13,0.027704143289048463,1,100,0.5479549753844976,0.000159286914485928,COMPLETE
49,0.11004965007305145,2023-09-02 12:26:00.274900,2023-09-02 12:26:05.957343,0 days 00:00:05.682443,Sigmoid,16,10,0.01620494861134255,1,100,0.5309236515442334,6.685798673790715e-05,COMPLETE
50,0.10735167562961578,2023-09-02 12:26:05.957583,2023-09-02 12:26:13.560258,0 days 00:00:07.602675,Sigmoid,16,14,0.04386565508087033,1,100,0.7023278361860321,4.4266004859314224e-05,COMPLETE
51,0.1125936284661293,2023-09-02 12:26:13.560507,2023-09-02 12:26:20.645630,0 days 00:00:07.085123,Sigmoid,16,14,0.041650258023488394,1,100,0.6556071389545961,3.52732441314819e-05,COMPLETE
52,0.10784382373094559,2023-09-02 12:26:20.645875,2023-09-02 12:26:28.674743,0 days 00:00:08.028868,Sigmoid,16,16,0.024417109868242005,1,100,0.7440351262310063,4.721433831328843e-05,COMPLETE
53,0.11847060918807983,2023-09-02 12:26:28.674990,2023-09-02 12:26:34.061308,0 days 00:00:05.386318,Sigmoid,16,11,0.015164692685641962,1,100,0.4996829746963127,7.719063982760982e-05,COMPLETE
54,0.10921461880207062,2023-09-02 12:26:34.061552,2023-09-02 12:26:38.781637,0 days 00:00:04.720085,Sigmoid,16,13,0.03437705359014845,1,100,0.4388967509279561,2.310131007527916e-05,COMPLETE
55,0.118232361972332,2023-09-02 12:26:38.781881,2023-09-02 12:26:40.548664,0 days 00:00:01.766783,Sigmoid,16,15,0.05780144200949571,1,40,0.4047732446531241,3.8829691163719225e-05,COMPLETE
56,0.1227981224656105,2023-09-02 12:26:40.548914,2023-09-02 12:26:49.128720,0 days 00:00:08.579806,Tanh,12,12,0.011766280735263365,1,100,0.6145748339786349,0.0001402269717376161,COMPLETE
57,0.11311870068311691,2023-09-02 12:26:49.128955,2023-09-02 12:26:52.380063,0 days 00:00:03.251108,Sigmoid,30,14,0.025691406889286877,1,100,0.4984891329622854,7.910488992394582e-05,COMPLETE
58,0.10808844864368439,2023-09-02 12:26:52.380303,2023-09-02 12:26:57.557272,0 days 00:00:05.176969,Tanh,16,16,0.01862475715833496,1,100,0.47596762175208374,1.9992488426563935e-05,COMPLETE
59,0.12146933376789093,2023-09-02 12:26:57.557514,2023-09-02 12:27:01.999751,0 days 00:00:04.442237,Sigmoid,10,10,0.06860767320743175,1,40,0.681998260544728,6.009961760377843e-05,COMPLETE
60,0.12080454081296921,2023-09-02 12:27:01.999995,2023-09-02 12:27:07.085809,0 days 00:00:05.085814,Tanh,16,17,0.040087902358413655,1,60,0.7820064897125041,0.00016647392847053487,COMPLETE
61,0.11422763019800186,2023-09-02 12:27:07.086055,2023-09-02 12:27:32.780462,0 days 00:00:25.694407,Sigmoid,2,16,0.00952195138847652,1,100,0.3422031692805136,1.5401104876493083e-05,COMPLETE
62,0.11300036311149597,2023-09-02 12:27:32.780703,2023-09-02 12:27:48.645716,0 days 00:00:15.865013,Sigmoid,4,20,0.01295860915863645,1,100,0.40676691673489673,1.2458592795073262e-05,COMPLETE
63,0.11055324226617813,2023-09-02 12:27:48.645969,2023-09-02 12:27:55.899028,0 days 00:00:07.253059,Tanh,10,15,0.004701544599147464,1,100,0.4381146760999506,2.073584991686331e-05,COMPLETE
64,0.1094776839017868,2023-09-02 12:27:55.899288,2023-09-02 12:27:59.790845,0 days 00:00:03.891557,Leaky,16,18,0.007946668681781417,1,100,0.3539078577361521,3.1132453186342083e-05,COMPLETE
65,0.12062224745750427,2023-09-02 12:27:59.791091,2023-09-02 12:28:06.408458,0 days 00:00:06.617367,Sigmoid,8,12,0.02107675885617046,1,100,0.3295962361269008,0.0001030958599825419,COMPLETE
66,0.10960597544908524,2023-09-02 12:28:06.408716,2023-09-02 12:28:11.934797,0 days 00:00:05.526081,Tanh,12,14,0.011605794528864767,1,100,0.3912842185364509,1.3459295254276219e-05,COMPLETE
67,0.1379862129688263,2023-09-02 12:28:11.935052,2023-09-02 12:28:18.160433,0 days 00:00:06.225381,ReLU,8,13,0.029492985425726377,1,100,0.30816049766556736,4.3766707091623244e-05,COMPLETE
68,0.11552752554416656,2023-09-02 12:28:18.160684,2023-09-02 12:28:23.253888,0 days 00:00:05.093204,Sigmoid,10,17,0.0041808952492908965,1,60,0.5148466860572027,2.5234238447280044e-05,COMPLETE
69,0.11209920793771744,2023-09-02 12:28:23.254138,2023-09-02 12:28:26.176931,0 days 00:00:02.922793,ReLU,30,11,0.007734041115634228,1,80,0.555868206549736,1.028998208970866e-05,COMPLETE
70,0.1254272162914276,2023-09-02 12:28:26.177167,2023-09-02 12:28:30.943868,0 days 00:00:04.766701,Leaky,8,22,0.015647536947527116,1,40,0.5841552792530608,1.8475146865312085e-05,COMPLETE
71,0.10720305144786835,2023-09-02 12:28:30.944120,2023-09-02 12:28:38.674847,0 days 00:00:07.730727,Sigmoid,16,16,0.022250350684358825,1,100,0.7129872523623842,4.541887931439912e-05,COMPLETE
72,0.12505093216896057,2023-09-02 12:28:38.675092,2023-09-02 12:28:46.130779,0 days 00:00:07.455687,Sigmoid,16,16,0.09858721876609276,1,100,0.6910476318835908,3.589361273163685e-05,COMPLETE
73,0.11334461718797684,2023-09-02 12:28:46.131018,2023-09-02 12:28:54.243343,0 days 00:00:08.112325,Sigmoid,16,19,0.006321168444752511,1,100,0.7410516375911615,1.5561978806890766e-05,COMPLETE
74,0.10889112204313278,2023-09-02 12:28:54.243592,2023-09-02 12:29:01.139184,0 days 00:00:06.895592,Sigmoid,16,15,0.019926374036203745,1,100,0.63633773001547,5.141171916787457e-05,COMPLETE
75,0.10809984058141708,2023-09-02 12:29:01.139437,2023-09-02 12:29:15.533912,0 days 00:00:14.394475,ReLU,4,18,0.0034804190232004943,1,80,0.46169381971371587,2.4082566362348344e-05,COMPLETE
76,0.10661213845014572,2023-09-02 12:29:15.534172,2023-09-02 12:29:59.768263,0 days 00:00:44.234091,Sigmoid,2,20,0.008822808534254762,1,100,0.5823856963369108,2.9284703402824766e-05,COMPLETE
77,0.13234876096248627,2023-09-02 12:29:59.768510,2023-09-02 12:30:35.563308,0 days 00:00:35.794798,Sigmoid,2,20,0.03320384299613841,1,80,0.5992477887367859,6.516871333232252e-05,COMPLETE
78,0.11820817738771439,2023-09-02 12:30:35.563555,2023-09-02 12:31:17.679711,0 days 00:00:42.116156,Sigmoid,2,14,0.010960392525934257,1,100,0.5624531630543099,9.087711232595841e-05,COMPLETE
79,0.1240239292383194,2023-09-02 12:31:17.679962,2023-09-02 12:31:54.018069,0 days 00:00:36.338107,Sigmoid,2,8,0.02345691869013374,1,80,0.6129298885685062,3.1145701549378324e-05,COMPLETE
80,0.17222054302692413,2023-09-02 12:31:54.018313,2023-09-02 12:32:32.900457,0 days 00:00:38.882144,Sigmoid,2,2,0.01609846502175922,1,100,0.5287233240635252,5.002815785002625e-05,COMPLETE
81,0.11010146141052246,2023-09-02 12:32:32.900710,2023-09-02 12:32:40.333283,0 days 00:00:07.432573,ReLU,8,17,0.0085490944116005,1,100,0.3646636111823855,1.3042537540573366e-05,COMPLETE
82,0.11099065840244293,2023-09-02 12:32:40.333537,2023-09-02 12:32:43.721787,0 days 00:00:03.388250,Tanh,16,22,0.0058067184495940605,1,100,0.3029411858841728,1.9614121495055487e-05,COMPLETE
83,0.10936175286769867,2023-09-02 12:32:43.722046,2023-09-02 12:32:51.834042,0 days 00:00:08.111996,Sigmoid,10,19,0.012543870763483001,1,100,0.4889219829818783,3.4877297153228996e-05,COMPLETE
84,0.11821401119232178,2023-09-02 12:32:51.834363,2023-09-02 12:32:57.300011,0 days 00:00:05.465648,ReLU,8,13,0.009668722423846208,1,100,0.26695110826517493,2.614055169132692e-05,COMPLETE
85,0.11046908795833588,2023-09-02 12:32:57.300269,2023-09-02 12:33:03.015311,0 days 00:00:05.715042,Sigmoid,16,20,0.005120570678512695,1,80,0.645260169158959,4.2105443339715326e-05,COMPLETE
86,0.11415039002895355,2023-09-02 12:33:03.015559,2023-09-02 12:33:09.585005,0 days 00:00:06.569446,ReLU,8,17,0.006700296259075814,1,100,0.32009934219681047,1.7822735587321987e-05,COMPLETE
87,0.10937369614839554,2023-09-02 12:33:09.585256,2023-09-02 12:33:13.415062,0 days 00:00:03.829806,Sigmoid,16,16,0.017799002592434932,1,60,0.5851030870282471,6.18726150343652e-05,COMPLETE
88,0.11473128944635391,2023-09-02 12:33:13.415322,2023-09-02 12:33:56.360056,0 days 00:00:42.944734,ReLU,2,18,0.0035309726863662198,1,80,0.7025827799561903,1.2573109893856942e-05,COMPLETE
89,0.10560426115989685,2023-09-02 12:33:56.360329,2023-09-02 12:34:02.371423,0 days 00:00:06.011094,Tanh,12,21,0.014932392648949753,1,100,0.4215172040557403,1.0070097215081078e-05,COMPLETE
90,0.11990593373775482,2023-09-02 12:34:02.371694,2023-09-02 12:34:10.037177,0 days 00:00:07.665483,Tanh,12,22,0.02539377618779252,1,100,0.5395028222208769,2.284457040342981e-05,COMPLETE
91,0.1169818639755249,2023-09-02 12:34:10.037434,2023-09-02 12:34:15.480749,0 days 00:00:05.443315,Tanh,12,21,0.013538947580731814,1,100,0.37946115771222194,1.6843724748517976e-05,COMPLETE
92,0.11071280390024185,2023-09-02 12:34:15.481004,2023-09-02 12:34:21.482149,0 days 00:00:06.001145,Tanh,12,21,0.008940734497975075,1,100,0.4189881241453557,3.069529771069871e-05,COMPLETE
93,0.10306397825479507,2023-09-02 12:34:21.482404,2023-09-02 12:34:27.895160,0 days 00:00:06.412756,Tanh,12,19,0.020287137450412197,1,100,0.4498709691964538,1.0334890553445018e-05,COMPLETE
94,0.10986211150884628,2023-09-02 12:34:27.895412,2023-09-02 12:34:34.424835,0 days 00:00:06.529423,Tanh,12,23,0.021828419334933846,1,100,0.45360718079794865,1.0041719942621792e-05,COMPLETE
95,0.12069272994995117,2023-09-02 12:34:34.425098,2023-09-02 12:34:37.345462,0 days 00:00:02.920364,Tanh,12,24,0.029564615688356045,1,40,0.5063056087534912,1.2317046223757529e-05,COMPLETE
96,0.10596977919340134,2023-09-02 12:34:37.345714,2023-09-02 12:34:42.767952,0 days 00:00:05.422238,Tanh,12,19,0.0445469304369507,1,80,0.4800871768638069,1.600555342940596e-05,COMPLETE
97,0.11736902594566345,2023-09-02 12:34:42.768199,2023-09-02 12:34:49.379696,0 days 00:00:06.611497,Tanh,12,21,0.05410337644849191,1,100,0.46734223309470285,2.1905287648656126e-05,COMPLETE
98,0.11201895773410797,2023-09-02 12:34:49.379948,2023-09-02 12:34:54.863884,0 days 00:00:05.483936,Tanh,12,20,0.01838600640185511,1,80,0.4849099193346586,3.859815435869866e-05,COMPLETE
99,0.10865345597267151,2023-09-02 12:34:54.864144,2023-09-02 12:35:02.121703,0 days 00:00:07.257559,Tanh,12,19,0.041401614566696485,1,100,0.5164391567874494,1.6340011938659543e-05,COMPLETE
100,0.12583543360233307,2023-09-02 12:35:02.121961,2023-09-02 12:35:08.285039,0 days 00:00:06.163078,Tanh,12,12,0.03700858006762352,1,100,0.44326203040641154,8.14325804523438e-05,COMPLETE
101,0.10670685023069382,2023-09-02 12:35:08.285291,2023-09-02 12:35:13.068286,0 days 00:00:04.782995,Tanh,12,19,0.014293413805214124,1,80,0.419035355370425,1.1876049082400861e-05,COMPLETE
102,0.11121460795402527,2023-09-02 12:35:13.068536,2023-09-02 12:35:17.894946,0 days 00:00:04.826410,Tanh,12,20,0.0287164767953715,1,80,0.42540846537695376,1.3499237673512008e-05,COMPLETE
103,0.11296509206295013,2023-09-02 12:35:17.895203,2023-09-02 12:35:22.527415,0 days 00:00:04.632212,Tanh,12,19,0.014230413780462886,1,80,0.4083482660800013,2.9362258275759403e-05,COMPLETE
104,0.11000484973192215,2023-09-02 12:35:22.527667,2023-09-02 12:35:27.532577,0 days 00:00:05.004910,Tanh,12,10,0.047409704742033376,1,80,0.44957502088163437,1.859434050448031e-05,COMPLETE
105,0.1055656373500824,2023-09-02 12:35:27.532838,2023-09-02 12:35:32.919554,0 days 00:00:05.386716,Tanh,12,14,0.021937070468383817,1,80,0.477611397703816,1.102310668157846e-05,COMPLETE
106,0.132649764418602,2023-09-02 12:35:32.919802,2023-09-02 12:35:38.305582,0 days 00:00:05.385780,Tanh,12,19,0.07426415653545165,1,80,0.4788452466727897,1.4475356160702525e-05,COMPLETE
107,0.1145099624991417,2023-09-02 12:35:38.305845,2023-09-02 12:35:43.195219,0 days 00:00:04.889374,Tanh,12,21,0.023918798480268285,1,80,0.42542201042255556,1.1255088495487503e-05,COMPLETE
108,0.11251367628574371,2023-09-02 12:35:43.195470,2023-09-02 12:35:47.652135,0 days 00:00:04.456665,Tanh,12,15,0.01148101084968518,1,80,0.3929787926718466,1.028281418462131e-05,COMPLETE
109,0.10663203150033951,2023-09-02 12:35:47.652391,2023-09-02 12:35:50.658185,0 days 00:00:03.005794,Tanh,30,18,0.03371547126869723,1,80,0.5684872868144991,2.2439868208983944e-05,COMPLETE
110,0.10257140547037125,2023-09-02 12:35:50.658436,2023-09-02 12:35:53.604422,0 days 00:00:02.945986,Tanh,30,18,0.019143138412663036,1,80,0.5523092323838178,2.2289361893715356e-05,COMPLETE
111,0.10136570781469345,2023-09-02 12:35:53.604670,2023-09-02 12:35:56.576539,0 days 00:00:02.971869,Tanh,30,18,0.033608068128066014,1,80,0.5608102595110518,2.2336297850362122e-05,COMPLETE
112,0.10583892464637756,2023-09-02 12:35:56.576794,2023-09-02 12:35:59.552068,0 days 00:00:02.975274,Tanh,30,18,0.03642531498034493,1,80,0.5618174390300856,2.332259782075646e-05,COMPLETE
113,0.10790270566940308,2023-09-02 12:35:59.552316,2023-09-02 12:36:02.449082,0 days 00:00:02.896766,Tanh,30,18,0.03330622257094799,1,80,0.5453074219738776,2.237209314108274e-05,COMPLETE
114,0.10751814395189285,2023-09-02 12:36:02.449330,2023-09-02 12:36:05.256969,0 days 00:00:02.807639,Tanh,30,18,0.052248733323481344,1,80,0.5284186641398366,1.6378086812902758e-05,COMPLETE
115,0.10265243798494339,2023-09-02 12:36:05.257227,2023-09-02 12:36:08.194708,0 days 00:00:02.937481,Tanh,30,17,0.03521498071599405,1,80,0.5535023163993436,1.9881802707107494e-05,COMPLETE
116,0.10674518346786499,2023-09-02 12:36:08.194967,2023-09-02 12:36:11.220132,0 days 00:00:03.025165,Tanh,30,17,0.05991905380437439,1,80,0.5697036343717867,2.6949050582170247e-05,COMPLETE
117,0.10441622883081436,2023-09-02 12:36:11.220391,2023-09-02 12:36:13.866211,0 days 00:00:02.645820,Tanh,30,20,0.040086998322814545,1,80,0.49418014057369747,1.5134096600060241e-05,COMPLETE
118,0.10986419022083282,2023-09-02 12:36:13.866470,2023-09-02 12:36:16.508198,0 days 00:00:02.641728,Tanh,30,19,0.04433367774324475,1,80,0.49525826037918996,1.5711307765493445e-05,COMPLETE
119,0.11317193508148193,2023-09-02 12:36:16.508452,2023-09-02 12:36:19.009117,0 days 00:00:02.500665,Tanh,30,20,0.03889554958425175,1,80,0.4677175358016788,1.902069652695246e-05,COMPLETE
120,0.10350596904754639,2023-09-02 12:36:19.009371,2023-09-02 12:36:21.914601,0 days 00:00:02.905230,Tanh,30,17,0.027645110307495162,1,80,0.5444673160735997,1.3552213481219134e-05,COMPLETE
121,0.10769542306661606,2023-09-02 12:36:21.914859,2023-09-02 12:36:24.676736,0 days 00:00:02.761877,Tanh,30,17,0.026624399227486092,1,80,0.5192109363905678,1.4091800116869277e-05,COMPLETE
122,0.10762515664100647,2023-09-02 12:36:24.676994,2023-09-02 12:36:27.278337,0 days 00:00:02.601343,Tanh,30,18,0.0650346423246774,1,80,0.48855219555143814,1.2266531301382747e-05,COMPLETE
123,0.10517388582229614,2023-09-02 12:36:27.278594,2023-09-02 12:36:30.195750,0 days 00:00:02.917156,Tanh,30,17,0.01976526511961844,1,80,0.5485081716797635,2.014687378761826e-05,COMPLETE
124,0.10775701701641083,2023-09-02 12:36:30.196006,2023-09-02 12:36:33.153747,0 days 00:00:02.957741,Tanh,30,17,0.019790272909065418,1,80,0.5577902058187165,1.0073826488278525e-05,COMPLETE
125,0.11105357110500336,2023-09-02 12:36:33.154021,2023-09-02 12:36:36.017215,0 days 00:00:02.863194,Tanh,30,16,0.025856095150799892,1,80,0.5429999823066557,2.030138350517002e-05,COMPLETE
126,0.10219433158636093,2023-09-02 12:36:36.017477,2023-09-02 12:36:39.260328,0 days 00:00:03.242851,Tanh,30,15,0.01785221448774245,1,80,0.6112465567742478,1.3271574375907392e-05,COMPLETE
127,0.11082971096038818,2023-09-02 12:36:39.260584,2023-09-02 12:36:42.537547,0 days 00:00:03.276963,Tanh,30,15,0.01877551161136564,1,80,0.6165627962594673,1.3695374484380644e-05,COMPLETE
128,0.1005416214466095,2023-09-02 12:36:42.537803,2023-09-02 12:36:45.704129,0 days 00:00:03.166326,Tanh,30,16,0.015737910254580514,1,80,0.6010390126646088,1.196361511939412e-05,COMPLETE
129,0.10904330015182495,2023-09-02 12:36:45.704384,2023-09-02 12:36:48.898415,0 days 00:00:03.194031,Tanh,30,14,0.016149677665622062,1,80,0.6013617811702977,1.8141938426139857e-05,COMPLETE
130,0.10642919689416885,2023-09-02 12:36:48.898670,2023-09-02 12:36:51.682331,0 days 00:00:02.783661,Tanh,30,16,0.02156409437858801,1,80,0.5237339326616733,1.2389943058938046e-05,COMPLETE
131,0.11316268146038055,2023-09-02 12:36:51.682584,2023-09-02 12:36:55.046733,0 days 00:00:03.364149,Tanh,30,17,0.030851000365496737,1,80,0.6316670661789711,1.0244102733453899e-05,COMPLETE
132,0.10651412606239319,2023-09-02 12:36:55.046987,2023-09-02 12:36:58.193432,0 days 00:00:03.146445,Tanh,30,16,0.010982881756902716,1,80,0.592822649746945,1.463844723165691e-05,COMPLETE
133,0.10631392151117325,2023-09-02 12:36:58.193686,2023-09-02 12:37:00.890891,0 days 00:00:02.697205,Tanh,30,15,0.013415541592763364,1,80,0.5070078199112455,1.838096031215372e-05,COMPLETE
134,0.11122894287109375,2023-09-02 12:37:00.891141,2023-09-02 12:37:03.726730,0 days 00:00:02.835589,Tanh,30,16,0.018583561030030633,1,80,0.537568414245119,2.57772197550972e-05,COMPLETE
135,0.10664698481559753,2023-09-02 12:37:03.726979,2023-09-02 12:37:07.210088,0 days 00:00:03.483109,Leaky,30,15,0.023141961647504684,1,80,0.6619796806107308,1.1774627040736997e-05,COMPLETE
136,0.11013679951429367,2023-09-02 12:37:07.210339,2023-09-02 12:37:14.877489,0 days 00:00:07.667150,Tanh,10,17,0.01602153097250738,1,80,0.5811738724031035,1.6052275647597366e-05,COMPLETE
137,0.10579555481672287,2023-09-02 12:37:14.877749,2023-09-02 12:37:16.693122,0 days 00:00:01.815373,Tanh,30,13,0.011980324818076378,1,60,0.45506178348175713,2.09342385137774e-05,COMPLETE
138,0.11113997548818588,2023-09-02 12:37:16.693372,2023-09-02 12:37:18.538590,0 days 00:00:01.845218,Tanh,30,13,0.02967374033983486,1,60,0.4612834181753718,1.3630956344881979e-05,COMPLETE
139,0.10211597383022308,2023-09-02 12:37:18.538852,2023-09-02 12:37:20.583272,0 days 00:00:02.044420,Tanh,30,14,0.011665433647350171,1,60,0.5112310781575717,2.1369839349309415e-05,COMPLETE
140,0.11055300384759903,2023-09-02 12:37:20.583533,2023-09-02 12:37:22.608841,0 days 00:00:02.025308,Tanh,30,14,0.02110918490658245,1,60,0.5035580367323085,3.2666076830882695e-05,COMPLETE
141,0.10453025996685028,2023-09-02 12:37:22.609086,2023-09-02 12:37:24.778517,0 days 00:00:02.169431,Tanh,30,14,0.01093896137517257,1,60,0.5438558685843565,1.9916966361496846e-05,COMPLETE
142,0.10934854298830032,2023-09-02 12:37:24.778771,2023-09-02 12:37:26.921011,0 days 00:00:02.142240,Tanh,30,14,0.01597947936621849,1,60,0.5391080589222942,1.666628991668339e-05,COMPLETE
143,0.10429364442825317,2023-09-02 12:37:26.921288,2023-09-02 12:37:29.384127,0 days 00:00:02.462839,Tanh,30,15,0.009778176696625984,1,60,0.6160713746459734,1.0198502522679134e-05,COMPLETE
144,0.10983636230230331,2023-09-02 12:37:29.384375,2023-09-02 12:37:31.992957,0 days 00:00:02.608582,Tanh,30,15,0.007329136144330827,1,60,0.6542154299723669,2.459858413874916e-05,COMPLETE
145,0.11289499700069427,2023-09-02 12:37:31.993218,2023-09-02 12:37:34.444785,0 days 00:00:02.451567,Tanh,30,14,0.010947656329643035,1,60,0.6133306266124551,1.2624363924675339e-05,COMPLETE
146,0.11026282608509064,2023-09-02 12:37:34.445050,2023-09-02 12:37:36.684854,0 days 00:00:02.239804,Tanh,30,16,0.012751117417169382,1,60,0.5589468647370103,1.9909385731127407e-05,COMPLETE
147,0.10218224674463272,2023-09-02 12:37:36.685140,2023-09-02 12:37:39.066299,0 days 00:00:02.381159,Tanh,30,15,0.009290549968763431,1,60,0.595445687317347,1.4955212052960726e-05,COMPLETE
148,0.10594554245471954,2023-09-02 12:37:39.066565,2023-09-02 12:37:41.581577,0 days 00:00:02.515012,Tanh,30,15,0.009414326825182383,1,60,0.6296362382169386,2.631750110122768e-05,COMPLETE
149,0.1038525179028511,2023-09-02 12:37:41.581840,2023-09-02 12:37:43.932069,0 days 00:00:02.350229,Tanh,30,16,0.009820501660381004,1,60,0.5883960420981873,1.6995883812296615e-05,COMPLETE
150,0.11139708012342453,2023-09-02 12:37:43.932325,2023-09-02 12:37:46.312265,0 days 00:00:02.379940,Tanh,30,16,0.013177557647611625,1,60,0.597264907704678,1.546205803705518e-05,COMPLETE
151,0.11066669970750809,2023-09-02 12:37:46.312524,2023-09-02 12:37:48.643199,0 days 00:00:02.330675,Tanh,30,15,0.007176944266120743,1,60,0.5828344321336894,1.8561183671358657e-05,COMPLETE
152,0.10761537402868271,2023-09-02 12:37:48.643461,2023-09-02 12:37:51.299664,0 days 00:00:02.656203,Tanh,30,17,0.008571688907346052,1,60,0.6637828897033714,3.3173193190162424e-05,COMPLETE
153,0.10352851450443268,2023-09-02 12:37:51.299921,2023-09-02 12:37:53.795796,0 days 00:00:02.495875,Tanh,30,16,0.01086755249380867,1,60,0.6234708395343299,1.3882536029291502e-05,COMPLETE
154,0.11217697709798813,2023-09-02 12:37:53.796056,2023-09-02 12:38:08.609479,0 days 00:00:14.813423,Tanh,4,16,0.010233895453895909,1,60,0.6342199872562259,1.3536369526329441e-05,COMPLETE
155,0.10267463326454163,2023-09-02 12:38:08.609742,2023-09-02 12:38:11.039963,0 days 00:00:02.430221,Tanh,30,15,0.005893229710040038,1,60,0.6077745845850426,1.5138511926585058e-05,COMPLETE
156,0.11041346937417984,2023-09-02 12:38:11.040216,2023-09-02 12:38:13.469792,0 days 00:00:02.429576,Leaky,30,15,0.008284921318833328,1,60,0.6087315115988765,1.4730511955018387e-05,COMPLETE
157,0.10365615785121918,2023-09-02 12:38:13.470054,2023-09-02 12:38:15.770516,0 days 00:00:02.300462,Tanh,30,15,0.006332059020503323,1,60,0.5753625838557136,1.2110952507377957e-05,COMPLETE
158,0.11588609963655472,2023-09-02 12:38:15.770771,2023-09-02 12:38:18.460266,0 days 00:00:02.689495,Tanh,30,15,0.005831578405722158,1,60,0.6770636599771989,1.1501787755747443e-05,COMPLETE
159,0.11576095968484879,2023-09-02 12:38:18.460530,2023-09-02 12:38:20.766365,0 days 00:00:02.305835,Tanh,30,16,0.004383531997914086,1,60,0.577683734517721,0.00022905200874715243,COMPLETE
160,0.10592381656169891,2023-09-02 12:38:20.766617,2023-09-02 12:38:23.304789,0 days 00:00:02.538172,Tanh,30,15,0.006189021204450991,1,60,0.6350847305070576,1.248131963813814e-05,COMPLETE
161,0.11366751790046692,2023-09-02 12:38:23.305048,2023-09-02 12:38:25.569656,0 days 00:00:02.264608,Tanh,30,14,0.009553895072987978,1,60,0.5660923130240558,1.6009809542151364e-05,COMPLETE
162,0.10441536456346512,2023-09-02 12:38:25.569905,2023-09-02 12:38:27.957619,0 days 00:00:02.387714,Tanh,30,16,0.007603962368935142,1,60,0.5999049812224129,1.0075142156086711e-05,COMPLETE
163,0.10366487503051758,2023-09-02 12:38:27.957868,2023-09-02 12:38:30.344292,0 days 00:00:02.386424,Tanh,30,16,0.005247693053725671,1,60,0.5997027905456009,1.0160382666245944e-05,COMPLETE
164,0.10315536707639694,2023-09-02 12:38:30.344546,2023-09-02 12:38:32.795139,0 days 00:00:02.450593,Tanh,30,16,0.007765220703253513,1,60,0.6162217602100124,1.09716180106305e-05,COMPLETE
165,0.10841891169548035,2023-09-02 12:38:32.795389,2023-09-02 12:38:35.271132,0 days 00:00:02.475743,Tanh,30,16,0.005155120402325608,1,60,0.620409155957007,1.2460606085711915e-05,COMPLETE
166,0.11159243434667587,2023-09-02 12:38:35.271389,2023-09-02 12:38:37.847389,0 days 00:00:02.576000,Tanh,30,15,0.0067491014805709185,1,60,0.647556279537772,0.00033531432208649606,COMPLETE
167,0.11309356242418289,2023-09-02 12:38:37.847645,2023-09-02 12:38:40.586129,0 days 00:00:02.738484,Tanh,30,17,0.00393971658686849,1,60,0.6866888740499829,1.2116317888202924e-05,COMPLETE
168,0.10983290523290634,2023-09-02 12:38:40.586386,2023-09-02 12:38:42.940922,0 days 00:00:02.354536,Tanh,30,17,0.0054525833020122065,1,60,0.5894513950592187,1.0087576960458376e-05,COMPLETE
169,0.1063043549656868,2023-09-02 12:38:42.941177,2023-09-02 12:38:45.359577,0 days 00:00:02.418400,Tanh,30,16,0.014933866401109379,1,60,0.6083912754082645,1.6893075832588438e-05,COMPLETE
170,0.11007093638181686,2023-09-02 12:38:45.359834,2023-09-02 12:38:47.636061,0 days 00:00:02.276227,Tanh,30,15,0.008035107443970376,1,60,0.5696800390238296,1.3924330272115142e-05,COMPLETE
171,0.10694058239459991,2023-09-02 12:38:47.636321,2023-09-02 12:38:50.041598,0 days 00:00:02.405277,Tanh,30,16,0.0073307328112669455,1,60,0.6022924675073049,1.0393614369628968e-05,COMPLETE
172,0.11405092477798462,2023-09-02 12:38:50.041854,2023-09-02 12:38:52.673878,0 days 00:00:02.632024,Tanh,30,16,0.010029879586022422,1,60,0.6599102802886316,1.0297805976121277e-05,COMPLETE
173,0.10730388760566711,2023-09-02 12:38:52.674139,2023-09-02 12:38:54.779196,0 days 00:00:02.105057,Tanh,30,17,0.006641389785338566,1,60,0.5222704675671597,1.0012188263833491e-05,COMPLETE
174,0.10914844274520874,2023-09-02 12:38:54.779454,2023-09-02 12:38:57.268649,0 days 00:00:02.489195,Tanh,30,16,0.012179429978293087,1,60,0.6229475447853836,1.2647558782489884e-05,COMPLETE
175,0.10656961053609848,2023-09-02 12:38:57.268901,2023-09-02 12:38:59.640234,0 days 00:00:02.371333,Tanh,30,18,0.00836728119269466,1,60,0.5903582514960618,1.4154613713920736e-05,COMPLETE
176,0.11367359012365341,2023-09-02 12:38:59.640489,2023-09-02 12:39:01.833120,0 days 00:00:02.192631,Tanh,30,15,0.004897890576674624,1,60,0.5491560359348833,1.7535800706805405e-05,COMPLETE
177,0.11373855173587799,2023-09-02 12:39:01.833389,2023-09-02 12:39:04.693875,0 days 00:00:02.860486,Tanh,30,15,0.0031457361149463906,1,60,0.7137311419826301,2.393223242857593e-05,COMPLETE
178,0.11625570058822632,2023-09-02 12:39:04.694132,2023-09-02 12:39:13.515639,0 days 00:00:08.821507,Tanh,4,16,0.01760618240698118,1,40,0.5686491158176026,1.725668819518172e-05,COMPLETE
179,0.11315648257732391,2023-09-02 12:39:13.515905,2023-09-02 12:39:16.098611,0 days 00:00:02.582706,Tanh,30,18,0.014332373440364934,1,60,0.6472490739593989,1.2004315505324993e-05,COMPLETE
180,0.11950916051864624,2023-09-02 12:39:16.098878,2023-09-02 12:39:18.199994,0 days 00:00:02.101116,Leaky,30,17,0.010227566845222849,1,60,0.5264838648632743,0.00069813810495369,COMPLETE
181,0.10508878529071808,2023-09-02 12:39:18.200257,2023-09-02 12:39:20.580160,0 days 00:00:02.379903,Tanh,30,16,0.025455354176984,1,60,0.5968305362939904,1.4568569550162753e-05,COMPLETE
182,0.11553548276424408,2023-09-02 12:39:20.580422,2023-09-02 12:39:22.802516,0 days 00:00:02.222094,Tanh,30,15,0.0024704667847551634,1,60,0.5554017735178258,1.4572702718521313e-05,COMPLETE
183,0.10295600444078445,2023-09-02 12:39:22.802791,2023-09-02 12:39:24.875761,0 days 00:00:02.072970,Tanh,30,14,0.007840939306659515,1,60,0.5192804060710979,2.1339695869354987e-05,COMPLETE
184,0.11596202850341797,2023-09-02 12:39:24.876049,2023-09-02 12:39:27.204817,0 days 00:00:02.328768,Tanh,30,14,0.007430301346572261,1,60,0.5846329370516108,2.001448073067785e-05,COMPLETE
185,0.10760965198278427,2023-09-02 12:39:27.205074,2023-09-02 12:39:29.685633,0 days 00:00:02.480559,Tanh,30,14,0.012248459841014223,1,60,0.6240442026132669,2.2465937773325064e-05,COMPLETE
186,0.1056659072637558,2023-09-02 12:39:29.685889,2023-09-02 12:39:31.794015,0 days 00:00:02.108126,Tanh,30,16,0.005821076489511898,1,60,0.5252667148886264,1.1912871501778884e-05,COMPLETE
187,0.1113983616232872,2023-09-02 12:39:31.794277,2023-09-02 12:39:34.055476,0 days 00:00:02.261199,Tanh,30,15,0.009674455589841962,1,60,0.5668986982798135,0.00011790767565494562,COMPLETE
188,0.10478522628545761,2023-09-02 12:39:34.055736,2023-09-02 12:39:36.484824,0 days 00:00:02.429088,Tanh,30,17,0.007855215737570817,1,60,0.6062025985135514,1.7292988312373743e-05,COMPLETE
189,0.11248520761728287,2023-09-02 12:39:36.485088,2023-09-02 12:39:37.860702,0 days 00:00:01.375614,Tanh,30,15,0.016776000063609058,1,40,0.5122007223483465,2.7669768842655904e-05,COMPLETE
190,0.10668659210205078,2023-09-02 12:39:37.860969,2023-09-02 12:39:40.038260,0 days 00:00:02.177291,Tanh,30,16,0.004479628144465263,1,60,0.5435967793822807,1.2115429153004263e-05,COMPLETE
191,0.11102161556482315,2023-09-02 12:39:40.038528,2023-09-02 12:39:41.995543,0 days 00:00:01.957015,Tanh,30,15,0.03534969817753897,1,60,0.4872805755431495,1.486974990496084e-05,COMPLETE
192,0.10061225295066833,2023-09-02 12:39:41.995806,2023-09-02 12:39:44.021793,0 days 00:00:02.025987,Tanh,30,18,0.006479885930463251,1,60,0.5031928776888607,1.668497575170283e-05,COMPLETE
193,0.09916045516729355,2023-09-02 12:39:44.022058,2023-09-02 12:39:46.328946,0 days 00:00:02.306888,Tanh,30,18,0.00584032112873896,1,60,0.5735109440931516,1.9130890288777993e-05,COMPLETE
194,0.11478643864393234,2023-09-02 12:39:46.329239,2023-09-02 12:39:48.495649,0 days 00:00:02.166410,Tanh,30,18,0.006826367728968695,1,60,0.5370570665957062,2.0395659453937716e-05,COMPLETE
195,0.10860782861709595,2023-09-02 12:39:48.495917,2023-09-02 12:39:50.789406,0 days 00:00:02.293489,Tanh,30,18,0.0053784520229262205,1,60,0.5690253749917769,2.3018711520884917e-05,COMPLETE
196,0.11937259137630463,2023-09-02 12:39:50.789673,2023-09-02 12:39:52.838481,0 days 00:00:02.048808,Tanh,30,18,0.001430379823168331,1,60,0.5098234342965939,1.799811874388291e-05,COMPLETE
197,0.1027805432677269,2023-09-02 12:39:52.838754,2023-09-02 12:39:55.371032,0 days 00:00:02.532278,Tanh,30,17,0.003977231380687305,1,60,0.6325946980095917,3.0047053171251075e-05,COMPLETE
198,0.11092539876699448,2023-09-02 12:39:55.371289,2023-09-02 12:39:58.037462,0 days 00:00:02.666173,Tanh,30,17,0.0038318009898444323,1,60,0.6633201736774844,3.0154846146977974e-05,COMPLETE
199,0.1372036337852478,2023-09-02 12:39:58.037731,2023-09-02 12:40:00.268948,0 days 00:00:02.231217,Tanh,30,17,0.004718433760057598,1,60,0.5546605956111812,0.004304809704966306,COMPLETE
200,0.11152315884828568,2023-09-02 12:40:00.269205,2023-09-02 12:40:02.860401,0 days 00:00:02.591196,Tanh,30,19,0.006495332255706466,1,60,0.6445959516838337,2.188186570435882e-05,COMPLETE
201,0.10676837712526321,2023-09-02 12:40:02.860672,2023-09-02 12:40:05.371973,0 days 00:00:02.511301,Tanh,30,18,0.0058726267956276815,1,60,0.6263669857299102,1.6089538466397896e-05,COMPLETE
202,0.10819528251886368,2023-09-02 12:40:05.372231,2023-09-02 12:40:07.746849,0 days 00:00:02.374618,Tanh,30,17,0.01172502778484757,1,60,0.5937818099140838,2.5656405468708555e-05,COMPLETE
203,0.11124976724386215,2023-09-02 12:40:07.747108,2023-09-02 12:40:10.072005,0 days 00:00:02.324897,Tanh,30,18,0.008831267601061754,1,60,0.5771958657045344,1.387413264305671e-05,COMPLETE
204,0.1133989691734314,2023-09-02 12:40:10.072267,2023-09-02 12:40:12.185060,0 days 00:00:02.112793,Tanh,30,14,0.013755034385740116,1,60,0.5310674665260925,1.7892595626515202e-05,COMPLETE
205,0.10638295859098434,2023-09-02 12:40:12.185323,2023-09-02 12:40:14.664401,0 days 00:00:02.479078,Tanh,30,16,0.009251585159845177,1,60,0.6199224637434669,1.3369398690508717e-05,COMPLETE
206,0.10911258310079575,2023-09-02 12:40:14.664658,2023-09-02 12:40:17.374857,0 days 00:00:02.710199,Tanh,30,17,0.0031868138457545737,1,60,0.680175616534858,3.5455771261597805e-05,COMPLETE
207,0.10551813244819641,2023-09-02 12:40:17.375124,2023-09-02 12:40:19.382484,0 days 00:00:02.007360,Tanh,30,15,0.004172423769165364,1,60,0.5027154682265567,1.948820083742335e-05,COMPLETE
208,0.11883145570755005,2023-09-02 12:40:19.382750,2023-09-02 12:40:32.742484,0 days 00:00:13.359734,Tanh,4,14,0.0005235323290137864,1,60,0.5754483530131731,1.180791304190793e-05,COMPLETE
209,0.10846731811761856,2023-09-02 12:40:32.742794,2023-09-02 12:40:34.947817,0 days 00:00:02.205023,Tanh,30,19,0.006160999816374181,1,60,0.5504421973454646,1.5813035532378478e-05,COMPLETE
210,0.11865650117397308,2023-09-02 12:40:34.948075,2023-09-02 12:40:36.652972,0 days 00:00:01.704897,Tanh,30,13,0.010909682942922957,1,40,0.6441352093487618,0.00014900100874602125,COMPLETE
211,0.11029474437236786,2023-09-02 12:40:36.653233,2023-09-02 12:40:39.047339,0 days 00:00:02.394106,Tanh,30,16,0.007627085459098251,1,60,0.6015738625564191,1.0757943889081579e-05,COMPLETE
212,0.10993442684412003,2023-09-02 12:40:39.047599,2023-09-02 12:40:41.462992,0 days 00:00:02.415393,Tanh,30,16,0.008250126047846099,1,60,0.605006205990808,1.013846705840942e-05,COMPLETE
213,0.11838630586862564,2023-09-02 12:40:41.463251,2023-09-02 12:40:43.795081,0 days 00:00:02.331830,Tanh,30,17,0.005170300362785154,1,60,0.5845823750900222,1.336210534318636e-05,COMPLETE
214,0.10375330597162247,2023-09-02 12:40:43.795340,2023-09-02 12:40:46.280780,0 days 00:00:02.485440,Tanh,30,15,0.006509085169839799,1,60,0.6231426807375656,1.1861422383295602e-05,COMPLETE
215,0.10015109181404114,2023-09-02 12:40:46.281039,2023-09-02 12:40:48.765810,0 days 00:00:02.484771,Tanh,30,15,0.018887577677359695,1,60,0.623022253805917,1.6180253408895194e-05,COMPLETE
216,0.1157136932015419,2023-09-02 12:40:48.766072,2023-09-02 12:40:50.964313,0 days 00:00:02.198241,Leaky,30,15,0.02007409338243401,1,60,0.5561084924458599,0.00018388923767886133,COMPLETE
217,0.10835468024015427,2023-09-02 12:40:50.964569,2023-09-02 12:41:00.611461,0 days 00:00:09.646892,Tanh,10,14,0.02680043749045274,1,80,0.7375062276425528,2.2972291572854493e-05,COMPLETE
218,0.107650525867939,2023-09-02 12:41:00.611722,2023-09-02 12:41:03.303813,0 days 00:00:02.692091,Tanh,30,18,0.01644825787831893,1,60,0.674482210007971,1.7281269724701805e-05,COMPLETE
219,0.10427295416593552,2023-09-02 12:41:03.304079,2023-09-02 12:41:05.846847,0 days 00:00:02.542768,Tanh,30,15,0.023644021958195517,1,60,0.6397152673348501,2.8376328631266836e-05,COMPLETE
220,0.10412009060382843,2023-09-02 12:41:05.847116,2023-09-02 12:41:08.632374,0 days 00:00:02.785258,Tanh,30,16,0.01443122982965082,1,80,0.5250430953042642,1.5549779823266257e-05,COMPLETE
221,0.10625594854354858,2023-09-02 12:41:08.632639,2023-09-02 12:41:11.370869,0 days 00:00:02.738230,Tanh,30,16,0.014706423426732179,1,80,0.5153199273232641,1.512590341322775e-05,COMPLETE
222,0.10739695280790329,2023-09-02 12:41:11.371122,2023-09-02 12:41:14.217555,0 days 00:00:02.846433,Tanh,30,17,0.020136618826698753,1,80,0.5332168324037929,1.990334568606556e-05,COMPLETE
223,0.10313095152378082,2023-09-02 12:41:14.217820,2023-09-02 12:41:17.277469,0 days 00:00:03.059649,Tanh,30,16,0.01809684150529859,1,80,0.5775125767269572,1.3607324509871989e-05,COMPLETE
224,0.11175621300935745,2023-09-02 12:41:17.277730,2023-09-02 12:41:20.366385,0 days 00:00:03.088655,Tanh,30,15,0.017968029518591697,1,80,0.5804734318603778,1.306643494849532e-05,COMPLETE
225,0.17719583213329315,2023-09-02 12:41:20.366647,2023-09-02 12:41:23.406649,0 days 00:00:03.040002,Tanh,30,17,0.027845557574539877,1,80,0.5725389815490596,0.019150771910820732,COMPLETE
226,0.09931695461273193,2023-09-02 12:41:23.406900,2023-09-02 12:41:25.862686,0 days 00:00:02.455786,Tanh,30,16,0.006359555909508309,1,60,0.6166137493569845,1.842195318826075e-05,COMPLETE
227,0.10320388525724411,2023-09-02 12:41:25.862958,2023-09-02 12:41:28.325688,0 days 00:00:02.462730,Tanh,30,18,0.005025845325535458,1,60,0.6173213225610192,2.2090056531751696e-05,COMPLETE
228,0.1117708757519722,2023-09-02 12:41:28.325943,2023-09-02 12:42:01.695520,0 days 00:00:33.369577,Tanh,2,18,0.004141784034776958,1,80,0.5541440061768919,2.4762366914141066e-05,COMPLETE
229,0.10941191017627716,2023-09-02 12:42:01.695791,2023-09-02 12:42:04.305819,0 days 00:00:02.610028,Tanh,30,18,0.0047757273764680395,1,60,0.6554994968278971,2.1125700358198348e-05,COMPLETE
230,0.11113301664590836,2023-09-02 12:42:04.306085,2023-09-02 12:42:06.790778,0 days 00:00:02.484693,Tanh,16,19,0.005165411899212024,1,80,0.2777838665816724,2.8794555800653554e-05,COMPLETE
231,0.10299188643693924,2023-09-02 12:42:06.791071,2023-09-02 12:42:09.305702,0 days 00:00:02.514631,Tanh,30,15,0.0059706930873431475,1,60,0.6311041759950572,1.2614232173490079e-05,COMPLETE
232,0.10410469025373459,2023-09-02 12:42:09.305972,2023-09-02 12:42:11.802817,0 days 00:00:02.496845,Tanh,30,19,0.006091136077064753,1,60,0.6229259280312077,1.866359798342424e-05,COMPLETE
233,0.10806670784950256,2023-09-02 12:42:11.803080,2023-09-02 12:42:14.212408,0 days 00:00:02.409328,Tanh,30,18,0.005064895895444882,1,60,0.5995479573669433,5.5786690052290005e-05,COMPLETE
234,0.10606120526790619,2023-09-02 12:42:14.212675,2023-09-02 12:42:17.015027,0 days 00:00:02.802352,Tanh,30,17,0.003957117470942706,1,60,0.6995474359303634,1.40042025354308e-05,COMPLETE
235,0.24620592594146729,2023-09-02 12:42:17.015290,2023-09-02 12:42:19.537006,0 days 00:00:02.521716,Tanh,30,14,1.3038249492449164e-05,1,60,0.6351450950541303,1.6102169361847506e-05,COMPLETE
236,0.10828965902328491,2023-09-02 12:42:19.537272,2023-09-02 12:42:21.969979,0 days 00:00:02.432707,Tanh,30,16,0.006808048573343476,1,60,0.6099779741857201,2.183592578030717e-05,COMPLETE
237,0.12443375587463379,2023-09-02 12:42:21.970243,2023-09-02 12:42:22.961175,0 days 00:00:00.990932,Tanh,30,17,0.005723946336518964,1,60,0.23945862690663575,0.00029887682235224506,COMPLETE
238,0.12565699219703674,2023-09-02 12:42:22.961435,2023-09-02 12:42:25.916661,0 days 00:00:02.955226,Tanh,30,3,0.023509016507242818,1,80,0.5668435111880814,0.00010195399597805313,COMPLETE
239,0.10620366036891937,2023-09-02 12:42:25.916944,2023-09-02 12:42:28.578566,0 days 00:00:02.661622,Tanh,30,15,0.031284655043276925,1,60,0.6673751595791907,1.2820213364795749e-05,COMPLETE
240,0.11170843988656998,2023-09-02 12:42:28.578831,2023-09-02 12:42:30.756967,0 days 00:00:02.178136,Tanh,30,16,0.003177322594877664,1,60,0.5445510701575458,1.8409921596219944e-05,COMPLETE
241,0.11115623265504837,2023-09-02 12:42:30.757232,2023-09-02 12:42:33.261730,0 days 00:00:02.504498,Tanh,30,15,0.007045561695788551,1,60,0.626886761495947,1.2464535944843243e-05,COMPLETE
242,0.10736528784036636,2023-09-02 12:42:33.261997,2023-09-02 12:42:35.711225,0 days 00:00:02.449228,Tanh,30,15,0.006454031235593801,1,60,0.612413661713751,1.2404696808721858e-05,COMPLETE
243,0.10833194106817245,2023-09-02 12:42:35.711496,2023-09-02 12:42:38.270486,0 days 00:00:02.558990,Tanh,30,15,0.008255121197340667,1,60,0.642040763984207,8.165518058173373e-05,COMPLETE
244,0.11402726173400879,2023-09-02 12:42:38.270794,2023-09-02 12:42:40.555914,0 days 00:00:02.285120,Tanh,30,6,0.017950564968874195,1,60,0.5802297756624264,1.4553388091170504e-05,COMPLETE
245,0.10774533450603485,2023-09-02 12:42:40.556181,2023-09-02 12:42:42.964689,0 days 00:00:02.408508,Tanh,30,14,0.005533682920036728,1,60,0.6040228770699605,1.1852187053484189e-05,COMPLETE
246,0.12142692506313324,2023-09-02 12:42:42.964955,2023-09-02 12:42:44.903041,0 days 00:00:01.938086,Tanh,30,16,0.004539169372487417,1,60,0.4836368338719467,0.00047125118517413515,COMPLETE
247,0.11934386938810349,2023-09-02 12:42:44.903307,2023-09-02 12:42:45.955797,0 days 00:00:01.052490,Tanh,30,15,0.011918383882779543,1,80,0.19090609759646973,1.6574990356631248e-05,COMPLETE
248,0.10282444953918457,2023-09-02 12:42:45.956063,2023-09-02 12:42:48.316914,0 days 00:00:02.360851,Tanh,30,18,0.0068509558992623865,1,60,0.5888264981915607,2.5341267499077326e-05,COMPLETE
249,0.10508451610803604,2023-09-02 12:42:48.317182,2023-09-02 12:42:49.816759,0 days 00:00:01.499577,Tanh,30,18,0.02187333533795452,1,40,0.5547725394971175,2.4924011257939402e-05,COMPLETE
250,0.10541125386953354,2023-09-02 12:42:49.817036,2023-09-02 12:43:03.370351,0 days 00:00:13.553315,Tanh,4,18,0.00855699040672548,1,60,0.5845631446205025,4.311094241324214e-05,COMPLETE
251,0.10626253485679626,2023-09-02 12:43:03.370618,2023-09-02 12:43:06.075369,0 days 00:00:02.704751,Tanh,30,19,0.0038669228089972412,1,80,0.5038354259828208,3.311857772810777e-05,COMPLETE
252,0.10879652202129364,2023-09-02 12:43:06.075634,2023-09-02 12:43:09.581539,0 days 00:00:03.505905,Tanh,16,17,0.0167573810716561,1,60,0.5285429307394927,2.1325642912886492e-05,COMPLETE
253,0.1135077178478241,2023-09-02 12:43:09.581803,2023-09-02 12:43:11.940067,0 days 00:00:02.358264,Leaky,30,18,0.012982813209125527,1,60,0.5910692044674883,2.6386636394900053e-05,COMPLETE
254,0.10504946857690811,2023-09-02 12:43:11.940336,2023-09-02 12:43:14.944224,0 days 00:00:03.003888,Tanh,30,17,0.007219455157984699,1,80,0.5623632103225668,1.9350797257400044e-05,COMPLETE
255,0.12057673186063766,2023-09-02 12:43:14.944493,2023-09-02 12:43:17.554063,0 days 00:00:02.609570,Tanh,30,16,0.005559900104492124,1,60,0.6583033686159105,0.002078380830636342,COMPLETE
256,0.11950048059225082,2023-09-02 12:43:17.554324,2023-09-02 12:43:22.905994,0 days 00:00:05.351670,Tanh,10,17,0.0318087006221855,1,60,0.5435553653663319,0.0001265497423103264,COMPLETE
257,0.10392347723245621,2023-09-02 12:43:22.906262,2023-09-02 12:43:27.016284,0 days 00:00:04.110022,Tanh,30,19,0.01062775767305953,1,80,0.7715563524951461,1.5632638320250205e-05,COMPLETE
258,0.11354240775108337,2023-09-02 12:43:27.016549,2023-09-02 12:43:28.217670,0 days 00:00:01.201121,Tanh,30,16,0.020175385099581392,1,60,0.2960080232840758,3.8171015539812436e-05,COMPLETE
259,0.11874843388795853,2023-09-02 12:43:28.217936,2023-09-02 12:43:29.093435,0 days 00:00:00.875499,Tanh,30,14,0.04691176872743147,1,60,0.21062274051329635,2.2492150765112807e-05,COMPLETE
260,0.11970110982656479,2023-09-02 12:43:29.093730,2023-09-02 12:43:32.402280,0 days 00:00:03.308550,Sigmoid,30,18,0.0035318499764253517,1,80,0.6201375734332213,1.7993028712250878e-05,COMPLETE
261,0.11404046416282654,2023-09-02 12:43:32.402541,2023-09-02 12:43:33.919677,0 days 00:00:01.517136,Tanh,30,18,0.00778286059024637,1,60,0.373632616427821,1.0010682452972986e-05,COMPLETE
262,0.10954689979553223,2023-09-02 12:43:33.919942,2023-09-02 12:44:00.845458,0 days 00:00:26.925516,Tanh,2,17,0.004894860293096489,1,60,0.5938353179236172,1.4359116820405215e-05,COMPLETE
263,0.1305195838212967,2023-09-02 12:44:00.845734,2023-09-02 12:44:03.168563,0 days 00:00:02.322829,Tanh,30,16,0.0020457959099390325,1,100,0.345823622756634,2.690953670844839e-05,COMPLETE
264,0.1144852265715599,2023-09-02 12:44:03.168821,2023-09-02 12:44:04.876362,0 days 00:00:01.707541,Tanh,30,14,0.024181578232849117,1,80,0.3168754079932447,6.769136936120089e-05,COMPLETE
265,0.14371289312839508,2023-09-02 12:44:04.876632,2023-09-02 12:44:05.652091,0 days 00:00:00.775459,Tanh,16,13,0.006232333973890418,1,60,0.11247118033307806,1.77521096228722e-05,COMPLETE
266,0.11411986500024796,2023-09-02 12:44:05.652356,2023-09-02 12:44:07.656657,0 days 00:00:02.004301,Tanh,30,16,0.002765169657371592,1,60,0.5025166982803594,1.3987418438393117e-05,COMPLETE
267,0.10629479587078094,2023-09-02 12:44:07.656924,2023-09-02 12:44:10.181889,0 days 00:00:02.524965,Tanh,30,19,0.015960026234762913,1,80,0.4739293099195044,0.0002198066906846748,COMPLETE
268,0.11632893234491348,2023-09-02 12:44:10.182154,2023-09-02 12:44:12.905423,0 days 00:00:02.723269,Tanh,30,15,0.0016829222903031388,1,60,0.6856708560495068,1.1842037785792556e-05,COMPLETE
269,0.12851186096668243,2023-09-02 12:44:12.905689,2023-09-02 12:44:15.158998,0 days 00:00:02.253309,Tanh,30,17,0.000845474113582619,1,60,0.5621890724271631,3.0254159492036415e-05,COMPLETE
270,0.09710277616977692,2023-09-02 12:44:15.159307,2023-09-02 12:44:18.558634,0 days 00:00:03.399327,Tanh,30,18,0.009098220545627594,1,80,0.6393895051864894,2.1383278385819193e-05,COMPLETE
271,0.1031707301735878,2023-09-02 12:44:18.558897,2023-09-02 12:44:21.983976,0 days 00:00:03.425079,Tanh,30,18,0.009236333342228014,1,80,0.643742240975436,2.284288479564958e-05,COMPLETE
272,0.10839542746543884,2023-09-02 12:44:21.984239,2023-09-02 12:44:25.352868,0 days 00:00:03.368629,Sigmoid,30,18,0.00982687813628779,1,80,0.6343674120024163,2.1661052182732885e-05,COMPLETE
273,0.09663863480091095,2023-09-02 12:44:25.353135,2023-09-02 12:44:28.894248,0 days 00:00:03.541113,Tanh,30,18,0.012044309116265053,1,80,0.6640237431266126,2.4824563098071513e-05,COMPLETE
274,0.108338363468647,2023-09-02 12:44:28.894520,2023-09-02 12:44:32.571670,0 days 00:00:03.677150,Tanh,30,18,0.012446694938180989,1,80,0.6930897389377146,3.254219528973994e-05,COMPLETE
275,0.10508956015110016,2023-09-02 12:44:32.571965,2023-09-02 12:44:36.087036,0 days 00:00:03.515071,Tanh,30,19,0.013764627506216818,1,80,0.6583549455551924,2.473372518676715e-05,COMPLETE
276,0.11597695201635361,2023-09-02 12:44:36.087296,2023-09-02 12:44:56.777709,0 days 00:00:20.690413,Leaky,4,18,0.010124988199192829,1,80,0.6667462709012779,2.76733850011397e-05,COMPLETE
277,0.09807996451854706,2023-09-02 12:44:56.777992,2023-09-02 12:45:00.223496,0 days 00:00:03.445504,Tanh,30,19,0.008493759791226648,1,80,0.6432951495053943,2.226682483554791e-05,COMPLETE
278,0.10204675048589706,2023-09-02 12:45:00.223772,2023-09-02 12:45:03.664465,0 days 00:00:03.440693,Tanh,30,19,0.008305450467435116,1,80,0.6445814143683878,2.261244932150147e-05,COMPLETE
279,0.1015070304274559,2023-09-02 12:45:03.664738,2023-09-02 12:45:09.690853,0 days 00:00:06.026115,Tanh,16,19,0.00913451574013675,1,80,0.6796807462784101,3.6415305226872514e-05,COMPLETE
280,0.0976075679063797,2023-09-02 12:45:09.691124,2023-09-02 12:45:16.024835,0 days 00:00:06.333711,Tanh,16,20,0.008443443363955897,1,80,0.7157527519793478,4.569999654392993e-05,COMPLETE
281,0.11163541674613953,2023-09-02 12:45:16.025115,2023-09-02 12:45:22.176817,0 days 00:00:06.151702,Tanh,16,20,0.011189535562774747,1,80,0.6968154034804027,3.877572312599262e-05,COMPLETE
282,0.105646513402462,2023-09-02 12:45:22.177127,2023-09-02 12:45:28.469941,0 days 00:00:06.292814,Tanh,16,20,0.009023391277679914,1,80,0.7109612281842537,5.1837863470535475e-05,COMPLETE
283,0.1112595871090889,2023-09-02 12:45:28.470216,2023-09-02 12:45:34.826239,0 days 00:00:06.356023,Tanh,16,19,0.013829941471481411,1,80,0.7206311997029663,3.5120271281246953e-05,COMPLETE
284,0.09899982810020447,2023-09-02 12:45:34.826521,2023-09-02 12:45:41.626589,0 days 00:00:06.800068,Tanh,16,19,0.008584888083939313,1,80,0.7685091009577927,3.14712682928551e-05,COMPLETE
285,0.10316336154937744,2023-09-02 12:45:41.626852,2023-09-02 12:45:48.077857,0 days 00:00:06.451005,ReLU,16,20,0.008209341605137886,1,80,0.7284306373164514,3.6764252685966344e-05,COMPLETE
286,0.10503195226192474,2023-09-02 12:45:48.078126,2023-09-02 12:45:55.088760,0 days 00:00:07.010634,Sigmoid,16,20,0.009127430926508737,1,80,0.7941780162356149,3.354866366415613e-05,COMPLETE
287,0.1092894971370697,2023-09-02 12:45:55.089034,2023-09-02 12:46:01.786177,0 days 00:00:06.697143,Tanh,16,19,0.011790953624206095,1,80,0.7542919164896335,2.9931289784354727e-05,COMPLETE
288,0.10043983161449432,2023-09-02 12:46:01.786439,2023-09-02 12:46:08.438109,0 days 00:00:06.651670,Tanh,16,19,0.007470445018201807,1,80,0.7513974142619347,4.302717488366828e-05,COMPLETE
289,0.1064063087105751,2023-09-02 12:46:08.438412,2023-09-02 12:46:20.782863,0 days 00:00:12.344451,Tanh,8,19,0.00732014350511137,1,80,0.7603972375929389,5.5550436608609355e-05,COMPLETE
290,0.1248890683054924,2023-09-02 12:46:20.783141,2023-09-02 12:46:27.296699,0 days 00:00:06.513558,Tanh,16,19,0.07766848695879613,1,80,0.741436290197962,4.11866909165616e-05,COMPLETE
291,0.09986849129199982,2023-09-02 12:46:27.296968,2023-09-02 12:46:34.067695,0 days 00:00:06.770727,Tanh,16,20,0.007685238933141489,1,80,0.7611300583150014,2.8231863178848495e-05,COMPLETE
292,0.1085873618721962,2023-09-02 12:46:34.067966,2023-09-02 12:46:41.021519,0 days 00:00:06.953553,Tanh,16,20,0.008501135151388438,1,80,0.7840678834208847,4.617047474207545e-05,COMPLETE
293,0.10532651096582413,2023-09-02 12:46:41.021790,2023-09-02 12:46:47.579618,0 days 00:00:06.557828,Tanh,16,20,0.010683375328867501,1,80,0.7386452401550981,2.891638278667725e-05,COMPLETE
294,0.10265301167964935,2023-09-02 12:46:47.579887,2023-09-02 12:46:54.615066,0 days 00:00:07.035179,Tanh,16,21,0.007905324444587254,1,80,0.7948539292368356,4.6260720858962075e-05,COMPLETE
295,0.09848441928625107,2023-09-02 12:46:54.615333,2023-09-02 12:47:01.704609,0 days 00:00:07.089276,Tanh,16,22,0.007452831544329346,1,80,0.797326393416294,4.915684893523884e-05,COMPLETE
296,0.12317152321338654,2023-09-02 12:47:01.704887,2023-09-02 12:47:08.272517,0 days 00:00:06.567630,Tanh,16,22,0.05519582346045587,1,80,0.7486825292783424,5.24250952926554e-05,COMPLETE
297,0.10089464485645294,2023-09-02 12:47:08.272787,2023-09-02 12:47:15.300459,0 days 00:00:07.027672,Tanh,16,20,0.009351769359170764,1,80,0.7946947637839091,4.15247134067122e-05,COMPLETE
298,0.10949044674634933,2023-09-02 12:47:15.300727,2023-09-02 12:47:22.151828,0 days 00:00:06.851101,Tanh,16,21,0.011244352992236443,1,80,0.7798670201236517,4.897390689018511e-05,COMPLETE
299,0.10512688755989075,2023-09-02 12:47:22.152113,2023-09-02 12:47:29.074183,0 days 00:00:06.922070,Sigmoid,16,21,0.009438018275555496,1,80,0.787827010397916,4.30946898634748e-05,COMPLETE
300,0.11214599013328552,2023-09-02 12:47:29.074453,2023-09-02 12:47:35.825410,0 days 00:00:06.750957,Tanh,16,20,0.008380473622499541,1,80,0.7652924679927361,6.647047145275615e-05,COMPLETE
301,0.0983467772603035,2023-09-02 12:47:35.825693,2023-09-02 12:47:42.825815,0 days 00:00:07.000122,Tanh,16,22,0.013890890536623974,1,80,0.7925266067919696,4.316930579145904e-05,COMPLETE
302,0.09313943982124329,2023-09-02 12:47:42.826113,2023-09-02 12:47:49.753061,0 days 00:00:06.926948,Tanh,16,22,0.012467007297075967,1,80,0.7823034529668244,4.318714096225806e-05,COMPLETE
303,0.10806366801261902,2023-09-02 12:47:49.753328,2023-09-02 12:47:56.411841,0 days 00:00:06.658513,Leaky,16,23,0.013994492293137789,1,80,0.7553020310922007,6.0589568607920804e-05,COMPLETE
304,0.08935478329658508,2023-09-02 12:47:56.412106,2023-09-02 12:48:03.483652,0 days 00:00:07.071546,Tanh,16,21,0.013076527848255335,1,80,0.7985996452743718,4.231570259072143e-05,COMPLETE
305,0.10303207486867905,2023-09-02 12:48:03.483915,2023-09-02 12:48:10.496506,0 days 00:00:07.012591,Tanh,16,23,0.01230283024689337,1,80,0.7907611986695317,3.800120816147688e-05,COMPLETE
306,0.09475001692771912,2023-09-02 12:48:10.496773,2023-09-02 12:48:16.856571,0 days 00:00:06.359798,Tanh,16,22,0.015045038357163079,1,80,0.7204843126676342,4.1651587810023026e-05,COMPLETE
307,0.10194437950849533,2023-09-02 12:48:16.856846,2023-09-02 12:48:23.254234,0 days 00:00:06.397388,Tanh,16,22,0.014488788296031478,1,80,0.7224094442515201,4.1865603316797135e-05,COMPLETE
308,0.11213028430938721,2023-09-02 12:48:23.254504,2023-09-02 12:48:29.653743,0 days 00:00:06.399239,Tanh,16,22,0.013246457989874375,1,80,0.7228413454398313,4.6043555815230056e-05,COMPLETE
309,0.11249089241027832,2023-09-02 12:48:29.654017,2023-09-02 12:48:36.103890,0 days 00:00:06.449873,Tanh,16,22,0.011286814170148667,1,80,0.7270011164257536,4.198212899713283e-05,COMPLETE
310,0.1016891598701477,2023-09-02 12:48:36.104157,2023-09-02 12:48:42.804321,0 days 00:00:06.700164,ReLU,16,22,0.015580630771182987,1,80,0.7582628814549206,6.250249144640724e-05,COMPLETE
311,0.09591936320066452,2023-09-02 12:48:42.804592,2023-09-02 12:48:49.556459,0 days 00:00:06.751867,ReLU,16,23,0.015554790932006365,1,80,0.7635516870537836,6.424109075096375e-05,COMPLETE
312,0.11183370649814606,2023-09-02 12:48:49.556729,2023-09-02 12:48:56.276567,0 days 00:00:06.719838,ReLU,16,23,0.016097631492202974,1,80,0.7594628886279529,7.317664732640928e-05,COMPLETE
313,0.10006749629974365,2023-09-02 12:48:56.276835,2023-09-02 12:49:02.590561,0 days 00:00:06.313726,ReLU,16,22,0.014939504431295578,1,80,0.7139616310161572,5.8606734256395764e-05,COMPLETE
314,0.1221461072564125,2023-09-02 12:49:02.590831,2023-09-02 12:49:09.602400,0 days 00:00:07.011569,ReLU,16,22,0.014801375754933623,1,80,0.796411173081249,5.8680719482118855e-05,COMPLETE
315,0.10907427221536636,2023-09-02 12:49:09.602678,2023-09-02 12:49:15.934061,0 days 00:00:06.331383,ReLU,16,22,0.016085528490024356,1,80,0.7168847702842566,4.909424685577842e-05,COMPLETE
316,0.10382125526666641,2023-09-02 12:49:15.934333,2023-09-02 12:49:22.528652,0 days 00:00:06.594319,ReLU,16,24,0.014096788634855683,1,80,0.7480366453683778,5.141329178880606e-05,COMPLETE
317,0.11691362410783768,2023-09-02 12:49:22.528924,2023-09-02 12:49:29.157264,0 days 00:00:06.628340,Sigmoid,16,21,0.001221857107121428,1,80,0.7551232044133764,5.901698023319469e-05,COMPLETE
318,0.10462038964033127,2023-09-02 12:49:29.157535,2023-09-02 12:49:35.427056,0 days 00:00:06.269521,ReLU,16,22,0.012579450714144612,1,80,0.709473025306366,7.665215224066774e-05,COMPLETE
319,0.1205551028251648,2023-09-02 12:49:35.427330,2023-09-02 12:49:42.173453,0 days 00:00:06.746123,ReLU,16,23,0.016023967037959008,1,80,0.7669117695350922,9.417286180073564e-05,COMPLETE
320,0.10184642672538757,2023-09-02 12:49:42.173722,2023-09-02 12:49:48.608663,0 days 00:00:06.434941,Sigmoid,16,23,0.010587956994135292,1,80,0.7297760064468007,4.105116899299316e-05,COMPLETE
321,0.09733951836824417,2023-09-02 12:49:48.608931,2023-09-02 12:49:55.643639,0 days 00:00:07.034708,ReLU,16,23,0.010604256230541833,1,80,0.7946337764225133,3.8392743564862515e-05,COMPLETE
322,0.0976211354136467,2023-09-02 12:49:55.643909,2023-09-02 12:50:02.647162,0 days 00:00:07.003253,ReLU,16,24,0.010318558389409146,1,80,0.7916334570176641,3.668402397709002e-05,COMPLETE
323,0.10397502779960632,2023-09-02 12:50:02.647437,2023-09-02 12:50:09.638760,0 days 00:00:06.991323,ReLU,16,23,0.010259673208207002,1,80,0.7911563545605467,6.684071432832969e-05,COMPLETE
324,0.10477276891469955,2023-09-02 12:50:09.639052,2023-09-02 12:50:16.466673,0 days 00:00:06.827621,ReLU,16,24,0.010686623290767009,1,80,0.771730023144984,3.785742553213953e-05,COMPLETE
325,0.10498075932264328,2023-09-02 12:50:16.466946,2023-09-02 12:50:23.527848,0 days 00:00:07.060902,ReLU,16,21,0.012596045453832598,1,80,0.7981014198905094,5.255754355432386e-05,COMPLETE
326,0.09859603643417358,2023-09-02 12:50:23.528117,2023-09-02 12:50:30.617667,0 days 00:00:07.089550,ReLU,16,24,0.0022722683251803714,1,80,0.7975645929015762,3.8858599682723624e-05,COMPLETE
327,0.09626688063144684,2023-09-02 12:50:30.617938,2023-09-02 12:50:37.716566,0 days 00:00:07.098628,ReLU,16,23,0.009626620675855613,1,80,0.7948609887434686,3.397647568376359e-05,COMPLETE
328,0.10564985871315002,2023-09-02 12:50:37.716844,2023-09-02 12:50:44.794423,0 days 00:00:07.077579,ReLU,16,24,0.0014305849291105525,1,80,0.7956391724674998,3.642306576310122e-05,COMPLETE
329,0.1083735004067421,2023-09-02 12:50:44.794703,2023-09-02 12:50:51.478787,0 days 00:00:06.684084,ReLU,16,24,0.0007240464401599631,1,80,0.7549695879380436,3.373236104777014e-05,COMPLETE
330,0.0999595895409584,2023-09-02 12:50:51.479061,2023-09-02 12:50:58.571987,0 days 00:00:07.092926,ReLU,16,24,0.0017586951220607398,1,80,0.7997874767380472,4.662229706860418e-05,COMPLETE
331,0.10063662379980087,2023-09-02 12:50:58.572263,2023-09-02 12:51:05.607528,0 days 00:00:07.035265,ReLU,16,24,0.006939868530160308,1,80,0.7977672033474852,4.776713095169891e-05,COMPLETE
332,0.09628815948963165,2023-09-02 12:51:05.607805,2023-09-02 12:51:12.188863,0 days 00:00:06.581058,ReLU,16,24,0.0072877290640602005,1,80,0.7423354475508045,4.900801146547522e-05,COMPLETE
333,0.11256840825080872,2023-09-02 12:51:12.189128,2023-09-02 12:51:18.767984,0 days 00:00:06.578856,ReLU,16,24,0.0017274318444273763,1,80,0.7449654485298376,5.133624943434229e-05,COMPLETE
334,0.1006561666727066,2023-09-02 12:51:18.768254,2023-09-02 12:51:25.099661,0 days 00:00:06.331407,ReLU,16,23,0.0020677625908309795,1,80,0.7138360332392462,3.246790586222592e-05,COMPLETE
335,0.10881931334733963,2023-09-02 12:51:25.099935,2023-09-02 12:51:31.843590,0 days 00:00:06.743655,ReLU,16,23,0.0017230626245189986,1,80,0.7613308197458095,5.586037969452925e-05,COMPLETE
336,0.10242721438407898,2023-09-02 12:51:31.843873,2023-09-02 12:51:38.018655,0 days 00:00:06.174782,ReLU,16,23,0.002539890418333468,1,80,0.6967939804176181,8.183994304343758e-05,COMPLETE
337,0.11156915873289108,2023-09-02 12:51:38.018929,2023-09-02 12:51:44.471489,0 days 00:00:06.452560,ReLU,16,24,0.0025559634351242705,1,80,0.7300604525344684,4.47671845265637e-05,COMPLETE
338,0.10148883610963821,2023-09-02 12:51:44.471756,2023-09-02 12:51:51.262313,0 days 00:00:06.790557,ReLU,16,23,0.007047590308847212,1,80,0.7669340549588046,3.495860290138929e-05,COMPLETE
339,0.10176312923431396,2023-09-02 12:51:51.262587,2023-09-02 12:51:57.755415,0 days 00:00:06.492828,ReLU,16,24,0.012127252225198441,1,80,0.7384999364366007,6.408495244890385e-05,COMPLETE
340,0.09120339155197144,2023-09-02 12:51:57.755694,2023-09-02 12:52:04.826549,0 days 00:00:07.070855,ReLU,16,24,0.0011761191934363923,1,80,0.7990282915529963,4.5122665737531975e-05,COMPLETE
341,0.10596925765275955,2023-09-02 12:52:04.826834,2023-09-02 12:52:11.672654,0 days 00:00:06.845820,ReLU,16,24,0.002352226948293214,1,80,0.7726897756915002,4.421248885105395e-05,COMPLETE
342,0.10677136480808258,2023-09-02 12:52:11.672939,2023-09-02 12:52:18.728152,0 days 00:00:07.055213,ReLU,16,23,0.0013603421809868024,1,80,0.7964102530792411,3.8072268270150984e-05,COMPLETE
343,0.10614072531461716,2023-09-02 12:52:18.728426,2023-09-02 12:52:24.949535,0 days 00:00:06.221109,ReLU,16,24,0.0008984173507356561,1,80,0.701393328243489,5.1616790489684495e-05,COMPLETE
344,0.10718764364719391,2023-09-02 12:52:24.949808,2023-09-02 12:52:31.548084,0 days 00:00:06.598276,ReLU,16,22,0.0010279379854555809,1,80,0.7423420775792249,3.2276314702299356e-05,COMPLETE
345,0.10612459480762482,2023-09-02 12:52:31.548360,2023-09-02 12:52:38.362306,0 days 00:00:06.813946,ReLU,16,23,0.0015070274042061872,1,80,0.7671785748163175,4.344722550782384e-05,COMPLETE
346,0.10954467952251434,2023-09-02 12:52:38.362576,2023-09-02 12:52:44.653477,0 days 00:00:06.290901,ReLU,16,24,0.01008309533014485,1,80,0.7142349820541058,5.7201112206140446e-05,COMPLETE
347,0.11204516887664795,2023-09-02 12:52:44.653752,2023-09-02 12:52:51.726957,0 days 00:00:07.073205,ReLU,16,23,0.0017811443383716288,1,80,0.7985752687515331,3.3163162575061514e-05,COMPLETE
348,0.11205429583787918,2023-09-02 12:52:51.727225,2023-09-02 12:52:58.290808,0 days 00:00:06.563583,ReLU,16,21,0.01239816147533383,1,80,0.7426001184410239,7.404879233309519e-05,COMPLETE
349,0.15677569806575775,2023-09-02 12:52:58.291081,2023-09-02 12:53:04.344898,0 days 00:00:06.053817,ReLU,16,22,0.09258746847189825,1,80,0.688191075032062,4.7650093280411254e-05,COMPLETE
350,0.1368422657251358,2023-09-02 12:53:04.345169,2023-09-02 12:53:07.757064,0 days 00:00:03.411895,ReLU,16,24,0.00023593203192446291,1,40,0.7725163849855586,3.9408505194194976e-05,COMPLETE
351,0.10848573595285416,2023-09-02 12:53:07.757342,2023-09-02 12:53:14.241083,0 days 00:00:06.483741,ReLU,16,21,0.0020241839208290048,1,80,0.7308105127813037,2.9328980337913635e-05,COMPLETE
352,0.09486781060695648,2023-09-02 12:53:14.241356,2023-09-02 12:53:21.015291,0 days 00:00:06.773935,ReLU,16,22,0.0031297762241833,1,80,0.7627489329565503,9.558761075816548e-05,COMPLETE
353,0.1182904839515686,2023-09-02 12:53:21.015572,2023-09-02 12:53:28.088053,0 days 00:00:07.072481,ReLU,16,22,0.0027131910504110384,1,80,0.7978635222640605,9.214639032636179e-05,COMPLETE
354,0.10628966987133026,2023-09-02 12:53:28.088329,2023-09-02 12:53:34.847320,0 days 00:00:06.758991,ReLU,16,22,0.0021983404788348563,1,80,0.7623035518710367,6.79429583802314e-05,COMPLETE
355,0.1008806824684143,2023-09-02 12:53:34.847605,2023-09-02 12:53:41.034284,0 days 00:00:06.186679,ReLU,16,23,0.009822533103302937,1,80,0.7013064483683844,5.473276086526376e-05,COMPLETE
356,0.10719339549541473,2023-09-02 12:53:41.034557,2023-09-02 12:53:48.114341,0 days 00:00:07.079784,ReLU,16,24,0.0030400847682798176,1,80,0.799694354248323,4.0805314400944596e-05,COMPLETE
357,0.09637609124183655,2023-09-02 12:53:48.114626,2023-09-02 12:53:54.688999,0 days 00:00:06.574373,ReLU,16,23,0.0011331949682467804,1,80,0.742677965451534,0.00010786890508789564,COMPLETE
358,0.10618320852518082,2023-09-02 12:53:54.689268,2023-09-02 12:54:01.138419,0 days 00:00:06.449151,ReLU,16,23,0.00213016416264938,1,80,0.7264956384514324,8.755667306906852e-05,COMPLETE
359,0.09997014701366425,2023-09-02 12:54:01.138695,2023-09-02 12:54:07.232792,0 days 00:00:06.094097,ReLU,16,22,0.0010324538642974936,1,80,0.685946666834681,0.00011865676204650768,COMPLETE
360,0.10821202397346497,2023-09-02 12:54:07.233061,2023-09-02 12:54:13.376630,0 days 00:00:06.143569,ReLU,16,22,0.0010577115277621515,1,80,0.6928463646877554,0.00010603926723493826,COMPLETE
361,0.10635961592197418,2023-09-02 12:54:13.376903,2023-09-02 12:54:20.166983,0 days 00:00:06.790080,ReLU,16,21,0.0011922925279637174,1,80,0.7630732980926797,7.395561330163117e-05,COMPLETE
362,0.10589610785245895,2023-09-02 12:54:20.167273,2023-09-02 12:54:26.566820,0 days 00:00:06.399547,ReLU,16,23,0.0008682262344799165,1,80,0.7214687092136319,0.00015108604663121265,COMPLETE
363,0.115277960896492,2023-09-02 12:54:26.567100,2023-09-02 12:54:32.617469,0 days 00:00:06.050369,ReLU,16,22,0.0010223119963037538,1,80,0.6810686993754498,0.00011538157845506118,COMPLETE
364,0.11230088770389557,2023-09-02 12:54:32.617744,2023-09-02 12:54:39.409024,0 days 00:00:06.791280,ReLU,16,22,0.0013276054577721107,1,80,0.7665288189191192,0.00011342795743733927,COMPLETE
365,0.10416344553232193,2023-09-02 12:54:39.409330,2023-09-02 12:54:45.955019,0 days 00:00:06.545689,ReLU,16,23,0.0011883529691220107,1,80,0.738160334945533,9.061458307855129e-05,COMPLETE
366,0.10410880297422409,2023-09-02 12:54:45.955298,2023-09-02 12:54:52.208291,0 days 00:00:06.252993,ReLU,16,24,0.001449675360510991,1,80,0.7063154116028899,0.00014484221600325777,COMPLETE
367,0.10459431260824203,2023-09-02 12:54:52.208579,2023-09-02 12:54:59.033462,0 days 00:00:06.824883,ReLU,16,23,0.001673016089996428,1,80,0.7709944824832706,0.00019441642610688512,COMPLETE
368,0.11000367999076843,2023-09-02 12:54:59.033733,2023-09-02 12:55:06.079525,0 days 00:00:07.045792,ReLU,16,21,0.003314681715620984,1,80,0.7971014471559152,0.00012332990143091874,COMPLETE
369,0.11029984802007675,2023-09-02 12:55:06.079799,2023-09-02 12:55:12.600238,0 days 00:00:06.520439,ReLU,16,22,0.0007723345287608065,1,80,0.7361787189219886,6.209650971062291e-05,COMPLETE
370,0.10262202471494675,2023-09-02 12:55:12.600510,2023-09-02 12:55:18.615318,0 days 00:00:06.014808,ReLU,16,23,0.0009611888176455845,1,80,0.6785583558928642,0.00016900480783491915,COMPLETE
371,0.10280288755893707,2023-09-02 12:55:18.615596,2023-09-02 12:55:28.666291,0 days 00:00:10.050695,ReLU,10,24,0.0013576239093647754,1,80,0.7480968132881225,7.212143704990303e-05,COMPLETE
372,0.10260707885026932,2023-09-02 12:55:28.666573,2023-09-02 12:55:35.723583,0 days 00:00:07.057010,ReLU,16,22,0.0011286377129426236,1,80,0.7995158584455936,5.213995531668409e-05,COMPLETE
373,0.09917792677879333,2023-09-02 12:55:35.723897,2023-09-02 12:55:42.007984,0 days 00:00:06.284087,ReLU,16,21,0.001975649670065124,1,80,0.7101525848889716,3.0999405697828406e-05,COMPLETE
374,0.1012028232216835,2023-09-02 12:55:42.008265,2023-09-02 12:56:28.330468,0 days 00:00:46.322203,ReLU,2,21,0.0020350620514559916,1,80,0.7631119256641757,2.9898363805486998e-05,COMPLETE
375,0.1107678934931755,2023-09-02 12:56:28.330742,2023-09-02 12:56:30.040077,0 days 00:00:01.709335,ReLU,16,24,0.0020188749820876538,1,40,0.3831946800308276,3.3791560539328857e-05,COMPLETE
376,0.10635340213775635,2023-09-02 12:56:30.040358,2023-09-02 12:56:36.318484,0 days 00:00:06.278126,ReLU,16,21,0.0006622128780583874,1,80,0.7099134072550564,0.001145870625335175,COMPLETE
377,0.100311279296875,2023-09-02 12:56:36.318759,2023-09-02 12:56:43.055489,0 days 00:00:06.736730,ReLU,16,23,0.0026577279052993658,1,80,0.7645394154617458,3.0259097198408362e-05,COMPLETE
378,0.12085023522377014,2023-09-02 12:56:43.055771,2023-09-02 12:56:44.464062,0 days 00:00:01.408291,ReLU,16,23,0.0017972413926713557,1,80,0.15497250139722368,3.906414490381382e-05,COMPLETE
379,0.11026962846517563,2023-09-02 12:56:44.464341,2023-09-02 12:56:47.434292,0 days 00:00:02.969951,ReLU,16,24,0.0015334472054787443,1,80,0.33777516533255497,3.5627175177731136e-05,COMPLETE
380,0.1060708686709404,2023-09-02 12:56:47.434573,2023-09-02 12:56:54.491108,0 days 00:00:07.056535,ReLU,16,21,0.0011364546970826202,1,80,0.7997569608694871,9.593955392995429e-05,COMPLETE
381,0.1051032543182373,2023-09-02 12:56:54.491392,2023-09-02 12:57:00.972003,0 days 00:00:06.480611,ReLU,16,22,0.0009303780997194327,1,80,0.7342526919341676,2.850522476015368e-05,COMPLETE
382,0.09685835987329483,2023-09-02 12:57:00.972285,2023-09-02 12:57:06.943054,0 days 00:00:05.970769,ReLU,16,24,0.002287216043362914,1,80,0.6837494503654068,0.0002497028467074771,COMPLETE
383,0.09684302657842636,2023-09-02 12:57:06.943332,2023-09-02 12:57:13.659168,0 days 00:00:06.715836,ReLU,16,24,0.002255984052198803,1,80,0.7664778767264252,0.0001861540919341073,COMPLETE
384,0.10369454324245453,2023-09-02 12:57:13.659442,2023-09-02 12:57:25.518857,0 days 00:00:11.859415,ReLU,8,24,0.0030271821981966525,1,80,0.7330605604302612,2.6248081537459266e-05,COMPLETE
385,0.11482540518045425,2023-09-02 12:57:25.519136,2023-09-02 12:57:37.844244,0 days 00:00:12.325108,Leaky,4,24,0.0025532527469761005,1,80,0.39494490105705904,0.000142059629972544,COMPLETE
386,0.10878956317901611,2023-09-02 12:57:37.844532,2023-09-02 12:57:43.743975,0 days 00:00:05.899443,ReLU,16,23,0.003617893067006414,1,80,0.6695722869390136,0.00022461372559785017,COMPLETE
387,0.10595130920410156,2023-09-02 12:57:43.744250,2023-09-02 12:57:50.467328,0 days 00:00:06.723078,ReLU,16,24,0.008759720998130958,1,80,0.7638772498871301,0.0003737708501597091,COMPLETE
388,0.10921350866556168,2023-09-02 12:57:50.467601,2023-09-02 12:57:53.706635,0 days 00:00:03.239034,ReLU,16,23,0.0023747259838962074,1,80,0.36442722513910275,0.00014222009080146333,COMPLETE
389,0.10826880484819412,2023-09-02 12:57:53.706914,2023-09-02 12:57:59.886588,0 days 00:00:06.179674,ReLU,16,24,0.003223620182026666,1,80,0.7030020655419967,0.0003985514278156836,COMPLETE
390,0.10684648156166077,2023-09-02 12:57:59.886870,2023-09-02 12:58:06.418789,0 days 00:00:06.531919,ReLU,16,20,0.0025944757355439393,1,80,0.74103470271156,0.0003042615653611947,COMPLETE
391,0.17652679979801178,2023-09-02 12:58:06.419059,2023-09-02 12:58:08.807353,0 days 00:00:02.388294,ReLU,16,23,0.002267348480856169,1,80,0.2660494243253432,0.07098484650428948,COMPLETE
392,0.12398914992809296,2023-09-02 12:58:08.807636,2023-09-02 12:58:11.934367,0 days 00:00:03.126731,ReLU,10,21,0.0005777078102565416,1,80,0.23303713121744085,0.0002655031401362536,COMPLETE
393,0.11138447374105453,2023-09-02 12:58:11.934649,2023-09-02 12:58:14.409937,0 days 00:00:02.475288,ReLU,16,24,0.008093903549460239,1,80,0.27704439422988464,0.0002740350939468446,COMPLETE
394,0.1046161875128746,2023-09-02 12:58:14.410222,2023-09-02 12:58:20.405551,0 days 00:00:05.995329,ReLU,16,23,0.0045195320903007805,1,80,0.6791100224136761,8.606513724666223e-05,COMPLETE
395,0.11633718758821487,2023-09-02 12:58:20.405831,2023-09-02 12:58:24.157185,0 days 00:00:03.751354,ReLU,16,20,0.001979432347476755,1,80,0.42405545692956775,4.738547489351753e-05,COMPLETE
396,0.1006932258605957,2023-09-02 12:58:24.157471,2023-09-02 12:58:30.945037,0 days 00:00:06.787566,ReLU,16,24,0.002818796164113811,1,80,0.7677572430890999,0.00024837148511803173,COMPLETE
397,0.11804990470409393,2023-09-02 12:58:30.945317,2023-09-02 12:58:49.516879,0 days 00:00:18.571562,Leaky,2,21,0.006390191412722215,1,80,0.3038038659967729,3.546392594057416e-05,COMPLETE
398,0.10678444802761078,2023-09-02 12:58:49.517164,2023-09-02 12:58:52.708887,0 days 00:00:03.191723,ReLU,16,23,0.010804177889361076,1,40,0.7205382044869449,0.00010627548923316424,COMPLETE
399,0.11409533768892288,2023-09-02 12:58:52.709162,2023-09-02 12:58:54.342789,0 days 00:00:01.633627,ReLU,16,22,0.004131675143636132,1,80,0.18031435643433985,0.00016317572012719612,COMPLETE
400,0.09529650211334229,2023-09-02 12:58:54.343064,2023-09-02 12:59:01.181563,0 days 00:00:06.838499,ReLU,16,23,0.0074667473398019,1,80,0.7706715014515069,2.703704182779727e-05,COMPLETE
401,0.10452389717102051,2023-09-02 12:59:01.181842,2023-09-02 12:59:07.964231,0 days 00:00:06.782389,ReLU,16,23,0.009115940548339592,1,80,0.7710653622511925,0.0005929358514428053,COMPLETE
402,0.1001117080450058,2023-09-02 12:59:07.964513,2023-09-02 12:59:14.285853,0 days 00:00:06.321340,ReLU,16,24,0.0015286185816600604,1,80,0.7153691399757802,6.601050525095991e-05,COMPLETE
403,0.11031030118465424,2023-09-02 12:59:14.286140,2023-09-02 12:59:17.179890,0 days 00:00:02.893750,ReLU,16,22,0.005947454084149506,1,80,0.3226775494128672,3.94150853970286e-05,COMPLETE
404,0.10509642213582993,2023-09-02 12:59:17.180176,2023-09-02 12:59:23.139365,0 days 00:00:05.959189,ReLU,16,23,0.010747264379193103,1,80,0.6731106384074553,0.00021153803284723553,COMPLETE
405,0.11010169237852097,2023-09-02 12:59:23.139643,2023-09-02 12:59:25.018156,0 days 00:00:01.878513,ReLU,16,23,0.0033217316741144228,1,80,0.20845297602729146,0.00018768984670360252,COMPLETE
406,0.10177014768123627,2023-09-02 12:59:25.018433,2023-09-02 12:59:36.963756,0 days 00:00:11.945323,ReLU,8,24,0.0076932060379135015,1,80,0.7345669403224393,7.81306448866575e-05,COMPLETE
407,0.1968953013420105,2023-09-02 12:59:36.964039,2023-09-02 12:59:43.670982,0 days 00:00:06.706943,ReLU,16,1,0.01207159362324059,1,80,0.7984049321066123,5.1513801505224766e-05,COMPLETE
408,0.10205638408660889,2023-09-02 12:59:43.671257,2023-09-02 13:00:05.729723,0 days 00:00:22.058466,ReLU,4,23,0.001874228356309339,1,80,0.7012166324245693,3.2166399877964715e-05,COMPLETE
409,0.10878421366214752,2023-09-02 13:00:05.730010,2023-09-02 13:00:12.483956,0 days 00:00:06.753946,ReLU,16,22,0.009024568594935573,1,80,0.7652870658283024,0.0004318883541452056,COMPLETE
410,0.10567151010036469,2023-09-02 13:00:12.484232,2023-09-02 13:00:16.110342,0 days 00:00:03.626110,ReLU,16,24,0.0022597995180600517,1,80,0.40814615284463884,2.6336713260279855e-05,COMPLETE
411,0.09666406363248825,2023-09-02 13:00:16.110628,2023-09-02 13:00:22.717099,0 days 00:00:06.606471,ReLU,16,22,0.005338444279617613,1,80,0.7465286630278054,6.079839444936787e-05,COMPLETE
412,0.13763079047203064,2023-09-02 13:00:22.717383,2023-09-02 13:00:29.330570,0 days 00:00:06.613187,ReLU,16,22,5.7663054822358445e-05,1,80,0.7481447754144996,5.939431161617172e-05,COMPLETE
413,0.10074488073587418,2023-09-02 13:00:29.330852,2023-09-02 13:00:35.880223,0 days 00:00:06.549371,ReLU,16,22,0.003716710445292516,1,80,0.7367716427411944,4.500417427118009e-05,COMPLETE
414,0.10362283140420914,2023-09-02 13:00:35.880509,2023-09-02 13:00:42.689775,0 days 00:00:06.809266,ReLU,16,23,0.012543661656701977,1,80,0.7707608126161017,6.744808742547305e-05,COMPLETE
415,0.11085368692874908,2023-09-02 13:00:42.690063,2023-09-02 13:00:45.304429,0 days 00:00:02.614366,ReLU,16,22,0.005576029252572076,1,80,0.29320951037955423,0.00030718257753518583,COMPLETE
416,0.10494322329759598,2023-09-02 13:00:45.304720,2023-09-02 13:00:49.282488,0 days 00:00:03.977768,ReLU,16,23,0.004904393837686606,1,80,0.4477840861756768,8.252739706068525e-05,COMPLETE
417,0.10916074365377426,2023-09-02 13:00:49.282777,2023-09-02 13:00:55.474101,0 days 00:00:06.191324,ReLU,16,24,0.003046709259249273,1,80,0.6992935134516165,0.00018728147617824026,COMPLETE
418,0.11569736152887344,2023-09-02 13:00:55.474382,2023-09-02 13:01:01.872392,0 days 00:00:06.398010,ReLU,16,21,0.0004422695290461121,1,80,0.7243599392624458,0.0001311457797193853,COMPLETE
419,0.10967284440994263,2023-09-02 13:01:01.872705,2023-09-02 13:01:08.889307,0 days 00:00:07.016602,ReLU,16,23,0.0007397724992934223,1,80,0.7973295851842207,5.07909303186432e-05,COMPLETE
420,0.10434678941965103,2023-09-02 13:01:08.889594,2023-09-02 13:01:15.646132,0 days 00:00:06.756538,ReLU,16,21,0.007104913748269952,1,80,0.7653201585118109,3.868965692958563e-05,COMPLETE
421,0.12485627084970474,2023-09-02 13:01:15.646407,2023-09-02 13:01:17.494532,0 days 00:00:01.848125,ReLU,10,22,0.009534156811014036,1,80,0.13581694808612244,5.804609260893101e-05,COMPLETE
422,0.11802957952022552,2023-09-02 13:01:17.494815,2023-09-02 13:01:20.480502,0 days 00:00:02.985687,Leaky,16,24,0.013570922825187133,1,40,0.6748440109090996,4.071455228838237e-05,COMPLETE
423,0.11565415561199188,2023-09-02 13:01:20.480786,2023-09-02 13:01:22.781503,0 days 00:00:02.300717,ReLU,16,23,0.0015880636294903847,1,80,0.25776401094914053,0.00010773838176959028,COMPLETE
424,0.0944950059056282,2023-09-02 13:01:22.781782,2023-09-02 13:01:29.337317,0 days 00:00:06.555535,ReLU,16,24,0.002291635833718736,1,80,0.7413298999892821,0.0005052308541184052,COMPLETE
425,0.11659485101699829,2023-09-02 13:01:29.337596,2023-09-02 13:01:50.566984,0 days 00:00:21.229388,ReLU,2,24,0.0023976154716049453,1,80,0.34632670778131136,0.0005931092589177187,COMPLETE
426,0.12065564095973969,2023-09-02 13:01:50.567267,2023-09-02 13:01:56.992998,0 days 00:00:06.425731,ReLU,16,9,0.0038361364990144742,1,80,0.7434612693468442,0.0009270748298881117,COMPLETE
427,0.0956844910979271,2023-09-02 13:01:56.993283,2023-09-02 13:02:03.840177,0 days 00:00:06.846894,ReLU,16,24,0.004684620873758788,1,80,0.7723200208516086,0.0003300655599304711,COMPLETE
428,0.09598982334136963,2023-09-02 13:02:03.840470,2023-09-02 13:02:10.915497,0 days 00:00:07.075027,ReLU,16,24,0.004583583736121118,1,80,0.7999076304790874,0.00017727111849425724,COMPLETE
429,0.11284935474395752,2023-09-02 13:02:10.915781,2023-09-02 13:02:13.067592,0 days 00:00:02.151811,ReLU,16,24,0.0047571118170621676,1,80,0.24119219748797796,0.00024218597173807264,COMPLETE
430,0.10407928377389908,2023-09-02 13:02:13.067877,2023-09-02 13:02:20.097378,0 days 00:00:07.029501,ReLU,16,24,0.004287030983145944,1,80,0.7964230896791651,0.0001849377015326929,COMPLETE
431,0.11449338495731354,2023-09-02 13:02:20.097670,2023-09-02 13:02:22.619927,0 days 00:00:02.522257,ReLU,16,24,0.003568129364373173,1,80,0.2831825408821496,0.000354377212423222,COMPLETE
432,0.10847523808479309,2023-09-02 13:02:22.620205,2023-09-02 13:02:29.669489,0 days 00:00:07.049284,ReLU,16,24,0.0027448512286832594,1,80,0.7989377723470225,0.0003312191821573774,COMPLETE
433,0.11589017510414124,2023-09-02 13:02:29.669769,2023-09-02 13:02:31.956246,0 days 00:00:02.286477,ReLU,16,23,0.004651478638966442,1,80,0.2556353632261966,0.00022664838690367506,COMPLETE
434,0.10301726311445236,2023-09-02 13:02:31.956532,2023-09-02 13:02:38.576077,0 days 00:00:06.619545,ReLU,16,24,0.0012715825881670295,1,80,0.7513229296707344,0.00017958842723363145,COMPLETE
435,0.09849034994840622,2023-09-02 13:02:38.576364,2023-09-02 13:02:45.411056,0 days 00:00:06.834692,ReLU,16,23,0.003674307184197628,1,80,0.7711710813420406,0.0002454401208697987,COMPLETE
436,0.10933195054531097,2023-09-02 13:02:45.411340,2023-09-02 13:02:48.384651,0 days 00:00:02.973311,ReLU,16,23,0.0037644237433507874,1,80,0.33288325562059573,0.00026538211773764785,COMPLETE
437,0.10284624993801117,2023-09-02 13:02:48.384936,2023-09-02 13:02:54.889785,0 days 00:00:06.504849,ReLU,16,23,0.005215392416489442,1,80,0.7365909553566284,0.00029662547670178207,COMPLETE
438,0.09405606985092163,2023-09-02 13:02:54.890079,2023-09-02 13:03:01.636716,0 days 00:00:06.746637,ReLU,16,23,0.0040307149177922766,1,80,0.7659513575260812,0.00022073146611639952,COMPLETE
439,0.10898883640766144,2023-09-02 13:03:01.636994,2023-09-02 13:03:04.788825,0 days 00:00:03.151831,ReLU,16,22,0.005711008763297011,1,80,0.3552715133671333,0.00020461076876910605,COMPLETE
440,0.10550881922245026,2023-09-02 13:03:04.789111,2023-09-02 13:03:11.193188,0 days 00:00:06.404077,ReLU,16,23,0.000628813051552197,1,80,0.724402011625924,0.00040054879788829767,COMPLETE
441,0.1210479810833931,2023-09-02 13:03:11.193480,2023-09-02 13:03:18.185640,0 days 00:00:06.992160,ReLU,8,24,0.0003326871932963823,1,80,0.43017775714496537,0.00016717789070114727,COMPLETE
442,0.11273989081382751,2023-09-02 13:03:18.185928,2023-09-02 13:03:24.953667,0 days 00:00:06.767739,ReLU,16,22,0.0031652808972276515,1,80,0.7657221897750058,0.0004554571783571944,COMPLETE
443,0.10736698657274246,2023-09-02 13:03:24.953956,2023-09-02 13:03:46.837714,0 days 00:00:21.883758,ReLU,4,23,0.004047653265255646,1,80,0.6998789683099716,0.0002245586099560051,COMPLETE
444,0.09538409113883972,2023-09-02 13:03:46.838022,2023-09-02 13:03:53.304409,0 days 00:00:06.466387,ReLU,16,24,0.0044919471503061794,1,80,0.738096441472401,0.0003499389103728412,COMPLETE
445,0.15396951138973236,2023-09-02 13:03:53.304719,2023-09-02 13:03:59.337218,0 days 00:00:06.032499,ReLU,16,24,0.06449810145618096,1,80,0.6914925610958016,0.0004682067044712345,COMPLETE
446,0.10696491599082947,2023-09-02 13:03:59.337494,2023-09-02 13:04:02.123953,0 days 00:00:02.786459,ReLU,16,24,0.0046264887785424985,1,80,0.3132351424434346,0.000340381042734526,COMPLETE
447,0.11052098870277405,2023-09-02 13:04:02.124239,2023-09-02 13:04:08.649362,0 days 00:00:06.525123,ReLU,16,24,0.0029477876380517858,1,80,0.7416209560500108,0.00028569647700365006,COMPLETE
448,0.1083892285823822,2023-09-02 13:04:08.649641,2023-09-02 13:04:14.987740,0 days 00:00:06.338099,ReLU,16,24,0.0007809769987440293,1,80,0.7177630740122946,0.000355576296058809,COMPLETE
449,0.1053539514541626,2023-09-02 13:04:14.988025,2023-09-02 13:04:20.882915,0 days 00:00:05.894890,ReLU,16,23,0.004319423302571168,1,80,0.669854681288866,0.00025942264633534075,COMPLETE
450,0.14867044985294342,2023-09-02 13:04:20.883208,2023-09-02 13:04:25.178789,0 days 00:00:04.295581,ReLU,12,23,0.017204145280873877,1,80,0.37829581427100145,0.01579173027454284,COMPLETE
451,0.15341992676258087,2023-09-02 13:04:25.179080,2023-09-02 13:04:27.169602,0 days 00:00:01.990522,ReLU,16,24,0.00014345660725318494,1,80,0.2226241822933616,0.0001553691853629657,COMPLETE
452,0.10127662122249603,2023-09-02 13:04:27.169883,2023-09-02 13:04:32.177832,0 days 00:00:05.007949,ReLU,10,23,0.00572201896202596,1,40,0.7473390984115722,0.00019292139952821602,COMPLETE
453,0.11130606383085251,2023-09-02 13:04:32.178120,2023-09-02 13:04:38.946384,0 days 00:00:06.768264,ReLU,16,24,0.003111596845273636,1,80,0.7672751353122251,0.0001418314650067911,COMPLETE
454,0.11442568153142929,2023-09-02 13:04:38.946669,2023-09-02 13:04:45.186182,0 days 00:00:06.239513,ReLU,16,24,0.011637130161169488,1,80,0.7074389181833565,0.0002789213565088402,COMPLETE
455,0.10114189982414246,2023-09-02 13:04:45.186466,2023-09-02 13:04:51.724088,0 days 00:00:06.537622,ReLU,16,23,0.004295879202628647,1,80,0.738749134634674,0.0005127957071673759,COMPLETE
456,0.18322399258613586,2023-09-02 13:04:51.724366,2023-09-02 13:04:58.439197,0 days 00:00:06.714831,ReLU,16,23,0.09371949758246473,1,80,0.767703860376714,0.0013104889960889414,COMPLETE
457,0.216969296336174,2023-09-02 13:04:58.439485,2023-09-02 13:05:04.204415,0 days 00:00:05.764930,Leaky,16,24,1.2404531911620913e-05,1,80,0.660592258670175,0.0005883180800208196,COMPLETE
458,0.11279523372650146,2023-09-02 13:05:04.204709,2023-09-02 13:05:10.487823,0 days 00:00:06.283114,ReLU,16,22,0.014294109843396421,1,80,0.7140389711826427,0.00020894449759250412,COMPLETE
459,0.11021187901496887,2023-09-02 13:05:10.488109,2023-09-02 13:05:58.008600,0 days 00:00:47.520491,ReLU,2,24,0.0004976398832997466,1,80,0.7742375773235993,0.0003783554150231304,COMPLETE
460,0.10202740132808685,2023-09-02 13:05:58.008889,2023-09-02 13:06:04.103101,0 days 00:00:06.094212,ReLU,16,23,0.003511294722562854,1,80,0.6890167354832613,0.00032768836153896323,COMPLETE
461,0.10411220788955688,2023-09-02 13:06:04.103386,2023-09-02 13:06:11.154552,0 days 00:00:07.051166,ReLU,16,24,0.006567077625531744,1,80,0.7995323463529889,0.000705907939400646,COMPLETE
462,0.10208436846733093,2023-09-02 13:06:11.154834,2023-09-02 13:06:17.716108,0 days 00:00:06.561274,ReLU,16,23,0.005429869332718134,1,80,0.7398556665389996,0.00010382424013637067,COMPLETE
463,0.12108193337917328,2023-09-02 13:06:17.716393,2023-09-02 13:06:20.069313,0 days 00:00:02.352920,ReLU,16,22,0.01897920857432287,1,80,0.2638281179207034,0.00013005987190318973,COMPLETE
464,0.11718739569187164,2023-09-02 13:06:20.069595,2023-09-02 13:06:26.493492,0 days 00:00:06.423897,ReLU,16,24,0.010367410905107611,1,80,0.7247219788709122,0.0004359025396002744,COMPLETE
465,0.1386719048023224,2023-09-02 13:06:26.493782,2023-09-02 13:06:28.200569,0 days 00:00:01.706787,ReLU,16,5,0.012212553210314512,1,80,0.19464553800022807,0.0002623872849949803,COMPLETE
466,0.12520632147789001,2023-09-02 13:06:28.200847,2023-09-02 13:06:30.142674,0 days 00:00:01.941827,ReLU,16,23,0.0008522413909253349,1,80,0.2154096503539826,7.467196041481664e-05,COMPLETE
467,0.16730579733848572,2023-09-02 13:06:30.142961,2023-09-02 13:06:36.830348,0 days 00:00:06.687387,ReLU,16,24,1.7759462788838e-05,1,80,0.7622766213531754,0.0063809792111417605,COMPLETE
468,0.11386840790510178,2023-09-02 13:06:36.830658,2023-09-02 13:06:43.131774,0 days 00:00:06.301116,ReLU,4,23,0.0047918734066393605,1,80,0.20010888565686097,0.00032128940091037,COMPLETE
469,0.10776953399181366,2023-09-02 13:06:43.132060,2023-09-02 13:06:49.295846,0 days 00:00:06.163786,ReLU,16,22,0.0012362113998774663,1,80,0.6935292930522322,0.00022971452799750827,COMPLETE
470,0.11646600067615509,2023-09-02 13:06:49.296137,2023-09-02 13:06:51.492257,0 days 00:00:02.196120,ReLU,16,24,0.0027568828733129367,1,80,0.244888411666713,8.688805924941168e-05,COMPLETE
471,0.11912783235311508,2023-09-02 13:06:51.492553,2023-09-02 13:07:04.092036,0 days 00:00:12.599483,ReLU,8,23,0.007828791747490986,1,80,0.7685145227797997,0.0008029014689542244,COMPLETE
472,0.11077889055013657,2023-09-02 13:07:04.092319,2023-09-02 13:07:08.125032,0 days 00:00:04.032713,ReLU,16,22,0.014833651199961403,1,80,0.4537305955030776,5.986898041951102e-05,COMPLETE
473,0.12155967205762863,2023-09-02 13:07:08.125330,2023-09-02 13:07:14.008720,0 days 00:00:05.883390,Leaky,16,23,0.0002778724787237135,1,80,0.6645793341453239,0.00016296072079469373,COMPLETE
474,0.11850984394550323,2023-09-02 13:07:14.009007,2023-09-02 13:07:17.273303,0 days 00:00:03.264296,ReLU,16,24,0.010420560887729052,1,40,0.7378615102115165,6.433309760102525e-05,COMPLETE
475,0.1317887008190155,2023-09-02 13:07:17.273590,2023-09-02 13:07:19.301682,0 days 00:00:02.028092,ReLU,16,22,0.0005317845157427853,1,80,0.22469804882252242,0.0018343197842599311,COMPLETE
476,0.11304083466529846,2023-09-02 13:07:19.301970,2023-09-02 13:07:21.356328,0 days 00:00:02.054358,ReLU,12,23,0.003617709027960834,1,80,0.17717999094868636,0.0005540810641550293,COMPLETE
477,0.12377960979938507,2023-09-02 13:07:21.356614,2023-09-02 13:07:28.148550,0 days 00:00:06.791936,ReLU,16,24,0.00022740248563865549,1,80,0.7724092647786928,0.0007267192345412219,COMPLETE
478,0.1080576702952385,2023-09-02 13:07:28.148833,2023-09-02 13:07:37.674850,0 days 00:00:09.526017,ReLU,10,23,0.0006862425253072018,1,80,0.7132778365970305,0.0003808779065411427,COMPLETE
479,0.09582903981208801,2023-09-02 13:07:37.675135,2023-09-02 13:07:44.650244,0 days 00:00:06.975109,ReLU,16,24,0.006916722386677657,1,80,0.7980202971011718,0.00012970984589901743,COMPLETE
480,0.0896073505282402,2023-09-02 13:07:44.650533,2023-09-02 13:07:51.174477,0 days 00:00:06.523944,ReLU,16,24,0.005791831007245886,1,80,0.7430255703358895,0.00016643667514156622,COMPLETE
481,0.09554488956928253,2023-09-02 13:07:51.174767,2023-09-02 13:07:58.219484,0 days 00:00:07.044717,ReLU,16,24,0.005247709079248086,1,80,0.7997663735739003,0.00012303342595848397,COMPLETE
482,0.11012053489685059,2023-09-02 13:07:58.219766,2023-09-02 13:08:00.792987,0 days 00:00:02.573221,ReLU,16,24,0.005012847284757362,1,80,0.28946444005011074,0.00012760442043587664,COMPLETE
483,0.10711265355348587,2023-09-02 13:08:00.793273,2023-09-02 13:08:07.358975,0 days 00:00:06.565702,ReLU,16,24,0.005727622402129837,1,80,0.7461699820341348,0.00016420273226198836,COMPLETE
484,0.09430216252803802,2023-09-02 13:08:07.359255,2023-09-02 13:08:13.898287,0 days 00:00:06.539032,ReLU,16,24,0.005966804945546316,1,80,0.7441344207697407,0.00014605822754711978,COMPLETE
485,0.11678172647953033,2023-09-02 13:08:13.898582,2023-09-02 13:08:20.930204,0 days 00:00:07.031622,ReLU,16,24,0.006228421941787962,1,80,0.7979578659516314,0.00012746678953453838,COMPLETE
486,0.09634605050086975,2023-09-02 13:08:20.930492,2023-09-02 13:08:27.461578,0 days 00:00:06.531086,ReLU,16,24,0.004272651569670142,1,80,0.7434966626221428,0.00010884647804076508,COMPLETE
487,0.10892120003700256,2023-09-02 13:08:27.461862,2023-09-02 13:08:33.985624,0 days 00:00:06.523762,ReLU,16,24,0.004250923420529268,1,80,0.7420674654228727,0.00010794995453650082,COMPLETE
488,0.10460209846496582,2023-09-02 13:08:33.985910,2023-09-02 13:08:37.421608,0 days 00:00:03.435698,ReLU,16,24,0.004405955407936875,1,100,0.3101829457722646,0.00013894561489725602,COMPLETE
489,0.10587399452924728,2023-09-02 13:08:37.421898,2023-09-02 13:08:43.561605,0 days 00:00:06.139707,ReLU,16,24,0.005370266316792575,1,80,0.6980738529384051,0.0001577422873300612,COMPLETE
490,0.10137221962213516,2023-09-02 13:08:43.561895,2023-09-02 13:09:28.631225,0 days 00:00:45.069330,ReLU,2,24,0.003947786307356604,1,80,0.7406479282930525,0.00011086503992003447,COMPLETE
491,0.09852541983127594,2023-09-02 13:09:28.631550,2023-09-02 13:09:35.371379,0 days 00:00:06.739829,ReLU,16,24,0.0034209917280455743,1,80,0.7649989875800468,0.00019239890688128124,COMPLETE
492,0.1045021265745163,2023-09-02 13:09:35.371670,2023-09-02 13:09:41.738155,0 days 00:00:06.366485,ReLU,16,24,0.005424206856926547,1,80,0.7228524989040915,0.00013020641207837168,COMPLETE
493,0.10394394397735596,2023-09-02 13:09:41.738440,2023-09-02 13:09:47.800285,0 days 00:00:06.061845,ReLU,16,24,0.004890313548248732,1,80,0.6879090115590852,0.00010030143521526538,COMPLETE
494,0.09655831754207611,2023-09-02 13:09:47.800594,2023-09-02 13:09:54.480074,0 days 00:00:06.679480,ReLU,16,24,0.006573645453577347,1,80,0.7573395959164447,0.0001531671081849264,COMPLETE
495,0.09784954786300659,2023-09-02 13:09:54.480359,2023-09-02 13:10:01.220567,0 days 00:00:06.740208,ReLU,16,24,0.004326641790961774,1,80,0.765229849381233,0.00016249617659716507,COMPLETE
496,0.11206220835447311,2023-09-02 13:10:01.220852,2023-09-02 13:10:04.492123,0 days 00:00:03.271271,ReLU,16,24,0.006368833666050545,1,80,0.3693640711741169,0.00012200506301312413,COMPLETE
497,0.10878399014472961,2023-09-02 13:10:04.492412,2023-09-02 13:10:08.655065,0 days 00:00:04.162653,ReLU,16,23,0.004857077247602331,1,80,0.4707664458365559,0.00017975582278988446,COMPLETE
498,0.13272395730018616,2023-09-02 13:10:08.655364,2023-09-02 13:10:10.150652,0 days 00:00:01.495288,ReLU,16,24,0.0033452768693062094,1,40,0.33114517069089755,9.342857100762133e-05,COMPLETE
499,0.10140430182218552,2023-09-02 13:10:10.150948,2023-09-02 13:10:16.701927,0 days 00:00:06.550979,ReLU,16,23,0.006492523559649332,1,80,0.7442068197324558,0.00014957999813368242,COMPLETE
