ID Autor, NÃºmero de documentos
35607315000, 29
7003611288, 20
7005998786, 20
56228715900, 16
35892704700, 13
6507667256, 12
54790571900, 12
7004607719, 12
7006194463, 12
57218162630, 11
57191605505, 11
8378384300, 10
54386925600, 10
57194614861, 10
7005915405, 10
57218324841, 10
55511544300, 10
57208740826, 10
57191601241, 10
14039835700, 10
37057344600, 9
7003541892, 9
6602759886, 9
56033429500, 8
36902630800, 8
23976265000, 8
56031197600, 7
6506093146, 7
57677849600, 7
8525890000, 7
18040985700, 7
7005763990, 7
6602264773, 7
57203910389, 7
35729066200, 7
24721365800, 7
56217468000, 6
13402823200, 6
22235291400, 6
7801345595, 6
56426583500, 6
6602995816, 6
55809241300, 6
56786349900, 6
14071664200, 6
6701541012, 6
56439198800, 6
36716645500, 6
10044311600, 6
14019182600, 6
23977886600, 5
58753854300, 5
36998799200, 5
7005041365, 5
57226281627, 5
57193443653, 5
36636729800, 5
35236747400, 5
23468326500, 5
6506171108, 5
57204927959, 5
23098548200, 5
37010381500, 5
56662884200, 5
57194591144, 5
7005737962, 5
57190186629, 5
35935149200, 5
53663212300, 5
24174461000, 5
55026436500, 5
23111075100, 5
35240042500, 5
55329838500, 5
6602319526, 5
56173118600, 5
55886005000, 5
9333012100, 5
57214393490, 5
15925973400, 5
55382841600, 5
24376067900, 5
7004127474, 5
6506771996, 5
8258189800, 4
16303126000, 4
57208085196, 4
6507821139, 4
57992701900, 4
11839002700, 4
57189728476, 4
7004684713, 4
56830108100, 4
35588706600, 4
57203465885, 4
57205295763, 4
25935741800, 4
57206568700, 4
24074069200, 4
56707915200, 4
8721679400, 4
55748534000, 4
56145985800, 4
8968299700, 4
12792054500, 4
37110538700, 4
57202785028, 4
56112626500, 4
7102687880, 4
6603097194, 4
57191772902, 4
56469847800, 4
24477094500, 4
26767546600, 4
6603425158, 4
23010589600, 4
57194203608, 4
26325828900, 4
7006013768, 4
57188741412, 4
57188743407, 4
6701540576, 4
57189322968, 4
56704961200, 4
23391819800, 4
6603299384, 4
23091409000, 4
55764306200, 4
57204684560, 4
7003986053, 4
56013545300, 4
14049289000, 4
8919295200, 4
7402010018, 4
24474760300, 4
6506439753, 4
54681826100, 4
35197262700, 4
7406499971, 4
25821852000, 4
37018844000, 4
7801434275, 4
6507725950, 4
7007165044, 4
35409350100, 4
6602095459, 3
57208795183, 3
15027401600, 3
56297667700, 3
57195377796, 3
57207890186, 3
55734483800, 3
56515099300, 3
57202439294, 3
6701695514, 3
55619673300, 3
56013535700, 3
57218759131, 3
57193681982, 3
56536249700, 3
15756413800, 3
55234809100, 3
55311816300, 3
6504387931, 3
55556224300, 3
57200366579, 3
23048998200, 3
56096567300, 3
8409275300, 3
6506674644, 3
57796171300, 3
57226861171, 3
57209239720, 3
36545405000, 3
57221442881, 3
57196413990, 3
26424414900, 3
17136310100, 3
56919408800, 3
23981645200, 3
55751549400, 3
57219938352, 3
57211578264, 3
15080721700, 3
57199999984, 3
55194667500, 3
37021982300, 3
7401517293, 3
8618928600, 3
49061598700, 3
56194965400, 3
7102595551, 3
57188589273, 3
57201862642, 3
8449920600, 3
57205633118, 3
57201866029, 3
6507626913, 3
57201591598, 3
6505922782, 3
36738835500, 3
7202852772, 3
57212458441, 3
54402873600, 3
56890074800, 3
24345136500, 3
57194112581, 3
39262060400, 3
24481573300, 3
57209050971, 3
7004807375, 3
57220194599, 3
35604846100, 3
55365929600, 3
57204717119, 3
36618710400, 3
6602492606, 3
13205014600, 3
56464303600, 3
6508126833, 3
57204457445, 3
25637863500, 3
57195728219, 3
55996206800, 3
55582596600, 3
6602473693, 3
55916402100, 3
55993639400, 3
7101931483, 3
6602296303, 3
6701472172, 3
57188738316, 3
36817447700, 3
12140530800, 3
57194608094, 3
56558927300, 3
56486162000, 3
8397606800, 3
46461827900, 3
7801546945, 3
35318522400, 3
7006598616, 3
25223612200, 3
24068634500, 3
7201387397, 3
7003985688, 3
6602649723, 3
6604023226, 3
56305323500, 3
7801321771, 3
56013715000, 3
55250607900, 3
21234441700, 3
57220664585, 3
57275602300, 3
25655018700, 3
24342604200, 3
7006037757, 3
56161204300, 3
55876440700, 3
22134442100, 3
57204336851, 3
7003802176, 3
23051612100, 3
7005151234, 3
6602088532, 3
35424163100, 3
7004956959, 3
7203022173, 3
35497138000, 3
6603396283, 3
8895234300, 3
7005789645, 3
7004904724, 3
57193332875, 2
24075803800, 2
25822575400, 2
56717686700, 2
47561153100, 2
51061033000, 2
57218624627, 2
37361460600, 2
36080793400, 2
6701769326, 2
35479005400, 2
57211118960, 2
57188997493, 2
57354686600, 2
58174685500, 2
58174685600, 2
55915687700, 2
56414510900, 2
57200965795, 2
57200964800, 2
7006062211, 2
57614868300, 2
57200678942, 2
25640944900, 2
57782230500, 2
56044098100, 2
55957426700, 2
25622456600, 2
35759662700, 2
23108979000, 2
55886435400, 2
6507771358, 2
57223361831, 2
55648773200, 2
57793820400, 2
58135041800, 2
53879441600, 2
8300416400, 2
57225930715, 2
34868649900, 2
36905144700, 2
57223408943, 2
32867808100, 2
11939497000, 2
7003304193, 2
34978043500, 2
57224474858, 2
56005445500, 2
57215201918, 2
24475635600, 2
55531040700, 2
55989767800, 2
57210789263, 2
57221662632, 2
57958190000, 2
36551180500, 2
35315367000, 2
57478952000, 2
57507188200, 2
57194237932, 2
26660607800, 2
56507498800, 2
57210812427, 2
7005257963, 2
37069101100, 2
57918060900, 2
24466895100, 2
37021579300, 2
6602933520, 2
35849463600, 2
57557254900, 2
57224768783, 2
57224785005, 2
6602333369, 2
57218273942, 2
55184958300, 2
57204921652, 2
36028013600, 2
56010771700, 2
57213144657, 2
57213160243, 2
47961773200, 2
7004130076, 2
56010510500, 2
57211023687, 2
57013704000, 2
56701304900, 2
16230651600, 2
6603462388, 2
56320932500, 2
35232994300, 2
56063510600, 2
56521251900, 2
31667500700, 2
25723180300, 2
57191045175, 2
10339815000, 2
54586100000, 2
56902535200, 2
57219873650, 2
55432810500, 2
57195265269, 2
56196355100, 2
57217960274, 2
56401197600, 2
57195402763, 2
57201778122, 2
57192662306, 2
56199126900, 2
55595487100, 2
8505359900, 2
57205913449, 2
57201269202, 2
16202815800, 2
55851928000, 2
57211803857, 2
57390269800, 2
57390291100, 2
57390236400, 2
57202116650, 2
8451746600, 2
26642882800, 2
55861583800, 2
55776174400, 2
36096562300, 2
36816561700, 2
23569990100, 2
57201856350, 2
55507005100, 2
57214883430, 2
16425139500, 2
54796803900, 2
55885314800, 2
57219533762, 2
56911176900, 2
57679456900, 2
55588491600, 2
57204119650, 2
56560241200, 2
55764328500, 2
57222089872, 2
57218319250, 2
55233663200, 2
58729996000, 2
57204680663, 2
36651339200, 2
57216352874, 2
57216902799, 2
57225999134, 2
56770558100, 2
16647819500, 2
55450848300, 2
55993557800, 2
6505993127, 2
57216186307, 2
57215861586, 2
57216410056, 2
56499336500, 2
56960662400, 2
57207684541, 2
57006371200, 2
57226597998, 2
57219127757, 2
14029523400, 2
9940556900, 2
7201782124, 2
55495736400, 2
57201986223, 2
57196415352, 2
57214510290, 2
56123099500, 2
58368465800, 2
57201378847, 2
56639283100, 2
57225196714, 2
57243779800, 2
57244054000, 2
57244593300, 2
57102449000, 2
6506047512, 2
24536716000, 2
56958620800, 2
57207967633, 2
55226622300, 2
6507859802, 2
16233382900, 2
6602987739, 2
57201553073, 2
58871762800, 2
16480578800, 2
15829018400, 2
36055960600, 2
25932241700, 2
57190976558, 2
57192396467, 2
6602616956, 2
30067594100, 2
44761270900, 2
57201802805, 2
55756337700, 2
57218304795, 2
36552727500, 2
55690025500, 2
57213188179, 2
57218099643, 2
57210263037, 2
57204137378, 2
57201409821, 2
55719448300, 2
55572522800, 2
6602189454, 2
56376415900, 2
20433282100, 2
7101690873, 2
57204222240, 2
37011374200, 2
57203059151, 2
55772218200, 2
37045683700, 2
22937299900, 2
54996072400, 2
22980511400, 2
6603359613, 2
57202136779, 2
57205604754, 2
58199880500, 2
18133669400, 2
7102405775, 2
6602835522, 2
57203954869, 2
56020591000, 2
26659011900, 2
37065223100, 2
35206292900, 2
57200414509, 2
35106488300, 2
36464077500, 2
7801421884, 2
7202357636, 2
6603105346, 2
6602568092, 2
23994512500, 2
55887252400, 2
7006193486, 2
35619609800, 2
57195420547, 2
55912247500, 2
7004569214, 2
57193816846, 2
57201405270, 2
57204143675, 2
57193071964, 2
24336464400, 2
36987236200, 2
7004551949, 2
57201674406, 2
36053216800, 2
57210598803, 2
57116652100, 2
57210597866, 2
56554029100, 2
6504713102, 2
57215612664, 2
7801432405, 2
7003921714, 2
6603829215, 2
57204574404, 2
56101505800, 2
57208821346, 2
56307987600, 2
56848220000, 2
35177286600, 2
56204194200, 2
55980045300, 2
26424759600, 2
56000902000, 2
57188836215, 2
7401482603, 2
30067633500, 2
57201821007, 2
58444732100, 2
26436470200, 2
55661525600, 2
56902569400, 2
22941870600, 2
16021309900, 2
56342256300, 2
36491654700, 2
57020256500, 2
55026861500, 2
36509537600, 2
57193386361, 2
57193028755, 2
36118029500, 2
7005423672, 2
57208135639, 2
16314996300, 2
57193132668, 2
54950133400, 2
56698160500, 2
6507660094, 2
57190034325, 2
13403011100, 2
6506759004, 2
56404573300, 2
6603156028, 2
35824105400, 2
56333702200, 2
15133367800, 2
16024913900, 2
27967618800, 2
55210933800, 2
57160243600, 2
57193123577, 2
14058688300, 2
16232182900, 2
6506493375, 2
57197720195, 2
7003761834, 2
57192691895, 2
57190168549, 2
56708890400, 2
56624584300, 2
26041135100, 2
6507469400, 2
57194189070, 2
56921669100, 2
55989761900, 2
57189006629, 2
57203238545, 2
6603359928, 2
57195675108, 2
56969832800, 2
55536780500, 2
55628113500, 2
36871622000, 2
56374094200, 2
6507724159, 2
6602457520, 2
6603457867, 2
23479445300, 2
57199732110, 2
57203360881, 2
6602447338, 2
55119748700, 2
56209329200, 2
36118511200, 2
7004631386, 2
8576311800, 2
12240676100, 2
23571133000, 2
55780979000, 2
35726384000, 2
6505942550, 2
6602843552, 2
26024568800, 2
6602497986, 2
12238818100, 2
36912118200, 2
55746082000, 2
57208986647, 2
55539189500, 2
53878182000, 2
15926191400, 2
56583870500, 2
15770158300, 2
56400566200, 2
55318020400, 2
55568381600, 2
24484581400, 2
55399261000, 2
57198209178, 2
6602765274, 2
55898002300, 2
57008480200, 2
54967773300, 2
6506519628, 2
55384240100, 2
55385762200, 2
55386740700, 2
7003516497, 2
53881873500, 2
8725972600, 2
37075923500, 2
55441447500, 2
6602963894, 2
6602952950, 2
55489769500, 2
55545156100, 2
57204087960, 2
58505839100, 2
23036155200, 2
6505912614, 2
54889028400, 2
7102542478, 2
55951744300, 2
56707261900, 2
35617778500, 2
51563271100, 2
55509936300, 2
8623373500, 2
34873440200, 2
57193931623, 2
14020081800, 2
23993474100, 2
6508234007, 2
35617616000, 2
7102969077, 2
16306427400, 2
37001828900, 2
55547110447, 2
57191739666, 2
54398135700, 2
7003295238, 2
55664491000, 2
36451213600, 2
6506869238, 2
14046887400, 2
14045040600, 2
7003709966, 2
8421602300, 2
7004337966, 2
7003922167, 2
56938598300, 2
6506688399, 2
12796934100, 2
8603797600, 2
22960694700, 2
6602236652, 2
8414496300, 2
12799655900, 2
7003940498, 2
7004115481, 2
7201888556, 2
8332243900, 2
7003351394, 2
7007015784, 2
36072005200, 2
36771809700, 2
14065370500, 2
8921061700, 2
8906543900, 2
7006069927, 2
6506143082, 2
7006154182, 2
6603949527, 2
57203168977, 2
57191222972, 1
58434622500, 1
57653983500, 1
58080796900, 1
56730478200, 1
55561397500, 1
57195692969, 1
26646404500, 1
9735557300, 1
42361690900, 1
7101974645, 1
56316018800, 1
12753246200, 1
8652888800, 1
57195267006, 1
57395606200, 1
58617483100, 1
58361429300, 1
58362061800, 1
55966323300, 1
58413460700, 1
57317710900, 1
58411935400, 1
58412705500, 1
58414231300, 1
57807412500, 1
57209017513, 1
58411170400, 1
57217175755, 1
57213899581, 1
6601920420, 1
7003934728, 1
35568412500, 1
58236763900, 1
49461427600, 1
35305609800, 1
58237487700, 1
58667850200, 1
56040106700, 1
58360882000, 1
14521310700, 1
56896100900, 1
57194506922, 1
36441148500, 1
57210704305, 1
58506512400, 1
58513480600, 1
57219159776, 1
58144930500, 1
57222163847, 1
57212430725, 1
55303342000, 1
57219008902, 1
56531555000, 1
58284051700, 1
57464036800, 1
57266207300, 1
58157433000, 1
53980962300, 1
58512850800, 1
57194211327, 1
58090696400, 1
57338094300, 1
58513095000, 1
58511881400, 1
58611867900, 1
58730082300, 1
36103752300, 1
58513095100, 1
58475907100, 1
57813018600, 1
36104554900, 1
57208636086, 1
58195414300, 1
58196163800, 1
58248878300, 1
57188930036, 1
58573040500, 1
36519491900, 1
37010873100, 1
55443562300, 1
58478427100, 1
23666915500, 1
15762816300, 1
57356697000, 1
57223228802, 1
57223240556, 1
58099670700, 1
56601880100, 1
55227784700, 1
55383864700, 1
41761002000, 1
36172204000, 1
57948486800, 1
16230518700, 1
58803795900, 1
58083821900, 1
57211580278, 1
55785179900, 1
58544663500, 1
58544328300, 1
57217376244, 1
57226169534, 1
58544494100, 1
57208411661, 1
57285576700, 1
57224659489, 1
58863146900, 1
23392282200, 1
58288953400, 1
57208721247, 1
58289604300, 1
57547095300, 1
57205354923, 1
58666225000, 1
56151593600, 1
57216648257, 1
57197807518, 1
57190051369, 1
57386943900, 1
57211438876, 1
57224486067, 1
57224477758, 1
57193852716, 1
57196427533, 1
43861540100, 1
57194015438, 1
36645006600, 1
7006456271, 1
8594573300, 1
57202575622, 1
58144576900, 1
58123572300, 1
6506340329, 1
24072454800, 1
58138422300, 1
57695701400, 1
58594463800, 1
58137297000, 1
27367937600, 1
58522283500, 1
58318119800, 1
56868032200, 1
36571045400, 1
58534810000, 1
58503339100, 1
55143488100, 1
56104457300, 1
57072279900, 1
57210561883, 1
58222118300, 1
58223063400, 1
58221921700, 1
26655396700, 1
58075892500, 1
58783638500, 1
57350774500, 1
23571305900, 1
22936029900, 1
54780138800, 1
58179556100, 1
58179683700, 1
57220062543, 1
58180361100, 1
58726752500, 1
57217025805, 1
58034171900, 1
57210640266, 1
55927243400, 1
57211621128, 1
55206968000, 1
8291261800, 1
57217090024, 1
16204934800, 1
57215437068, 1
53986248700, 1
57195331949, 1
57845932100, 1
57194023231, 1
57972896000, 1
57934981800, 1
44462234200, 1
57410423100, 1
57960353600, 1
23992212000, 1
6603140569, 1
57890038000, 1
57222089796, 1
57609793400, 1
7404421556, 1
55702085300, 1
57209615374, 1
56511122600, 1
57201952212, 1
58037940900, 1
57204899352, 1
58744990700, 1
54966799200, 1
56542878800, 1
57400452700, 1
57215855180, 1
57202423841, 1
57189388799, 1
58749548000, 1
56436767600, 1
56386061900, 1
58750675800, 1
57188724366, 1
57263237300, 1
58640956700, 1
57200584582, 1
57574957600, 1
6603147379, 1
25629831700, 1
57564548900, 1
55580914300, 1
57222638380, 1
57195679332, 1
57218571580, 1
55206719100, 1
58666953600, 1
58667423200, 1
58667423300, 1
58175421600, 1
55352849400, 1
57867959500, 1
57218629497, 1
55889320700, 1
36865953000, 1
57222998038, 1
56703238400, 1
55458976400, 1
57196468518, 1
57212278872, 1
57731868600, 1
24178760100, 1
57428167500, 1
57428061800, 1
56946399000, 1
14023159500, 1
24367200000, 1
55822121300, 1
57210917059, 1
57210872745, 1
57208053274, 1
58395993800, 1
57225258706, 1
57734468800, 1
56222918000, 1
55978950600, 1
58179220500, 1
14064134300, 1
58450893000, 1
56287727100, 1
58452291200, 1
57132567900, 1
57194546694, 1
57911511500, 1
57222475994, 1
57802599900, 1
7007151877, 1
35332365900, 1
6603319541, 1
58344818100, 1
57218557735, 1
56340396500, 1
8639058800, 1
57219377557, 1
6603469640, 1
6504200697, 1
6602672061, 1
58107091100, 1
57201030999, 1
35730403400, 1
35584964500, 1
57224286784, 1
57117830200, 1
58252036100, 1
57224164171, 1
57207986954, 1
58251187900, 1
57218212347, 1
58251820700, 1
58145662700, 1
15049210500, 1
57183438700, 1
58512217000, 1
58513670200, 1
58512702700, 1
57205335384, 1
58590864600, 1
8375600800, 1
57223117542, 1
57575727700, 1
57133004100, 1
57575934300, 1
56538325700, 1
57212209635, 1
56764686300, 1
57196266905, 1
57201896793, 1
55906876500, 1
7402400793, 1
58124576600, 1
36598839900, 1
57208069318, 1
57903488000, 1
57201554499, 1
7201387501, 1
58097059200, 1
57573805200, 1
24385603500, 1
55847695500, 1
55899009000, 1
6601937497, 1
35107147000, 1
57191407435, 1
57284734600, 1
57215721574, 1
57981727500, 1
55555297600, 1
57189266976, 1
57196150158, 1
57205531771, 1
57221390910, 1
57189111064, 1
56386260000, 1
58246421000, 1
37066318000, 1
57206994267, 1
55444994200, 1
57193711737, 1
57751298700, 1
57209291462, 1
57226344955, 1
58370176400, 1
57221604185, 1
58864196900, 1
57212773072, 1
37048611700, 1
42561370100, 1
58022682500, 1
42161985500, 1
6505952522, 1
56426426200, 1
58138035000, 1
57225690151, 1
57200046618, 1
57208083000, 1
57221357045, 1
55888773200, 1
56730441300, 1
55953118400, 1
6602331640, 1
7003826787, 1
55670872400, 1
57224868022, 1
36569925800, 1
8605541900, 1
7004609220, 1
11739266000, 1
58055466200, 1
55993630900, 1
6506683282, 1
57918650400, 1
57733065900, 1
56123177300, 1
57216413479, 1
26323631600, 1
24725653500, 1
57976912400, 1
57976296400, 1
57211045674, 1
35361965600, 1
56599470500, 1
36724279300, 1
55705299500, 1
56747492300, 1
57947304700, 1
57193313942, 1
57199720757, 1
56964443800, 1
57844308500, 1
54381326700, 1
8415644100, 1
58820995900, 1
54900524500, 1
57204517951, 1
57191505603, 1
57225078436, 1
57577877300, 1
57577877400, 1
57215875677, 1
57200605820, 1
23490383900, 1
15078256300, 1
57204974517, 1
57363409400, 1
57817642800, 1
57210826882, 1
58643159400, 1
54997923300, 1
56455191800, 1
56000932100, 1
57951217000, 1
24558695500, 1
57196184789, 1
58706892700, 1
6603782843, 1
36100384200, 1
57306795600, 1
57540423900, 1
58172747600, 1
58174252900, 1
58173394800, 1
58172747700, 1
57254420100, 1
16042465200, 1
57942603100, 1
57217488721, 1
57219704234, 1
57193345612, 1
53981137700, 1
58109927400, 1
55279970500, 1
56780408500, 1
57211398275, 1
7103262006, 1
57196004816, 1
57223333077, 1
57188876696, 1
58734507400, 1
55757781722, 1
57213507131, 1
58044419000, 1
57131644300, 1
56549273200, 1
55796030100, 1
56549256400, 1
53664862900, 1
55342271700, 1
55342093100, 1
57211752752, 1
57211315670, 1
57218630725, 1
57215671109, 1
57213594164, 1
55579905600, 1
57222571564, 1
36859472100, 1
55102294500, 1
57195450868, 1
56598080100, 1
12783536900, 1
57216830650, 1
57198614231, 1
58003217400, 1
55543939800, 1
57897323100, 1
57896845700, 1
53866250300, 1
6507724383, 1
57201083866, 1
36731790300, 1
58754811200, 1
57224831070, 1
56156064200, 1
57222542259, 1
56537554900, 1
57331054700, 1
55650158200, 1
54388071000, 1
57203414531, 1
57980147100, 1
57218477919, 1
16231386900, 1
57221953062, 1
57208649604, 1
25229289000, 1
55248366500, 1
57197755625, 1
16637140400, 1
57304502600, 1
56955067800, 1
36835350000, 1
56393784400, 1
55750849900, 1
36815943600, 1
56951059600, 1
57941609900, 1
58158289400, 1
57807390500, 1
56335354000, 1
57189644206, 1
56795136500, 1
57714961200, 1
57220846739, 1
57781158100, 1
57781942500, 1
57781416200, 1
57782212700, 1
57781158200, 1
57215855399, 1
57781684800, 1
57976222400, 1
25959866900, 1
16047969000, 1
12345288300, 1
16316080000, 1
35196518500, 1
7005731745, 1
58363543000, 1
57220778461, 1
58079319400, 1
57208274374, 1
57222992406, 1
37047172200, 1
57208902455, 1
37027817600, 1
35338459800, 1
37047379900, 1
58126097500, 1
16424498600, 1
55495071500, 1
57141533700, 1
37114764800, 1
57219489360, 1
57204819940, 1
6602223026, 1
6701802186, 1
55628786800, 1
57705737300, 1
57224823803, 1
43661308800, 1
57188700840, 1
57789246500, 1
57581544100, 1
57790088400, 1
57761845500, 1
57219254398, 1
57790088500, 1
57193321795, 1
58196179300, 1
7406558225, 1
57224312402, 1
57263801100, 1
57263619600, 1
57958424300, 1
57957070900, 1
57958424400, 1
8385757800, 1
57224456074, 1
56383538000, 1
57222997738, 1
9248904100, 1
57204669222, 1
56305655300, 1
57221222938, 1
35321954500, 1
23490413300, 1
35323468700, 1
22036040400, 1
18434067000, 1
56818824300, 1
6508243348, 1
57211790361, 1
57211793392, 1
57015683100, 1
58074095300, 1
58075154000, 1
11339073900, 1
57190565078, 1
57191040850, 1
58189807100, 1
7005536085, 1
57386988500, 1
24554445400, 1
25923030200, 1
57223692843, 1
57698303400, 1
57220805006, 1
57171208400, 1
35220910000, 1
57201845856, 1
56489043500, 1
57402256600, 1
57220788163, 1
57864805700, 1
35220808300, 1
7404773562, 1
57896665200, 1
36154606500, 1
55467691500, 1
57196317477, 1
57208073152, 1
56192464300, 1
35387354500, 1
8673641900, 1
58210135500, 1
58209115300, 1
36807588400, 1
35729556400, 1
57194579330, 1
57188694593, 1
58141951400, 1
56626018300, 1
56085343800, 1
58243407800, 1
57071987200, 1
53881461700, 1
7406635106, 1
57201747126, 1
57212554430, 1
56115572100, 1
57211466821, 1
57211473167, 1
56061306200, 1
57194510320, 1
8756797000, 1
57792347600, 1
56446221300, 1
57454142400, 1
8689177800, 1
26635907400, 1
15044460500, 1
57669145900, 1
57220567560, 1
54941135200, 1
56594808000, 1
57208426748, 1
6603787850, 1
56002655100, 1
57210319737, 1
57679752500, 1
55927365600, 1
57021656200, 1
56177488000, 1
55487447000, 1
38062054800, 1
55793029200, 1
57225347103, 1
15066063700, 1
57226188809, 1
57204882330, 1
55351900500, 1
55986714700, 1
57222544786, 1
56671058100, 1
57382966600, 1
35337074400, 1
57382966700, 1
54585544100, 1
35311094400, 1
57872896100, 1
57674331700, 1
57725291700, 1
57224214691, 1
57719555700, 1
26668162300, 1
42360939300, 1
55908580100, 1
57190187262, 1
55942606800, 1
57222609134, 1
54585718700, 1
37065741800, 1
56724773300, 1
19934697500, 1
57451050100, 1
57221326567, 1
57221336346, 1
57451222300, 1
57450327200, 1
56575240400, 1
57271554100, 1
57219473739, 1
57215881684, 1
38862988900, 1
57198798361, 1
14319453100, 1
57222141148, 1
57199471965, 1
57431983900, 1
57431585800, 1
56845206800, 1
58146116200, 1
57325058200, 1
57211677867, 1
57211270896, 1
7007157515, 1
35759081200, 1
57209878366, 1
6701500105, 1
6602339658, 1
57222375670, 1
23866118600, 1
57819894900, 1
36185421500, 1
36967556600, 1
54926137300, 1
26643003700, 1
57782230400, 1
57780914500, 1
57781435000, 1
57781962100, 1
57782501900, 1
57200182081, 1
47861451300, 1
56596116500, 1
57224681842, 1
56973980800, 1
57658855200, 1
57660112700, 1
57654055200, 1
55651291200, 1
56964329000, 1
57574813800, 1
35385970800, 1
56013524100, 1
57202278113, 1
57211336739, 1
25228094600, 1
57222131289, 1
56151190600, 1
57197315597, 1
23476532500, 1
26423278100, 1
44961304000, 1
57189895931, 1
16238490800, 1
57337135600, 1
17345240500, 1
25822058900, 1
42962348700, 1
57194012607, 1
55569470800, 1
57347954500, 1
57216282218, 1
7103257375, 1
57609616000, 1
57565274700, 1
57219089429, 1
57566446200, 1
25625622600, 1
57302068000, 1
57205443449, 1
57445588400, 1
57197871621, 1
58181752200, 1
8965032600, 1
57376138500, 1
57375830100, 1
7101626311, 1
57375523700, 1
6508163542, 1
56013570300, 1
57236266800, 1
57202625717, 1
57202350404, 1
8352756600, 1
14021163900, 1
56398857600, 1
57195685180, 1
57551430800, 1
57551430900, 1
57549482900, 1
57192593938, 1
57226829154, 1
37099152400, 1
55693825100, 1
56461753000, 1
56204524300, 1
56287301300, 1
58280278500, 1
7005974074, 1
45661720800, 1
57211433849, 1
57454891700, 1
57209283832, 1
36834365100, 1
57738081700, 1
57204693709, 1
55871322400, 1
57209239098, 1
57780855800, 1
54879468600, 1
57207728475, 1
55827732500, 1
57478867900, 1
57325267600, 1
57200216716, 1
57479707500, 1
57194435411, 1
54388223500, 1
57205523298, 1
56736974400, 1
7004325086, 1
57190217782, 1
57457559300, 1
57200200142, 1
57422438200, 1
57218604566, 1
57422003600, 1
6503982924, 1
57218856843, 1
54401104700, 1
57216670664, 1
57352646000, 1
57352761600, 1
57220874874, 1
57352761700, 1
57223083457, 1
57224564259, 1
37046036300, 1
56893873600, 1
57460116600, 1
55613777300, 1
56000888500, 1
56000844100, 1
57204431240, 1
57244308100, 1
57680532800, 1
8862792500, 1
57202061817, 1
57447610000, 1
57395335600, 1
54380424200, 1
57447239400, 1
57447117000, 1
57447370100, 1
57447493300, 1
57395436000, 1
57226097549, 1
57209716721, 1
57473614000, 1
57198809804, 1
56622433500, 1
55598390700, 1
7005054973, 1
8722226600, 1
57420932000, 1
37070937700, 1
57197741643, 1
35492680500, 1
57193418340, 1
57222316502, 1
54973826900, 1
6507123919, 1
57195715274, 1
57221821316, 1
57273573900, 1
56170738600, 1
57202785125, 1
57209334557, 1
57223435979, 1
57209144567, 1
57195533166, 1
57200517475, 1
57199839866, 1
57207731820, 1
57211297944, 1
57221752447, 1
57475105900, 1
57190390141, 1
8512669000, 1
57194022079, 1
57678942400, 1
57222585194, 1
57213636100, 1
24281263600, 1
57208001334, 1
57216837578, 1
57222657527, 1
57224110918, 1
58742526200, 1
57199245698, 1
36797967800, 1
8247922400, 1
55505265300, 1
37069740000, 1
57226467277, 1
55151426900, 1
55151370600, 1
57396134900, 1
57188720694, 1
57193123341, 1
57193119518, 1
57505736200, 1
57279255200, 1
57279040400, 1
57713540500, 1
57218353189, 1
16028894300, 1
57350793200, 1
57850687400, 1
57103327000, 1
6603071831, 1
57474295200, 1
57556338600, 1
57555963100, 1
57556719600, 1
36451708900, 1
55917949200, 1
56174294800, 1
57218769138, 1
57206037797, 1
58262806100, 1
7101645077, 1
56708865400, 1
22978889700, 1
57214241129, 1
57192655066, 1
7202051369, 1
57222639695, 1
57285340800, 1
57469138400, 1
54390718300, 1
57856477100, 1
26435784800, 1
57220588878, 1
57201615691, 1
54394148100, 1
6602319450, 1
57206901795, 1
57429027300, 1
57429914700, 1
57429383200, 1
57215217507, 1
57770958100, 1
57193153536, 1
58527943700, 1
56027445400, 1
10045832700, 1
57734006400, 1
57197277229, 1
57841332500, 1
57205108851, 1
58088211600, 1
57223043896, 1
57719534400, 1
15834638300, 1
9038019100, 1
57211135265, 1
57203159927, 1
57254262000, 1
55425889800, 1
57205110351, 1
56768798000, 1
8708578400, 1
57765075300, 1
57205109387, 1
57218559620, 1
57212496891, 1
57280435200, 1
15923127300, 1
55907203300, 1
57198725150, 1
7005073172, 1
56159168500, 1
57324579400, 1
55657842900, 1
57483326700, 1
35096582300, 1
57559715500, 1
55899827400, 1
22938791300, 1
57610159200, 1
57607500100, 1
57217997958, 1
58165089800, 1
55471418600, 1
16305405100, 1
57202787309, 1
57222334737, 1
57202707315, 1
57219704729, 1
57223346641, 1
56192888200, 1
57428083200, 1
7403247709, 1
57213116240, 1
57208325890, 1
24481062500, 1
57192153733, 1
6603430833, 1
55188958100, 1
57221193379, 1
57193322321, 1
57226573480, 1
57226567433, 1
57226569720, 1
57216862907, 1
57191154972, 1
56419816700, 1
57194413211, 1
57282519800, 1
57202874923, 1
57201186794, 1
57214683296, 1
57202455098, 1
57221641881, 1
56529802500, 1
55219949200, 1
56954071800, 1
7201481284, 1
57222463148, 1
58263369700, 1
57197853641, 1
54977530800, 1
55968838500, 1
57010545800, 1
13606231700, 1
57203854179, 1
57194738594, 1
57259235100, 1
57202587089, 1
57204137703, 1
57218509349, 1
7005654491, 1
57566924200, 1
57566924300, 1
57567728600, 1
58520814400, 1
57193279971, 1
57207742834, 1
57292697200, 1
35321367300, 1
6701711546, 1
36773183900, 1
7404654376, 1
57191618693, 1
8415907800, 1
6602114866, 1
57223223785, 1
57221384277, 1
57221441648, 1
56768831300, 1
57226281427, 1
57200583084, 1
57211440051, 1
57196896450, 1
57188572612, 1
57214797448, 1
16041822600, 1
57219914469, 1
57208713643, 1
55376792900, 1
57224317040, 1
57213104245, 1
57224313016, 1
57192996654, 1
57224312636, 1
55749137000, 1
55749243300, 1
57193129002, 1
6506311583, 1
6603711095, 1
55245332600, 1
35322749500, 1
57205211796, 1
57221425818, 1
57189761974, 1
12241982100, 1
7102766115, 1
56316598900, 1
57205454476, 1
55578831800, 1
57224509398, 1
56412522400, 1
55822874900, 1
7801641839, 1
56254692100, 1
57224475378, 1
7004014584, 1
57219548657, 1
57209657497, 1
24168317100, 1
15521597100, 1
25639099700, 1
57204785365, 1
36341411600, 1
35548646500, 1
55968821200, 1
57193548075, 1
57216655129, 1
54585062000, 1
25631761000, 1
57204415514, 1
55046681300, 1
57219358947, 1
57202496055, 1
26537373600, 1
55845665200, 1
57208154699, 1
56692717400, 1
57211336220, 1
57215576473, 1
57217680293, 1
57217681755, 1
55846529700, 1
56467825300, 1
55940564900, 1
57326518400, 1
57225171951, 1
57225184070, 1
7402011766, 1
57222102376, 1
56607137200, 1
57209231473, 1
57215004240, 1
55341444300, 1
57224818180, 1
58695501700, 1
57209259857, 1
58819274600, 1
58819274700, 1
56373254000, 1
57244465600, 1
57244197100, 1
57244053900, 1
57215694719, 1
54398899400, 1
55894142500, 1
57216459569, 1
57218942831, 1
55996352700, 1
58587489600, 1
55341793900, 1
55396591000, 1
55548015900, 1
58827202300, 1
58170676400, 1
57194103707, 1
56644691800, 1
35368129100, 1
56364012100, 1
57222958007, 1
57219967619, 1
26636585700, 1
13205211400, 1
57203913032, 1
55484803600, 1
57204558146, 1
57210389265, 1
17342013900, 1
57217360008, 1
26657744600, 1
57201338243, 1
16025957900, 1
57189592363, 1
8090970600, 1
55648724700, 1
22935816700, 1
56120812300, 1
6603460865, 1
37080388600, 1
57485362600, 1
57484939600, 1
57216909751, 1
57208422837, 1
57339209300, 1
57208671567, 1
57219307539, 1
57204884035, 1
55619294501, 1
55800071200, 1
57220199769, 1
56663184400, 1
57193497710, 1
57216562626, 1
57212489021, 1
57193795961, 1
16041949000, 1
57223293718, 1
55946575900, 1
57203957095, 1
57190954970, 1
57215789686, 1
58675177200, 1
58675916100, 1
58147036600, 1
56701521900, 1
57216860628, 1
57345647400, 1
55286378200, 1
57297606100, 1
57221953081, 1
35189026100, 1
57570239600, 1
57217848388, 1
56307469400, 1
36630266400, 1
57475163200, 1
24828957100, 1
55480886700, 1
55933842700, 1
57201397106, 1
26655150900, 1
57207009972, 1
57215502106, 1
57221314905, 1
57204584007, 1
55545712000, 1
56465237700, 1
57220848105, 1
57129267800, 1
55363101800, 1
12241382000, 1
7004865670, 1
36727886600, 1
57290939300, 1
57000308700, 1
23995132400, 1
14029889400, 1
55343068900, 1
56073002100, 1
25621752900, 1
7006307069, 1
37027355300, 1
56529763100, 1
55817200200, 1
34880795300, 1
57283480700, 1
57214892745, 1
57214892044, 1
58508006900, 1
58507110500, 1
57194547969, 1
58594245100, 1
57226256866, 1
56313234400, 1
16454807400, 1
6505955290, 1
57365867300, 1
57366298200, 1
57188871516, 1
57208904889, 1
57218625125, 1
57188881556, 1
57190262053, 1
54079527300, 1
55484607500, 1
16424961000, 1
55672456500, 1
57194336221, 1
56149143100, 1
53982005800, 1
16646124800, 1
26537367900, 1
57217589166, 1
36906212300, 1
22834960500, 1
7403362626, 1
57201341543, 1
7004963806, 1
57212592744, 1
56581916800, 1
57210951087, 1
57222408345, 1
6602697956, 1
57204095881, 1
26028374700, 1
57193265572, 1
56928245100, 1
57221500914, 1
57219960448, 1
37561011900, 1
9637534800, 1
35248882900, 1
57202022025, 1
57219979400, 1
55487158400, 1
7403073238, 1
57220806677, 1
57444432400, 1
57443661000, 1
57444239300, 1
57226461723, 1
57220861956, 1
57189471078, 1
56194064400, 1
55683029200, 1
57205522760, 1
35747409600, 1
23397062600, 1
57452573600, 1
57188538064, 1
57212033899, 1
57656281300, 1
57196391313, 1
57195941650, 1
58562693600, 1
58563342500, 1
57226730127, 1
57219475094, 1
7003284772, 1
26643558900, 1
6602100590, 1
8983043400, 1
27167667200, 1
57222112837, 1
57142797800, 1
57199724927, 1
44661003300, 1
12239962300, 1
55576911000, 1
57220926685, 1
57220927946, 1
57217008772, 1
55576831300, 1
55265993100, 1
58634063100, 1
57244595800, 1
58411487500, 1
57223373619, 1
57223917799, 1
57223917467, 1
57223371828, 1
57218771266, 1
55890772000, 1
57192390201, 1
57193846456, 1
24077804300, 1
57217155533, 1
25641137400, 1
57193226278, 1
57311522600, 1
57201854868, 1
57218125352, 1
56491118300, 1
6507845967, 1
54684691000, 1
7006070865, 1
57194196319, 1
57209342276, 1
24280479800, 1
57213157544, 1
55486820200, 1
25958187400, 1
12240843700, 1
57219698599, 1
14821924600, 1
12142705600, 1
55225772900, 1
56386106600, 1
57547996100, 1
57218263299, 1
57209103172, 1
57210171803, 1
23488716100, 1
57191413967, 1
22937746800, 1
57200303550, 1
57219861538, 1
57199234020, 1
57212406667, 1
57188875144, 1
57204522153, 1
57211946585, 1
57211952190, 1
57211944611, 1
57211942776, 1
7005294480, 1
55466623800, 1
57202418501, 1
7403924718, 1
55725928200, 1
57190792871, 1
8589857500, 1
54792801600, 1
57221959722, 1
15070170100, 1
55303701900, 1
35729005600, 1
35146234600, 1
57203970205, 1
55191285700, 1
57221398548, 1
57205352138, 1
26028445100, 1
57192811926, 1
7406686297, 1
35740173800, 1
57215822875, 1
57243775700, 1
57217092326, 1
57195755516, 1
56711583700, 1
57216617428, 1
25629733500, 1
23101823400, 1
7004191991, 1
6603146659, 1
57070624200, 1
56413559900, 1
55262361200, 1
57218365678, 1
57194035654, 1
57190136216, 1
7403214401, 1
57221527482, 1
57221518954, 1
57215218884, 1
57204435642, 1
57205081488, 1
57217117704, 1
57190584064, 1
57212313916, 1
57191927656, 1
57212142386, 1
57201486765, 1
58724015600, 1
57193417700, 1
57207081918, 1
56525439100, 1
56902672200, 1
57492456700, 1
58177509600, 1
57218162506, 1
36614558000, 1
55940412500, 1
57219977194, 1
57219980564, 1
57220050882, 1
6507567094, 1
57212930053, 1
6506870654, 1
57202032227, 1
57193447825, 1
57209267469, 1
37122831400, 1
57190936817, 1
35230794000, 1
57196328367, 1
57216910753, 1
14022091000, 1
57218791692, 1
56545746700, 1
57218914073, 1
36348927600, 1
56313861400, 1
56982747500, 1
55454433600, 1
57216179386, 1
57211663003, 1
57196153663, 1
57205129534, 1
48260954900, 1
57191917615, 1
36190434200, 1
57214129909, 1
11339147400, 1
57202125677, 1
57212376920, 1
57212386510, 1
57197854572, 1
57212385188, 1
57208310878, 1
25224660400, 1
57211913740, 1
16426138800, 1
57212087470, 1
57211290738, 1
57193736048, 1
35416301800, 1
16040451300, 1
57221739649, 1
57221751611, 1
57664149800, 1
57212009622, 1
57209071524, 1
57211638576, 1
57191032983, 1
57211626039, 1
7003338710, 1
6506562514, 1
6701323180, 1
58778973100, 1
57194092488, 1
57201493957, 1
12752396500, 1
30567483900, 1
57024184400, 1
57217159904, 1
17341843700, 1
37002795200, 1
7101795666, 1
57222612093, 1
57190819628, 1
8450963800, 1
57217162000, 1
14012121900, 1
57213152911, 1
55274105000, 1
57078973400, 1
18435460800, 1
6602136919, 1
57204587027, 1
57215924563, 1
57204585588, 1
57204583284, 1
6506384220, 1
6503991891, 1
57218698750, 1
6602526503, 1
54896558900, 1
57214882042, 1
57214889625, 1
57184226400, 1
11738974800, 1
57217109427, 1
36990782200, 1
46261226500, 1
57198653952, 1
57217103007, 1
57217109451, 1
57195958753, 1
57218954067, 1
57193560008, 1
36133820600, 1
57222732257, 1
57194343866, 1
55193461500, 1
56084994500, 1
55193460000, 1
56039045600, 1
57217065539, 1
57211621563, 1
57200047514, 1
23483059700, 1
7005697838, 1
57202198644, 1
58394324000, 1
57225287037, 1
25227624500, 1
22833726000, 1
54406492200, 1
57201505974, 1
57329894800, 1
57218684734, 1
57202784287, 1
57218688311, 1
57191664301, 1
57218687550, 1
57211580954, 1
57193667044, 1
55878202300, 1
57209632394, 1
56698975900, 1
56699336900, 1
7005212004, 1
57216963911, 1
57218625221, 1
8864866800, 1
57195228750, 1
57217081530, 1
57117808600, 1
55203609700, 1
57203913320, 1
57218173127, 1
56566082900, 1
57220567945, 1
23020362000, 1
36600605300, 1
57218248005, 1
25230779800, 1
55912282600, 1
57191285288, 1
57217196032, 1
57217203621, 1
57217194393, 1
36621052200, 1
19640130900, 1
57205246985, 1
36993940600, 1
55639163700, 1
54382414900, 1
36495840000, 1
57223931714, 1
57190217060, 1
57190218182, 1
57214665353, 1
57190218151, 1
57200676094, 1
56233437000, 1
57193853358, 1
57224729902, 1
57194429104, 1
57193859300, 1
8647305800, 1
57217057293, 1
57210570113, 1
57193241068, 1
57211095161, 1
55881532000, 1
55879554500, 1
6506107832, 1
7004487734, 1
6701918263, 1
53463346300, 1
55820719000, 1
15838879900, 1
57216222672, 1
57226293887, 1
57226280642, 1
57196909351, 1
23985940300, 1
55471438900, 1
6603191612, 1
55993768200, 1
57219873880, 1
12798701300, 1
57204680578, 1
57218105158, 1
57211005510, 1
26665177300, 1
36142613900, 1
36494707200, 1
57195356375, 1
55188576700, 1
36141248900, 1
57216743452, 1
7102722752, 1
57216744084, 1
6604026403, 1
57223127844, 1
57204498262, 1
57213623335, 1
57193910035, 1
27171332300, 1
55544995100, 1
55980512100, 1
57210961232, 1
8866764400, 1
57205127828, 1
57218444124, 1
57207937818, 1
57207927732, 1
56308645800, 1
7005571645, 1
55240212700, 1
7003897078, 1
57202944536, 1
57209639796, 1
57205329731, 1
57209642594, 1
57208800804, 1
57205128363, 1
56729158200, 1
8914301400, 1
57212223214, 1
56449228300, 1
57214778099, 1
57214779403, 1
57212492813, 1
57218278575, 1
57208027235, 1
57211630365, 1
57204532281, 1
55935835700, 1
54419083400, 1
57204938455, 1
56644662700, 1
56013603800, 1
57200728387, 1
57188803168, 1
57803320800, 1
58648010800, 1
58647839500, 1
57201742367, 1
57209211038, 1
35113786800, 1
58348728100, 1
15127748800, 1
57224321972, 1
57126900500, 1
57220177756, 1
57203820141, 1
6602873133, 1
57203884363, 1
57203885533, 1
57216616462, 1
57219598939, 1
57219592542, 1
57219593034, 1
57219603986, 1
57219602603, 1
8433060700, 1
57192074773, 1
57208820532, 1
55843168000, 1
6603320866, 1
57211139365, 1
57219715045, 1
57192879245, 1
37104111100, 1
57204095082, 1
57211606082, 1
16232896400, 1
57211601128, 1
57202130295, 1
14042101600, 1
57211013398, 1
57212761279, 1
57212755512, 1
57208319411, 1
57210598368, 1
56997139200, 1
57214243348, 1
56509602000, 1
57210887316, 1
57201401278, 1
55470292300, 1
57214556569, 1
55942071800, 1
56019048500, 1
14026158700, 1
57212931873, 1
8405599400, 1
55085009800, 1
57203383865, 1
7102113002, 1
53880545500, 1
45061112200, 1
6603840688, 1
56015337600, 1
56732944400, 1
57186677100, 1
56720354700, 1
57208835855, 1
57209253944, 1
57208479323, 1
57214115620, 1
57214114540, 1
57204527234, 1
6602568380, 1
57203763341, 1
55626010900, 1
57188744644, 1
58819252800, 1
56319685300, 1
57191614745, 1
57211562560, 1
57206699135, 1
57216894783, 1
8898697300, 1
57219986141, 1
55545044000, 1
57211953233, 1
55803413200, 1
55977406500, 1
57207645776, 1
56304204400, 1
57193438564, 1
6602588862, 1
57189306390, 1
55893523400, 1
7102646826, 1
6602632219, 1
57202790160, 1
56035729500, 1
57208087857, 1
56062253200, 1
57209470765, 1
57191572857, 1
14064444900, 1
6603434169, 1
57221645675, 1
6508194013, 1
55883195600, 1
56862172100, 1
12807107200, 1
56666823500, 1
35604949300, 1
55961920800, 1
55568695900, 1
23482329500, 1
57195354390, 1
35611465200, 1
57203550506, 1
56538308100, 1
57203555644, 1
57194411026, 1
8965927800, 1
55684326100, 1
8378257700, 1
57210175193, 1
57211981685, 1
57211977321, 1
57191756110, 1
57219470204, 1
15046258100, 1
57205260745, 1
57205267986, 1
57205264985, 1
57205260883, 1
57205268282, 1
57209618574, 1
55721704900, 1
56868057800, 1
53164091600, 1
57192464844, 1
36016968900, 1
57224129786, 1
57194279370, 1
55574239744, 1
57203726968, 1
57209419443, 1
57209419326, 1
57193429270, 1
14829955900, 1
57219221050, 1
57211034497, 1
57211029553, 1
57204065278, 1
57213149380, 1
55723955200, 1
57216410412, 1
57194625157, 1
57222720220, 1
57216345356, 1
57223210156, 1
57209220709, 1
25932005700, 1
56627474900, 1
8564805500, 1
8393504200, 1
10041700800, 1
57372245100, 1
57968746600, 1
56520741600, 1
57214665894, 1
56522710900, 1
35309136900, 1
57194013531, 1
56803930800, 1
57192544235, 1
16316908100, 1
8274543000, 1
6602880645, 1
57209008088, 1
36911444900, 1
25421111100, 1
23969589100, 1
57208107252, 1
7801444266, 1
57190121418, 1
57202443428, 1
15754713200, 1
6603188726, 1
57191597801, 1
57209322909, 1
57209316604, 1
57209316922, 1
57209319151, 1
57209323704, 1
57211971794, 1
56697711600, 1
22234407900, 1
57210286106, 1
57194559398, 1
57210289462, 1
14052955400, 1
55918162600, 1
35943170600, 1
9332736200, 1
57205406851, 1
26321760700, 1
56524626600, 1
6508377827, 1
53163142300, 1
57388935800, 1
57388962200, 1
57200725631, 1
56092435100, 1
56094377300, 1
56232581900, 1
57209882556, 1
56801815200, 1
35798499000, 1
57200165765, 1
57194344861, 1
57193090512, 1
57191633514, 1
57194334280, 1
6507668437, 1
7004549103, 1
8084670500, 1
8547950000, 1
57194635494, 1
57188765078, 1
55655912100, 1
6603557560, 1
57218420161, 1
7003508310, 1
12797822900, 1
57199061785, 1
55544980700, 1
56974405100, 1
17345869200, 1
57194429382, 1
57195715467, 1
56300606500, 1
57194069218, 1
57190289552, 1
6701801485, 1
57203401108, 1
55553266200, 1
7401886959, 1
57207472421, 1
54974394200, 1
57930864100, 1
57201076740, 1
58487669600, 1
57197707376, 1
57197712280, 1
57197720562, 1
37361106700, 1
56607056300, 1
6603457938, 1
57188768886, 1
8866930100, 1
57205152668, 1
57205156441, 1
36148849700, 1
57205158236, 1
57205156907, 1
57195644087, 1
57202222453, 1
57202219083, 1
57195539985, 1
6701678516, 1
7006290539, 1
8931822000, 1
36622794800, 1
57191915006, 1
8507267800, 1
55988138600, 1
22937665200, 1
7006773718, 1
57205763724, 1
57204971816, 1
57220483544, 1
57205763726, 1
24765880900, 1
57209271683, 1
57209268102, 1
57209273391, 1
7003615316, 1
57209271498, 1
8977075200, 1
57197711294, 1
57188591326, 1
55493446000, 1
57221016081, 1
57196495914, 1
7005010300, 1
57188581204, 1
7103143839, 1
8594175800, 1
57196472001, 1
7102624764, 1
6508051725, 1
57201853786, 1
56480196900, 1
57202049130, 1
57202047014, 1
7102960761, 1
57209659878, 1
36698072100, 1
57200030506, 1
56203264400, 1
22947645100, 1
56878600000, 1
6602974383, 1
57205881615, 1
57191256049, 1
55910487300, 1
57202784182, 1
57202784669, 1
36195268300, 1
56957968600, 1
6603404971, 1
7003409831, 1
57202070625, 1
57202081677, 1
56541640900, 1
55208663600, 1
56638351200, 1
57201620538, 1
36602130500, 1
7003634453, 1
20434784800, 1
36198612100, 1
37101792700, 1
57201339835, 1
57201343556, 1
56507289800, 1
6602648482, 1
6602121653, 1
8920358800, 1
36654696300, 1
23978287800, 1
22984278600, 1
58622344600, 1
55443515000, 1
50662369500, 1
19337361500, 1
57192699234, 1
23050878300, 1
56446595900, 1
23097731300, 1
24336566300, 1
57006802700, 1
56683182000, 1
57006728600, 1
57195266488, 1
21734824600, 1
57201821630, 1
55893095500, 1
57208905057, 1
57208904649, 1
57208902106, 1
57188748174, 1
57192009582, 1
57200231907, 1
57200600849, 1
55797700200, 1
57202254077, 1
57211297283, 1
17135958900, 1
57189324063, 1
56705771000, 1
8983100200, 1
8983100800, 1
57204139734, 1
55522419700, 1
57204147052, 1
57204147198, 1
57204149122, 1
57204142750, 1
57193831688, 1
57193825119, 1
56458976700, 1
57514663500, 1
57204595204, 1
57204595324, 1
56037685000, 1
57204605662, 1
57204601948, 1
57204603682, 1
57202395914, 1
55910402300, 1
57203844721, 1
57203573367, 1
37100411700, 1
36521550800, 1
57192877757, 1
57194234201, 1
57194232557, 1
23092468000, 1
9234752100, 1
25723716500, 1
55915436600, 1
56383442400, 1
35334974300, 1
7004751343, 1
57199686488, 1
58029222700, 1
55900631900, 1
57201256641, 1
57201256111, 1
55423036700, 1
35608963200, 1
57202916814, 1
24775714500, 1
57196199297, 1
7102222067, 1
7201862841, 1
57202455329, 1
57210076587, 1
57221758533, 1
57203904488, 1
56747439700, 1
57201801523, 1
57454217300, 1
57201433544, 1
57696653400, 1
57202941855, 1
57202944160, 1
56068490400, 1
57210932752, 1
57197808486, 1
15055273700, 1
15055877400, 1
16835786300, 1
57213758416, 1
55309673700, 1
57189005138, 1
35361455100, 1
57203505142, 1
6603091232, 1
6508254869, 1
35484937000, 1
57202628196, 1
55601275600, 1
57191376772, 1
57191722793, 1
55560058000, 1
57207889343, 1
55195744200, 1
29067882800, 1
58068387700, 1
57201073990, 1
57201078669, 1
57197866124, 1
57197770767, 1
57189997628, 1
57129233000, 1
6506916492, 1
35742689600, 1
57195681319, 1
55506160600, 1
57202961443, 1
55698057100, 1
57203182067, 1
57207446158, 1
23012022400, 1
57201670318, 1
57201677010, 1
57208110986, 1
35096481000, 1
56975768400, 1
57203629860, 1
36995045800, 1
57191864974, 1
57197524986, 1
6603461014, 1
49861383900, 1
7102461199, 1
55936252500, 1
56904391900, 1
56181948200, 1
35323794000, 1
6701354611, 1
57188581108, 1
57188585378, 1
57188580574, 1
55258464600, 1
57132224200, 1
6504817286, 1
54403697500, 1
57203779876, 1
7003316924, 1
55664491700, 1
7004010817, 1
9234134900, 1
56356517400, 1
36618033800, 1
6602228804, 1
6507155338, 1
6603106667, 1
56007824100, 1
15044522600, 1
6507252349, 1
36661249200, 1
56007985300, 1
10240270500, 1
37026044500, 1
55890582300, 1
56229053100, 1
57060575100, 1
36945161400, 1
7004224260, 1
6701797154, 1
8550146500, 1
56464231800, 1
10939404400, 1
6601954274, 1
55795520100, 1
8242484100, 1
24280476200, 1
55949009900, 1
56052703200, 1
57192114440, 1
57192118165, 1
42462894300, 1
57192114987, 1
56647269900, 1
56493532500, 1
23969631900, 1
6506921068, 1
36993011600, 1
37057133400, 1
8682151100, 1
37057167500, 1
7003552332, 1
6506533198, 1
16023478000, 1
6602895997, 1
57203356814, 1
57203354451, 1
54580696200, 1
56813872500, 1
56814123000, 1
7405572441, 1
56036071500, 1
57189622072, 1
56114768800, 1
55721302800, 1
56591481200, 1
55841588000, 1
57202066586, 1
8891103600, 1
56576803900, 1
7405919347, 1
7103321490, 1
15069192000, 1
6603050034, 1
56526949300, 1
7201855698, 1
51664434400, 1
57226226223, 1
36606899200, 1
35321977200, 1
23096076900, 1
57190294503, 1
15925895900, 1
6507343292, 1
57189659636, 1
7404356505, 1
56105913200, 1
55481757300, 1
57126902600, 1
57127214100, 1
55557913400, 1
16244588700, 1
55420045100, 1
57193350360, 1
57193344871, 1
57193348926, 1
6507240255, 1
57192370338, 1
56951041400, 1
57188745906, 1
35745175900, 1
24401361300, 1
6602688638, 1
56879763100, 1
6602595524, 1
24825319200, 1
7004063625, 1
12140715100, 1
57156587600, 1
57156549400, 1
58254383900, 1
57156208700, 1
57156148800, 1
7801675009, 1
23978522000, 1
57209449015, 1
6602714814, 1
56580274500, 1
57198613517, 1
57188758672, 1
55567875100, 1
23012882200, 1
8717215300, 1
7006096981, 1
57195105218, 1
57120237100, 1
57191527033, 1
57196313046, 1
56438079900, 1
12141647800, 1
7402909909, 1
55382962200, 1
35067873700, 1
55706576500, 1
57037831800, 1
56136720000, 1
57193120342, 1
57221274472, 1
56857187300, 1
57192088576, 1
56229531000, 1
6506133767, 1
7003350908, 1
57200293816, 1
57200296561, 1
56612849500, 1
7202911852, 1
57196841920, 1
57194796456, 1
26648975600, 1
34979617600, 1
6602468863, 1
57216038637, 1
55764843700, 1
14518929500, 1
55854765000, 1
56673124000, 1
56673254700, 1
56673339100, 1
16551547300, 1
36682605000, 1
44961655500, 1
55857418200, 1
55226327700, 1
57190974322, 1
57194498125, 1
56843891700, 1
56118827100, 1
55504728000, 1
56844963200, 1
36057751400, 1
7101751978, 1
7203082008, 1
55806346200, 1
57189522902, 1
57189356159, 1
14057043800, 1
16302065700, 1
55347366900, 1
57053400700, 1
56183477500, 1
6507791956, 1
56491218600, 1
56584453700, 1
56584629000, 1
6602879316, 1
55660955200, 1
57211460102, 1
56801299000, 1
56801344400, 1
56267884200, 1
56801149100, 1
57203583139, 1
56002766300, 1
57195548997, 1
56013550300, 1
57045784200, 1
36545718900, 1
6506774282, 1
57045502200, 1
56650887800, 1
56915014600, 1
57193838072, 1
57194305773, 1
34978993100, 1
57014813900, 1
57014879900, 1
8539701100, 1
24079237700, 1
56444351500, 1
18635862300, 1
22636384700, 1
7003301525, 1
57193385034, 1
57192586367, 1
35603619400, 1
56107380500, 1
55893777700, 1
10440631300, 1
55844410800, 1
58511933700, 1
57201783917, 1
14632592000, 1
56333981100, 1
55991640100, 1
57197280583, 1
57141169400, 1
57141294200, 1
57141378900, 1
57141113100, 1
57141679600, 1
56905428400, 1
57215832356, 1
57888489900, 1
56128345500, 1
35237699400, 1
55571909300, 1
56335483700, 1
55258509100, 1
7801606499, 1
8251751500, 1
23980822600, 1
7801693106, 1
57204511102, 1
55596337500, 1
35100681800, 1
55625995800, 1
6506632411, 1
6603721831, 1
7402877987, 1
6602627004, 1
57198485676, 1
55420656700, 1
6507066053, 1
55340222200, 1
16445370100, 1
6701720509, 1
7402498746, 1
7003513397, 1
55821831100, 1
55062274200, 1
55334580500, 1
13609022200, 1
6507676036, 1
55058082700, 1
35273101800, 1
55671777600, 1
57022361800, 1
7006653213, 1
57203575935, 1
44860925000, 1
55317039700, 1
57207832574, 1
6701402047, 1
8623737800, 1
55743720900, 1
36150910600, 1
36621207600, 1
47161482100, 1
8522888800, 1
6701444934, 1
7202140775, 1
25628773200, 1
6507667222, 1
7201884669, 1
37019987600, 1
57206903105, 1
6701923035, 1
7201480880, 1
8590147900, 1
56010778100, 1
7101909858, 1
57216640276, 1
16638753300, 1
56009115400, 1
55557075600, 1
56185682800, 1
56098224200, 1
26221826200, 1
7202915137, 1
8901277700, 1
57213570102, 1
55546545500, 1
39162023700, 1
55745711700, 1
6506337749, 1
8225481500, 1
23568346000, 1
55694515100, 1
14833651800, 1
23052089300, 1
13806563400, 1
55205981500, 1
24831646700, 1
57206524152, 1
56623522800, 1
57210164924, 1
57225962311, 1
57206920935, 1
55717141500, 1
55362722100, 1
55559449300, 1
56342503100, 1
55899677000, 1
55383292900, 1
56678689800, 1
6602206426, 1
6602988968, 1
8547950100, 1
55144050300, 1
10440721200, 1
35609549400, 1
55883178400, 1
55553987500, 1
57192949056, 1
6602092413, 1
42061534700, 1
58163352100, 1
7801531592, 1
6602795537, 1
15759436800, 1
55898327600, 1
55899808200, 1
55899303000, 1
55899453800, 1
55897945700, 1
55357595200, 1
55676099300, 1
6506670100, 1
6601972252, 1
57193414070, 1
41262186700, 1
7005626074, 1
56355176300, 1
35317294900, 1
57205069948, 1
16024618000, 1
55933392500, 1
6603366190, 1
55258508500, 1
55797036600, 1
56013891200, 1
37027763100, 1
6506179888, 1
8085957300, 1
57199767716, 1
55340003400, 1
56835103600, 1
7102848158, 1
55895039100, 1
55533288200, 1
7005923456, 1
55619995200, 1
55620278000, 1
58591143400, 1
55886933800, 1
55888732400, 1
55888102100, 1
56107473800, 1
56367468400, 1
35363650500, 1
35477235200, 1
55887761300, 1
50661703700, 1
55076410600, 1
55886494100, 1
7102870431, 1
35519280600, 1
8641341000, 1
55676438700, 1
57192167055, 1
55676892700, 1
55676878700, 1
35272613800, 1
56259223600, 1
56257737900, 1
42161231200, 1
57214012576, 1
54954628900, 1
6602649820, 1
55771327600, 1
55771808100, 1
56263502100, 1
57221604807, 1
6507727967, 1
55635706300, 1
55635447000, 1
55808677500, 1
56412244500, 1
36667934300, 1
56790127700, 1
25650707400, 1
22978615000, 1
16025275000, 1
56042376900, 1
55847096400, 1
56587227600, 1
22940968100, 1
57198116719, 1
12545580300, 1
25926089700, 1
35750795400, 1
57694071200, 1
7005839964, 1
35305122800, 1
37073632100, 1
57203529874, 1
7004397606, 1
35489376700, 1
35487203200, 1
9845074800, 1
55216551500, 1
7102210728, 1
26433576600, 1
15836155800, 1
56013730600, 1
6701883693, 1
55044075000, 1
55044485500, 1
7003427602, 1
22939538900, 1
7005121594, 1
56266372600, 1
8899555600, 1
37080187800, 1
16033265800, 1
49560987000, 1
7403710129, 1
55382765100, 1
55383062300, 1
35996038200, 1
55112285500, 1
35171922900, 1
35249402300, 1
35247662500, 1
36450645900, 1
7003369854, 1
23992013300, 1
55347131400, 1
55346983200, 1
15080574400, 1
55210933700, 1
7006371246, 1
35220134300, 1
24381722900, 1
6602537869, 1
11140118400, 1
55773000800, 1
36243628600, 1
37046785600, 1
12760339700, 1
54902006800, 1
7005659207, 1
56994244500, 1
51663307400, 1
8623373400, 1
16043313500, 1
16301416600, 1
55875020400, 1
55199806300, 1
14071497400, 1
35577298900, 1
7801639883, 1
24438322400, 1
56953837500, 1
8660580200, 1
38861543400, 1
55506498800, 1
8660580000, 1
55171217600, 1
8660579900, 1
57211976328, 1
55568511954, 1
55271859900, 1
6507330575, 1
7006723914, 1
35975714200, 1
16047397600, 1
6602205937, 1
8228159500, 1
8228159600, 1
29767624100, 1
55955567700, 1
16304348800, 1
35105234000, 1
54413967200, 1
13105560700, 1
26025671500, 1
55199801900, 1
56012006500, 1
14421674800, 1
6602176582, 1
24340526300, 1
26433622600, 1
54409462000, 1
8363844100, 1
6505850912, 1
56155291100, 1
6603128143, 1
7102485567, 1
36700333300, 1
55419603000, 1
54583472600, 1
23489132600, 1
9742595900, 1
55473829100, 1
36437802800, 1
23100641600, 1
25222853500, 1
37072957000, 1
55911122700, 1
55266295500, 1
58259323300, 1
55303182600, 1
56097884000, 1
55303907800, 1
51161422100, 1
55577047900, 1
55729668600, 1
26434195500, 1
7405732464, 1
35589755300, 1
55228493100, 1
56310932500, 1
8652316300, 1
55469348400, 1
13606569800, 1
36900302200, 1
57192187583, 1
37025516300, 1
35203050900, 1
23098217400, 1
57224249826, 1
36138597700, 1
36139124600, 1
24577588800, 1
57210836804, 1
7601599352, 1
7004688437, 1
35417569500, 1
7103202513, 1
35333538400, 1
36469619200, 1
36552315400, 1
55312553700, 1
6507088248, 1
36955811800, 1
57220775440, 1
55916288400, 1
9633725400, 1
6602323291, 1
7404400854, 1
36131330500, 1
36238937800, 1
57190968916, 1
6603946990, 1
7006609577, 1
7005245127, 1
55626278500, 1
6602645008, 1
7006342053, 1
8604337500, 1
37083816000, 1
37083343100, 1
37084414200, 1
23971311000, 1
37082777800, 1
7007032476, 1
7202334820, 1
6504073055, 1
36068379000, 1
7006013763, 1
55733616200, 1
7006468747, 1
55665476700, 1
7401604238, 1
40762104400, 1
25927026000, 1
9043080400, 1
6508046224, 1
55499263700, 1
6506903494, 1
7003803445, 1
26325952900, 1
57213052997, 1
8255799000, 1
35201168300, 1
35799555800, 1
55985896200, 1
55713489600, 1
16203083000, 1
7005518512, 1
56246320700, 1
12239809500, 1
6701662781, 1
55932857200, 1
7801312580, 1
7004240392, 1
6603920261, 1
17134080400, 1
23978331400, 1
7102575255, 1
36047275100, 1
7201917197, 1
7401536553, 1
7401958694, 1
15061312100, 1
22135427300, 1
15067932200, 1
57198023995, 1
7402584884, 1
57197444102, 1
57211052349, 1
7402854216, 1
9747102900, 1
36096504200, 1
55707848500, 1
7201871335, 1
7404259026, 1
7006122909, 1
6603634808, 1
7103350429, 1
7006431727, 1
57193330743, 1
7406896918, 1
7102722517, 1
6602296051, 1
7003349552, 1
6701586047, 1
7004230952, 1
7101717102, 1
7003668640, 1
57200277064, 1
7003820076, 1
23490568300, 1
6602898658, 1
24331160900, 1
6602242315, 1
57198643816, 1
56135471600, 1
15019800200, 1
7406241562, 1
7409794290, 1
55946742400, 1
55403207300, 1
7404129475, 1
23567760800, 1
7004496281, 1
23568328900, 1
7007183707, 1
36798572400, 1
9841812700, 1
55665209100, 1
10045217100, 1
7004396215, 1
57209306060, 1
36977541700, 1
15768939000, 1
7404983883, 1
23493265600, 1
6603952546, 1
8076880300, 1
14421304700, 1
36747497000, 1
35447867000, 1
57226272074, 1
57195064238, 1
22991679800, 1
16417399500, 1
57196104401, 1
23009077300, 1
7102002968, 1
7202348774, 1
8244782100, 1
7201967369, 1
7404198344, 1
14619499400, 1
7801486147, 1
56002677100, 1
6507439295, 1
6507830886, 1
7004260997, 1
26032489500, 1
6602699425, 1
6701518733, 1
35401615300, 1
7005886612, 1
23391791000, 1
22133913100, 1
6603779970, 1
6508131443, 1
51563292000, 1
6508077037, 1
7003527739, 1
15036370800, 1
23390271700, 1
7404884053, 1
6602988519, 1
7005416725, 1
57209310214, 1
57205585070, 1
7006421495, 1
6603177520, 1
57205581816, 1
6603808732, 1
55242111900, 1
7101793278, 1
23480105200, 1
6506797474, 1
24176852200, 1
23025886500, 1
14322256800, 1
