number,value,datetime_start,datetime_complete,duration,params_a_1,params_a_2,params_batch_size,params_l_1,params_l_2,params_learning_rate,params_n_layers,params_num_epochs,params_train_size,params_weight_decay,user_attrs_mse,state
0,0.5501601099967957,2023-10-30 14:26:07.756917,2023-10-30 14:26:09.283222,0 days 00:00:01.526305,ReLU,,90,10,,0.1,1,200,0.8,1e-05,"tensor(0.5502, device='cuda:0')",COMPLETE
1,0.3860695958137512,2023-10-30 14:26:09.283685,2023-10-30 14:26:09.621029,0 days 00:00:00.337344,Sigmoid,Tanh,60,23,19.0,0.01,2,200,0.1,1e-05,"tensor(0.3861, device='cuda:0')",COMPLETE
2,0.7289410829544067,2023-10-30 14:26:09.621408,2023-10-30 14:26:13.312286,0 days 00:00:03.690878,Tanh,,70,12,,1e-05,1,450,0.8,0.1,"tensor(0.7289, device='cuda:0')",COMPLETE
3,1.1511777639389038,2023-10-30 14:26:13.312655,2023-10-30 14:26:13.603502,0 days 00:00:00.290847,Sigmoid,ReLU,40,21,6.0,1e-05,2,50,0.3,1e-05,"tensor(1.1512, device='cuda:0')",COMPLETE
4,0.8185999989509583,2023-10-30 14:26:13.603920,2023-10-30 14:26:17.626287,0 days 00:00:04.022367,Sigmoid,,30,9,,0.01,1,400,0.5,0.1,"tensor(0.8186, device='cuda:0')",COMPLETE
5,0.4742438793182373,2023-10-30 14:26:17.626668,2023-10-30 14:26:19.147137,0 days 00:00:01.520469,Tanh,Leaky,40,9,2.0,0.01,2,200,0.4,0.001,"tensor(0.4742, device='cuda:0')",COMPLETE
6,0.9233490824699402,2023-10-30 14:26:19.147525,2023-10-30 14:26:20.970411,0 days 00:00:01.822886,Sigmoid,,60,10,,0.001,1,500,0.3,0.01,"tensor(0.9233, device='cuda:0')",COMPLETE
7,0.6798948049545288,2023-10-30 14:26:20.970783,2023-10-30 14:26:27.428868,0 days 00:00:06.458085,Leaky,Leaky,20,22,18.0,1e-05,2,500,0.4,0.01,"tensor(0.6799, device='cuda:0')",COMPLETE
8,0.929297685623169,2023-10-30 14:26:27.429261,2023-10-30 14:26:31.422019,0 days 00:00:03.992758,Sigmoid,,50,5,,1e-05,1,500,0.6,0.001,"tensor(0.9293, device='cuda:0')",COMPLETE
9,1.0148165225982666,2023-10-30 14:26:31.422393,2023-10-30 14:26:32.017713,0 days 00:00:00.595320,Tanh,Sigmoid,70,1,8.0,1e-05,2,100,0.5,0.0001,"tensor(1.0148, device='cuda:0')",COMPLETE
10,2.925884962081909,2023-10-30 14:26:32.018096,2023-10-30 14:26:33.998713,0 days 00:00:01.980617,Leaky,Tanh,10,17,23.0,0.0001,2,300,0.1,1e-05,"tensor(2.9259, device='cuda:0')",COMPLETE
11,0.28391972184181213,2023-10-30 14:26:33.999109,2023-10-30 14:26:35.271718,0 days 00:00:01.272609,Tanh,Tanh,100,16,15.0,0.01,2,200,0.7,0.001,"tensor(0.2839, device='cuda:0')",COMPLETE
12,0.2771819829940796,2023-10-30 14:26:35.272108,2023-10-30 14:26:36.558121,0 days 00:00:01.286013,ReLU,Tanh,100,17,16.0,0.01,2,200,0.7,0.001,"tensor(0.2772, device='cuda:0')",COMPLETE
13,0.42353859543800354,2023-10-30 14:26:36.558518,2023-10-30 14:26:37.526800,0 days 00:00:00.968282,ReLU,Tanh,100,17,14.0,0.01,2,150,0.7,0.001,"tensor(0.4235, device='cuda:0')",COMPLETE
14,0.25762850046157837,2023-10-30 14:26:37.527186,2023-10-30 14:26:39.755871,0 days 00:00:02.228685,ReLU,Tanh,100,17,13.0,0.01,2,350,0.7,0.001,"tensor(0.2576, device='cuda:0')",COMPLETE
15,1.0948394536972046,2023-10-30 14:26:39.756265,2023-10-30 14:26:40.575697,0 days 00:00:00.819432,ReLU,Tanh,100,19,10.0,0.0001,2,350,0.2,0.001,"tensor(1.0948, device='cuda:0')",COMPLETE
16,0.3135688006877899,2023-10-30 14:26:40.576084,2023-10-30 14:26:43.239959,0 days 00:00:02.663875,ReLU,Sigmoid,80,14,12.0,0.1,2,350,0.7,0.0001,"tensor(0.3136, device='cuda:0')",COMPLETE
17,0.3333524465560913,2023-10-30 14:26:43.240367,2023-10-30 14:26:44.847489,0 days 00:00:01.607122,ReLU,ReLU,100,14,18.0,0.001,2,250,0.7,0.001,"tensor(0.3334, device='cuda:0')",COMPLETE
18,0.3439601957798004,2023-10-30 14:26:44.847877,2023-10-30 14:26:47.091681,0 days 00:00:02.243804,ReLU,Tanh,100,19,24.0,0.01,2,350,0.7,0.001,"tensor(0.3440, device='cuda:0')",COMPLETE
19,0.4459412097930908,2023-10-30 14:26:47.092072,2023-10-30 14:26:49.399995,0 days 00:00:02.307923,ReLU,Tanh,50,20,15.0,0.01,2,250,0.6,0.001,"tensor(0.4459, device='cuda:0')",COMPLETE
20,0.5304576754570007,2023-10-30 14:26:49.400386,2023-10-30 14:26:50.003527,0 days 00:00:00.603141,ReLU,,20,6,,0.01,1,100,0.2,0.1,"tensor(0.5305, device='cuda:0')",COMPLETE
21,0.4174041450023651,2023-10-30 14:26:50.003929,2023-10-30 14:26:51.275088,0 days 00:00:01.271159,Tanh,Tanh,100,16,16.0,0.01,2,200,0.7,0.001,"tensor(0.4174, device='cuda:0')",COMPLETE
22,0.29394620656967163,2023-10-30 14:26:51.275474,2023-10-30 14:26:52.554630,0 days 00:00:01.279156,Tanh,Tanh,100,15,12.0,0.01,2,200,0.7,0.001,"tensor(0.2939, device='cuda:0')",COMPLETE
23,0.3878048062324524,2023-10-30 14:26:52.555019,2023-10-30 14:26:52.887939,0 days 00:00:00.332920,Leaky,Tanh,100,24,21.0,0.01,2,50,0.7,0.001,"tensor(0.3878, device='cuda:0')",COMPLETE
24,0.40529316663742065,2023-10-30 14:26:52.888339,2023-10-30 14:26:59.242534,0 days 00:00:06.354195,Tanh,Tanh,10,18,16.0,0.0001,2,150,0.7,0.0001,"tensor(0.4053, device='cuda:0')",COMPLETE
25,0.39420342445373535,2023-10-30 14:26:59.242919,2023-10-30 14:27:01.525952,0 days 00:00:02.283033,ReLU,ReLU,80,12,13.0,0.1,2,300,0.7,0.001,"tensor(0.3942, device='cuda:0')",COMPLETE
26,0.4183238744735718,2023-10-30 14:27:01.526339,2023-10-30 14:27:08.842388,0 days 00:00:07.316049,ReLU,Leaky,30,14,10.0,0.01,2,450,0.7,0.01,"tensor(0.4183, device='cuda:0')",COMPLETE
27,0.37375450134277344,2023-10-30 14:27:08.842767,2023-10-30 14:27:11.562579,0 days 00:00:02.719812,Tanh,Sigmoid,90,16,20.0,0.001,2,400,0.7,0.001,"tensor(0.3738, device='cuda:0')",COMPLETE
28,0.3143284022808075,2023-10-30 14:27:11.562973,2023-10-30 14:27:13.592041,0 days 00:00:02.029068,Leaky,Tanh,100,21,16.0,0.01,2,350,0.6,0.001,"tensor(0.3143, device='cuda:0')",COMPLETE
29,0.33186137676239014,2023-10-30 14:27:13.592441,2023-10-30 14:27:15.008607,0 days 00:00:01.416166,ReLU,,90,11,,0.1,1,200,0.8,0.001,"tensor(0.3319, device='cuda:0')",COMPLETE
30,0.9299429059028625,2023-10-30 14:27:15.009036,2023-10-30 14:27:15.277363,0 days 00:00:00.268327,ReLU,Tanh,100,18,10.0,0.01,2,200,0.1,0.01,"tensor(0.9299, device='cuda:0')",COMPLETE
31,0.28696078062057495,2023-10-30 14:27:15.277748,2023-10-30 14:27:16.568289,0 days 00:00:01.290541,Tanh,Tanh,100,15,12.0,0.01,2,200,0.7,0.001,"tensor(0.2870, device='cuda:0')",COMPLETE
32,0.3568243682384491,2023-10-30 14:27:16.568679,2023-10-30 14:27:17.837129,0 days 00:00:01.268450,Tanh,Tanh,100,15,13.0,0.01,2,200,0.7,0.001,"tensor(0.3568, device='cuda:0')",COMPLETE
33,0.4247339367866516,2023-10-30 14:27:17.837513,2023-10-30 14:27:19.313503,0 days 00:00:01.475990,Tanh,Tanh,100,13,7.0,0.01,2,200,0.8,1e-05,"tensor(0.4247, device='cuda:0')",COMPLETE
34,0.5718374848365784,2023-10-30 14:27:19.313920,2023-10-30 14:27:20.066687,0 days 00:00:00.752767,Tanh,Tanh,70,16,17.0,0.01,2,200,0.3,0.1,"tensor(0.5718, device='cuda:0')",COMPLETE
35,0.3335925340652466,2023-10-30 14:27:20.067091,2023-10-30 14:27:23.020618,0 days 00:00:02.953527,Tanh,Tanh,60,19,14.0,0.01,2,450,0.5,0.001,"tensor(0.3336, device='cuda:0')",COMPLETE
36,0.3559589385986328,2023-10-30 14:27:23.021007,2023-10-30 14:27:25.523410,0 days 00:00:02.502403,Tanh,Tanh,40,13,11.0,0.01,2,200,0.7,1e-05,"tensor(0.3560, device='cuda:0')",COMPLETE
37,0.6615150570869446,2023-10-30 14:27:25.523831,2023-10-30 14:27:25.717057,0 days 00:00:00.193226,Sigmoid,,100,21,,0.001,1,50,0.4,0.001,"tensor(0.6615, device='cuda:0')",COMPLETE
38,0.5848714113235474,2023-10-30 14:27:25.717465,2023-10-30 14:27:26.651250,0 days 00:00:00.933785,Tanh,Tanh,100,17,19.0,0.01,2,400,0.2,0.1,"tensor(0.5849, device='cuda:0')",COMPLETE
39,0.580978274345398,2023-10-30 14:27:26.651665,2023-10-30 14:27:29.197450,0 days 00:00:02.545785,Sigmoid,ReLU,30,11,14.0,0.0001,2,350,0.3,0.001,"tensor(0.5810, device='cuda:0')",COMPLETE
40,1.0243245363235474,2023-10-30 14:27:29.197861,2023-10-30 14:27:33.148288,0 days 00:00:03.950427,ReLU,,20,23,,1e-05,1,200,0.7,0.0001,"tensor(1.0243, device='cuda:0')",COMPLETE
41,0.3102562725543976,2023-10-30 14:27:33.148684,2023-10-30 14:27:34.424990,0 days 00:00:01.276306,Tanh,Tanh,100,15,12.0,0.01,2,200,0.7,0.001,"tensor(0.3103, device='cuda:0')",COMPLETE
42,0.29791727662086487,2023-10-30 14:27:34.425394,2023-10-30 14:27:35.725943,0 days 00:00:01.300549,Tanh,Tanh,100,15,8.0,0.01,2,200,0.7,0.001,"tensor(0.2979, device='cuda:0')",COMPLETE
43,0.5478858351707458,2023-10-30 14:27:35.726333,2023-10-30 14:27:36.074675,0 days 00:00:00.348342,Tanh,Tanh,60,18,11.0,0.01,2,200,0.1,0.001,"tensor(0.5479, device='cuda:0')",COMPLETE
44,0.30548006296157837,2023-10-30 14:27:36.075111,2023-10-30 14:27:41.476509,0 days 00:00:05.401398,Tanh,Leaky,50,8,5.0,0.01,2,500,0.7,0.001,"tensor(0.3055, device='cuda:0')",COMPLETE
45,0.4987964332103729,2023-10-30 14:27:41.476906,2023-10-30 14:27:42.248446,0 days 00:00:00.771540,Leaky,Sigmoid,40,17,15.0,0.1,2,100,0.4,0.01,"tensor(0.4988, device='cuda:0')",COMPLETE
46,0.3056551516056061,2023-10-30 14:27:42.248852,2023-10-30 14:27:51.466580,0 days 00:00:09.217728,Tanh,Tanh,10,20,9.0,0.01,2,300,0.5,0.001,"tensor(0.3057, device='cuda:0')",COMPLETE
47,1.5797563791275024,2023-10-30 14:27:51.467013,2023-10-30 14:27:52.458688,0 days 00:00:00.991675,Sigmoid,Leaky,100,12,1.0,1e-05,2,150,0.7,1e-05,"tensor(1.5798, device='cuda:0')",COMPLETE
48,0.2870830297470093,2023-10-30 14:27:52.459123,2023-10-30 14:27:54.385381,0 days 00:00:01.926258,ReLU,Tanh,70,14,4.0,0.01,2,200,0.8,0.001,"tensor(0.2871, device='cuda:0')",COMPLETE
49,0.3683864176273346,2023-10-30 14:27:54.385777,2023-10-30 14:27:56.779826,0 days 00:00:02.394049,ReLU,Tanh,70,14,4.0,0.001,2,250,0.8,0.001,"tensor(0.3684, device='cuda:0')",COMPLETE
50,0.586317777633667,2023-10-30 14:27:56.780224,2023-10-30 14:27:59.352912,0 days 00:00:02.572688,ReLU,ReLU,70,10,4.0,0.0001,2,350,0.6,0.0001,"tensor(0.5863, device='cuda:0')",COMPLETE
51,0.3981459438800812,2023-10-30 14:27:59.353316,2023-10-30 14:28:01.235774,0 days 00:00:01.882458,ReLU,Tanh,70,16,18.0,0.01,2,200,0.8,0.001,"tensor(0.3981, device='cuda:0')",COMPLETE
52,0.24879685044288635,2023-10-30 14:28:01.236174,2023-10-30 14:28:02.980578,0 days 00:00:01.744404,ReLU,Tanh,80,15,12.0,0.01,2,200,0.8,0.001,"tensor(0.2488, device='cuda:0')",COMPLETE
53,0.49423086643218994,2023-10-30 14:28:02.980981,2023-10-30 14:28:04.891229,0 days 00:00:01.910248,ReLU,Tanh,70,13,14.0,0.01,2,200,0.8,0.001,"tensor(0.4942, device='cuda:0')",COMPLETE
54,0.4205394983291626,2023-10-30 14:28:04.891616,2023-10-30 14:28:06.661869,0 days 00:00:01.770253,ReLU,Tanh,80,17,15.0,0.01,2,200,0.8,0.001,"tensor(0.4205, device='cuda:0')",COMPLETE
55,0.34653714299201965,2023-10-30 14:28:06.662284,2023-10-30 14:28:08.412654,0 days 00:00:01.750370,ReLU,Sigmoid,80,18,17.0,0.01,2,200,0.8,0.001,"tensor(0.3465, device='cuda:0')",COMPLETE
56,0.6763566732406616,2023-10-30 14:28:08.413052,2023-10-30 14:28:12.759564,0 days 00:00:04.346512,ReLU,Tanh,80,14,13.0,0.01,2,500,0.8,0.1,"tensor(0.6764, device='cuda:0')",COMPLETE
57,0.6688599586486816,2023-10-30 14:28:12.759967,2023-10-30 14:28:13.611189,0 days 00:00:00.851222,ReLU,Tanh,80,1,11.0,0.01,2,350,0.2,0.001,"tensor(0.6689, device='cuda:0')",COMPLETE
58,1.0239918231964111,2023-10-30 14:28:13.611567,2023-10-30 14:28:14.931416,0 days 00:00:01.319849,ReLU,Tanh,20,16,8.0,1e-05,2,50,0.8,0.001,"tensor(1.0240, device='cuda:0')",COMPLETE
59,0.3008180260658264,2023-10-30 14:28:14.931819,2023-10-30 14:28:16.465494,0 days 00:00:01.533675,Leaky,Leaky,90,19,22.0,0.1,2,450,0.3,0.001,"tensor(0.3008, device='cuda:0')",COMPLETE
60,0.6831125020980835,2023-10-30 14:28:16.465884,2023-10-30 14:28:16.689133,0 days 00:00:00.223249,ReLU,Tanh,50,15,17.0,0.01,2,100,0.1,0.01,"tensor(0.6831, device='cuda:0')",COMPLETE
61,0.4103735089302063,2023-10-30 14:28:16.689523,2023-10-30 14:28:17.986500,0 days 00:00:01.296977,Tanh,Tanh,100,15,12.0,0.01,2,200,0.7,0.001,"tensor(0.4104, device='cuda:0')",COMPLETE
62,0.392985999584198,2023-10-30 14:28:17.986888,2023-10-30 14:28:19.282052,0 days 00:00:01.295164,ReLU,Tanh,100,17,15.0,0.01,2,200,0.7,0.001,"tensor(0.3930, device='cuda:0')",COMPLETE
63,0.2802509367465973,2023-10-30 14:28:19.282434,2023-10-30 14:28:20.555437,0 days 00:00:01.273003,Tanh,Tanh,100,11,13.0,0.01,2,200,0.7,0.001,"tensor(0.2803, device='cuda:0')",COMPLETE
64,0.31356745958328247,2023-10-30 14:28:20.555821,2023-10-30 14:28:21.843703,0 days 00:00:01.287882,ReLU,Tanh,100,13,13.0,0.01,2,200,0.7,0.001,"tensor(0.3136, device='cuda:0')",COMPLETE
65,0.42138028144836426,2023-10-30 14:28:21.844098,2023-10-30 14:28:28.374489,0 days 00:00:06.530391,Tanh,ReLU,30,8,16.0,0.01,2,400,0.7,0.001,"tensor(0.4214, device='cuda:0')",COMPLETE
66,0.38934481143951416,2023-10-30 14:28:28.374880,2023-10-30 14:28:36.056353,0 days 00:00:07.681473,Sigmoid,Tanh,10,11,9.0,0.01,2,250,0.5,0.001,"tensor(0.3893, device='cuda:0')",COMPLETE
67,0.3518194556236267,2023-10-30 14:28:36.056785,2023-10-30 14:28:37.041342,0 days 00:00:00.984557,ReLU,Sigmoid,100,12,19.0,0.001,2,150,0.7,0.0001,"tensor(0.3518, device='cuda:0')",COMPLETE
68,0.5681639313697815,2023-10-30 14:28:37.041830,2023-10-30 14:28:38.333467,0 days 00:00:01.291637,Tanh,Tanh,100,9,14.0,0.0001,2,200,0.7,1e-05,"tensor(0.5682, device='cuda:0')",COMPLETE
69,0.4386758506298065,2023-10-30 14:28:38.333894,2023-10-30 14:28:39.827076,0 days 00:00:01.493182,Leaky,,60,14,,0.01,1,300,0.4,0.001,"tensor(0.4387, device='cuda:0')",COMPLETE
70,0.7535083293914795,2023-10-30 14:28:39.827460,2023-10-30 14:28:42.183189,0 days 00:00:02.355729,ReLU,Tanh,40,16,11.0,0.01,2,200,0.6,0.1,"tensor(0.7535, device='cuda:0')",COMPLETE
71,0.37999698519706726,2023-10-30 14:28:42.183610,2023-10-30 14:28:43.551682,0 days 00:00:01.368072,Tanh,Tanh,100,15,12.0,0.01,2,200,0.7,0.001,"tensor(0.3800, device='cuda:0')",COMPLETE
72,0.4062369763851166,2023-10-30 14:28:43.552086,2023-10-30 14:28:44.948222,0 days 00:00:01.396136,Tanh,Tanh,100,16,10.0,0.01,2,200,0.7,0.001,"tensor(0.4062, device='cuda:0')",COMPLETE
73,0.37111958861351013,2023-10-30 14:28:44.948626,2023-10-30 14:28:46.264112,0 days 00:00:01.315486,Tanh,Tanh,100,14,13.0,0.01,2,200,0.7,0.001,"tensor(0.3711, device='cuda:0')",COMPLETE
74,0.33028414845466614,2023-10-30 14:28:46.264527,2023-10-30 14:28:48.683314,0 days 00:00:02.418787,Tanh,Tanh,100,18,15.0,0.01,2,350,0.7,0.001,"tensor(0.3303, device='cuda:0')",COMPLETE
75,0.2757514715194702,2023-10-30 14:28:48.683705,2023-10-30 14:28:50.273048,0 days 00:00:01.589343,Tanh,Tanh,100,17,12.0,0.01,2,200,0.8,0.001,"tensor(0.2758, device='cuda:0')",COMPLETE
76,0.2851622998714447,2023-10-30 14:28:50.273469,2023-10-30 14:28:52.035850,0 days 00:00:01.762381,Tanh,Tanh,80,17,14.0,0.01,2,200,0.8,0.001,"tensor(0.2852, device='cuda:0')",COMPLETE
77,0.3224506080150604,2023-10-30 14:28:52.036280,2023-10-30 14:28:53.766100,0 days 00:00:01.729820,Tanh,Tanh,80,20,14.0,0.1,2,200,0.8,0.001,"tensor(0.3225, device='cuda:0')",COMPLETE
78,0.5781130194664001,2023-10-30 14:28:53.766495,2023-10-30 14:28:57.685706,0 days 00:00:03.919211,Tanh,Tanh,80,19,12.0,0.01,2,450,0.8,0.01,"tensor(0.5781, device='cuda:0')",COMPLETE
79,0.981558084487915,2023-10-30 14:28:57.686114,2023-10-30 14:28:58.207882,0 days 00:00:00.521768,Tanh,Leaky,80,17,16.0,1e-05,2,200,0.2,0.001,"tensor(0.9816, device='cuda:0')",COMPLETE
80,0.2922513782978058,2023-10-30 14:28:58.208294,2023-10-30 14:29:00.869816,0 days 00:00:02.661522,Tanh,Tanh,100,18,13.0,0.01,2,350,0.8,0.001,"tensor(0.2923, device='cuda:0')",COMPLETE
81,0.26353538036346436,2023-10-30 14:29:00.870235,2023-10-30 14:29:02.772101,0 days 00:00:01.901866,Tanh,Tanh,70,17,16.0,0.01,2,200,0.8,0.001,"tensor(0.2635, device='cuda:0')",COMPLETE
82,0.2891426682472229,2023-10-30 14:29:02.772527,2023-10-30 14:29:04.438441,0 days 00:00:01.665914,Tanh,Tanh,90,16,17.0,0.01,2,200,0.8,0.001,"tensor(0.2891, device='cuda:0')",COMPLETE
83,0.3359563946723938,2023-10-30 14:29:04.438866,2023-10-30 14:29:05.946923,0 days 00:00:01.508057,Tanh,Tanh,100,17,11.0,0.01,2,200,0.8,0.001,"tensor(0.3360, device='cuda:0')",COMPLETE
84,0.33499571681022644,2023-10-30 14:29:05.947321,2023-10-30 14:29:06.397662,0 days 00:00:00.450341,Tanh,Tanh,80,20,14.0,0.01,2,50,0.8,0.001,"tensor(0.3350, device='cuda:0')",COMPLETE
85,0.39020222425460815,2023-10-30 14:29:06.398077,2023-10-30 14:29:11.558423,0 days 00:00:05.160346,Tanh,ReLU,20,19,18.0,0.01,2,200,0.8,0.001,"tensor(0.3902, device='cuda:0')",COMPLETE
86,0.3297814428806305,2023-10-30 14:29:11.558842,2023-10-30 14:29:15.442219,0 days 00:00:03.883377,Tanh,Tanh,50,18,15.0,0.001,2,500,0.5,1e-05,"tensor(0.3298, device='cuda:0')",COMPLETE
87,0.4999501705169678,2023-10-30 14:29:15.442616,2023-10-30 14:29:15.962259,0 days 00:00:00.519643,Tanh,Tanh,100,17,16.0,0.0001,2,400,0.1,0.0001,"tensor(0.5000, device='cuda:0')",COMPLETE
88,0.412588506937027,2023-10-30 14:29:15.962650,2023-10-30 14:29:17.412641,0 days 00:00:01.449991,Sigmoid,Sigmoid,30,16,13.0,0.01,2,200,0.3,0.001,"tensor(0.4126, device='cuda:0')",COMPLETE
89,0.390635222196579,2023-10-30 14:29:17.413038,2023-10-30 14:29:18.399957,0 days 00:00:00.986919,Tanh,Tanh,70,15,14.0,0.01,2,200,0.4,0.001,"tensor(0.3906, device='cuda:0')",COMPLETE
90,0.6420858502388,2023-10-30 14:29:18.400393,2023-10-30 14:29:32.882015,0 days 00:00:14.481622,Tanh,Tanh,10,17,9.0,0.01,2,300,0.8,0.1,"tensor(0.6421, device='cuda:0')",COMPLETE
91,0.27358031272888184,2023-10-30 14:29:32.882454,2023-10-30 14:29:34.771610,0 days 00:00:01.889156,ReLU,Tanh,70,13,3.0,0.01,2,200,0.8,0.001,"tensor(0.2736, device='cuda:0')",COMPLETE
92,0.2677667438983917,2023-10-30 14:29:34.772025,2023-10-30 14:29:36.683368,0 days 00:00:01.911343,ReLU,Tanh,70,13,15.0,0.01,2,200,0.8,0.001,"tensor(0.2678, device='cuda:0')",COMPLETE
93,0.5984175801277161,2023-10-30 14:29:36.683762,2023-10-30 14:29:38.597723,0 days 00:00:01.913961,ReLU,Tanh,70,12,2.0,0.01,2,200,0.8,0.001,"tensor(0.5984, device='cuda:0')",COMPLETE
94,0.4065893888473511,2023-10-30 14:29:38.598120,2023-10-30 14:29:39.569845,0 days 00:00:00.971725,ReLU,Tanh,70,10,15.0,0.01,2,100,0.8,0.001,"tensor(0.4066, device='cuda:0')",COMPLETE
95,0.24338696897029877,2023-10-30 14:29:39.570236,2023-10-30 14:29:41.487079,0 days 00:00:01.916843,ReLU,Tanh,70,13,6.0,0.01,2,200,0.8,0.001,"tensor(0.2434, device='cuda:0')",COMPLETE
96,0.5571014881134033,2023-10-30 14:29:41.487486,2023-10-30 14:29:43.873020,0 days 00:00:02.385534,ReLU,Tanh,70,13,2.0,0.01,2,250,0.8,0.001,"tensor(0.5571, device='cuda:0')",COMPLETE
97,0.3856581449508667,2023-10-30 14:29:43.873410,2023-10-30 14:29:45.315338,0 days 00:00:01.441928,ReLU,Tanh,70,11,3.0,0.01,2,150,0.8,0.001,"tensor(0.3857, device='cuda:0')",COMPLETE
98,0.3495648205280304,2023-10-30 14:29:45.315739,2023-10-30 14:29:47.232411,0 days 00:00:01.916672,ReLU,Leaky,70,10,6.0,0.1,2,200,0.8,0.001,"tensor(0.3496, device='cuda:0')",COMPLETE
99,0.4108421802520752,2023-10-30 14:29:47.232811,2023-10-30 14:29:49.546292,0 days 00:00:02.313481,ReLU,,70,12,,0.01,1,350,0.6,0.01,"tensor(0.4108, device='cuda:0')",COMPLETE
100,0.3156016170978546,2023-10-30 14:29:49.546690,2023-10-30 14:29:51.465771,0 days 00:00:01.919081,ReLU,Tanh,70,13,6.0,0.01,2,200,0.8,0.001,"tensor(0.3156, device='cuda:0')",COMPLETE
101,0.3225983679294586,2023-10-30 14:29:51.466169,2023-10-30 14:29:53.387111,0 days 00:00:01.920942,ReLU,Tanh,70,16,16.0,0.01,2,200,0.8,0.001,"tensor(0.3226, device='cuda:0')",COMPLETE
102,0.3118399679660797,2023-10-30 14:29:53.387515,2023-10-30 14:29:55.515610,0 days 00:00:02.128095,ReLU,Tanh,60,14,7.0,0.01,2,200,0.8,0.001,"tensor(0.3118, device='cuda:0')",COMPLETE
103,0.6123206615447998,2023-10-30 14:29:55.516017,2023-10-30 14:29:57.272442,0 days 00:00:01.756425,Leaky,Tanh,80,15,1.0,0.01,2,200,0.8,0.001,"tensor(0.6123, device='cuda:0')",COMPLETE
104,0.9211423397064209,2023-10-30 14:29:57.272852,2023-10-30 14:30:00.162191,0 days 00:00:02.889339,ReLU,Tanh,40,11,17.0,1e-05,2,200,0.8,0.001,"tensor(0.9211, device='cuda:0')",COMPLETE
105,0.24781137704849243,2023-10-30 14:30:00.162643,2023-10-30 14:30:02.041194,0 days 00:00:01.878551,ReLU,Tanh,70,12,15.0,0.01,2,200,0.8,0.001,"tensor(0.2478, device='cuda:0')",COMPLETE
106,0.38358163833618164,2023-10-30 14:30:02.041648,2023-10-30 14:30:02.606800,0 days 00:00:00.565152,ReLU,ReLU,70,12,18.0,0.01,2,200,0.2,0.001,"tensor(0.3836, device='cuda:0')",COMPLETE
107,0.509541392326355,2023-10-30 14:30:02.607198,2023-10-30 14:30:04.524796,0 days 00:00:01.917598,ReLU,Tanh,70,13,5.0,0.01,2,200,0.8,0.001,"tensor(0.5095, device='cuda:0')",COMPLETE
108,0.3498576283454895,2023-10-30 14:30:04.525185,2023-10-30 14:30:06.257839,0 days 00:00:01.732654,ReLU,Tanh,70,14,15.0,0.001,2,450,0.3,1e-05,"tensor(0.3499, device='cuda:0')",COMPLETE
109,0.9152810573577881,2023-10-30 14:30:06.258254,2023-10-30 14:30:06.698089,0 days 00:00:00.439835,ReLU,Sigmoid,70,2,16.0,0.0001,2,50,0.7,0.001,"tensor(0.9153, device='cuda:0')",COMPLETE
110,0.579250693321228,2023-10-30 14:30:06.698495,2023-10-30 14:30:08.607499,0 days 00:00:01.909004,ReLU,Tanh,70,12,15.0,0.01,2,200,0.8,0.001,"tensor(0.5793, device='cuda:0')",COMPLETE
111,0.31070148944854736,2023-10-30 14:30:08.607898,2023-10-30 14:30:10.116549,0 days 00:00:01.508651,ReLU,Tanh,100,18,13.0,0.01,2,200,0.8,0.001,"tensor(0.3107, device='cuda:0')",COMPLETE
112,0.2679661810398102,2023-10-30 14:30:10.116978,2023-10-30 14:30:11.711097,0 days 00:00:01.594119,Sigmoid,Tanh,90,17,14.0,0.01,2,200,0.8,0.001,"tensor(0.2680, device='cuda:0')",COMPLETE
113,0.3249913454055786,2023-10-30 14:30:11.711494,2023-10-30 14:30:16.927958,0 days 00:00:05.216464,Sigmoid,Tanh,20,9,16.0,0.01,2,200,0.8,0.001,"tensor(0.3250, device='cuda:0')",COMPLETE
114,0.4275250732898712,2023-10-30 14:30:16.928387,2023-10-30 14:30:17.204039,0 days 00:00:00.275652,Sigmoid,Tanh,100,13,14.0,0.01,2,200,0.1,0.0001,"tensor(0.4275, device='cuda:0')",COMPLETE
115,0.2979518175125122,2023-10-30 14:30:17.204452,2023-10-30 14:30:20.625378,0 days 00:00:03.420926,Sigmoid,Tanh,90,16,12.0,0.01,2,500,0.7,0.001,"tensor(0.2980, device='cuda:0')",COMPLETE
116,0.22925038635730743,2023-10-30 14:30:20.625774,2023-10-30 14:30:23.936646,0 days 00:00:03.310872,Sigmoid,Tanh,70,8,3.0,0.01,2,350,0.8,0.001,"tensor(0.2293, device='cuda:0')",COMPLETE
117,0.4580526649951935,2023-10-30 14:30:23.937061,2023-10-30 14:30:26.694112,0 days 00:00:02.757051,Sigmoid,Tanh,90,5,3.0,0.01,2,350,0.8,0.001,"tensor(0.4581, device='cuda:0')",COMPLETE
118,0.8622537851333618,2023-10-30 14:30:26.694523,2023-10-30 14:30:29.449924,0 days 00:00:02.755401,Sigmoid,Tanh,90,7,3.0,0.01,2,350,0.8,0.1,"tensor(0.8623, device='cuda:0')",COMPLETE
119,0.2954225540161133,2023-10-30 14:30:29.450358,2023-10-30 14:30:32.753352,0 days 00:00:03.302994,Sigmoid,Tanh,70,9,4.0,0.01,2,350,0.8,0.001,"tensor(0.2954, device='cuda:0')",COMPLETE
120,0.41305115818977356,2023-10-30 14:30:32.753770,2023-10-30 14:30:36.082366,0 days 00:00:03.328596,Sigmoid,Tanh,70,11,5.0,0.01,2,350,0.8,0.001,"tensor(0.4131, device='cuda:0')",COMPLETE
121,0.4530562162399292,2023-10-30 14:30:36.082786,2023-10-30 14:30:37.110423,0 days 00:00:01.027637,Sigmoid,Tanh,90,15,17.0,0.01,2,200,0.5,0.001,"tensor(0.4531, device='cuda:0')",COMPLETE
122,0.2922677993774414,2023-10-30 14:30:37.110839,2023-10-30 14:30:40.455170,0 days 00:00:03.344331,ReLU,Tanh,70,17,13.0,0.01,2,400,0.7,0.001,"tensor(0.2923, device='cuda:0')",COMPLETE
123,0.3848833441734314,2023-10-30 14:30:40.455605,2023-10-30 14:30:41.106683,0 days 00:00:00.651078,Leaky,Tanh,50,14,14.0,0.01,2,100,0.4,0.001,"tensor(0.3849, device='cuda:0')",COMPLETE
124,0.42285123467445374,2023-10-30 14:30:41.107114,2023-10-30 14:30:42.602219,0 days 00:00:01.495105,ReLU,Tanh,100,18,20.0,0.01,2,200,0.8,0.001,"tensor(0.4229, device='cuda:0')",COMPLETE
125,0.3632247745990753,2023-10-30 14:30:42.602627,2023-10-30 14:30:44.071960,0 days 00:00:01.469333,Sigmoid,Tanh,70,6,15.0,0.1,2,200,0.6,0.001,"tensor(0.3632, device='cuda:0')",COMPLETE
126,0.6108540296554565,2023-10-30 14:30:44.072380,2023-10-30 14:30:49.609321,0 days 00:00:05.536941,ReLU,Tanh,30,4,16.0,0.01,2,300,0.8,0.01,"tensor(0.6109, device='cuda:0')",COMPLETE
127,0.7359850406646729,2023-10-30 14:30:49.609723,2023-10-30 14:30:56.128587,0 days 00:00:06.518864,ReLU,Leaky,10,16,12.0,1e-05,2,150,0.7,0.001,"tensor(0.7360, device='cuda:0')",COMPLETE
128,0.3055037558078766,2023-10-30 14:30:56.129020,2023-10-30 14:30:57.995271,0 days 00:00:01.866251,ReLU,ReLU,100,8,11.0,0.01,2,250,0.8,0.001,"tensor(0.3055, device='cuda:0')",COMPLETE
129,0.5087105631828308,2023-10-30 14:30:57.995674,2023-10-30 14:30:59.879688,0 days 00:00:01.884014,Sigmoid,Tanh,70,10,14.0,0.01,2,200,0.8,0.001,"tensor(0.5087, device='cuda:0')",COMPLETE
130,0.32400378584861755,2023-10-30 14:30:59.880103,2023-10-30 14:31:01.174157,0 days 00:00:01.294054,ReLU,Tanh,100,15,15.0,0.01,2,200,0.7,0.001,"tensor(0.3240, device='cuda:0')",COMPLETE
131,0.3349701464176178,2023-10-30 14:31:01.174567,2023-10-30 14:31:02.891214,0 days 00:00:01.716647,Tanh,Tanh,80,17,24.0,0.01,2,200,0.8,0.001,"tensor(0.3350, device='cuda:0')",COMPLETE
132,0.31329426169395447,2023-10-30 14:31:02.891626,2023-10-30 14:31:04.623238,0 days 00:00:01.731612,Tanh,Tanh,80,17,13.0,0.01,2,200,0.8,0.001,"tensor(0.3133, device='cuda:0')",COMPLETE
133,0.38910964131355286,2023-10-30 14:31:04.623640,2023-10-30 14:31:06.763370,0 days 00:00:02.139730,Tanh,Tanh,60,18,14.0,0.01,2,200,0.8,0.001,"tensor(0.3891, device='cuda:0')",COMPLETE
134,0.2525803744792938,2023-10-30 14:31:06.763772,2023-10-30 14:31:09.616693,0 days 00:00:02.852921,Tanh,Tanh,40,19,17.0,0.01,2,200,0.8,0.001,"tensor(0.2526, device='cuda:0')",COMPLETE
135,0.36451455950737,2023-10-30 14:31:09.617104,2023-10-30 14:31:14.641157,0 days 00:00:05.024053,Tanh,Tanh,40,22,17.0,0.01,2,350,0.8,0.001,"tensor(0.3645, device='cuda:0')",COMPLETE
136,0.4349706172943115,2023-10-30 14:31:14.641561,2023-10-30 14:31:15.439036,0 days 00:00:00.797475,ReLU,Sigmoid,40,19,16.0,0.01,2,200,0.2,1e-05,"tensor(0.4350, device='cuda:0')",COMPLETE
137,0.4851694107055664,2023-10-30 14:31:15.439444,2023-10-30 14:31:18.302028,0 days 00:00:02.862584,Tanh,Tanh,40,16,18.0,0.0001,2,200,0.8,0.001,"tensor(0.4852, device='cuda:0')",COMPLETE
138,0.29169246554374695,2023-10-30 14:31:18.302443,2023-10-30 14:31:20.838192,0 days 00:00:02.535749,ReLU,Tanh,40,13,15.0,0.001,2,200,0.7,0.0001,"tensor(0.2917, device='cuda:0')",COMPLETE
139,0.41495463252067566,2023-10-30 14:31:20.838608,2023-10-30 14:31:22.360452,0 days 00:00:01.521844,Leaky,Tanh,100,19,10.0,0.01,2,200,0.8,0.001,"tensor(0.4150, device='cuda:0')",COMPLETE
140,0.39060068130493164,2023-10-30 14:31:22.360854,2023-10-30 14:31:23.880974,0 days 00:00:01.520120,Tanh,,70,18,,0.01,1,450,0.3,0.001,"tensor(0.3906, device='cuda:0')",COMPLETE
141,0.22616824507713318,2023-10-30 14:31:23.881400,2023-10-30 14:31:25.622837,0 days 00:00:01.741437,Tanh,Tanh,80,16,13.0,0.01,2,200,0.8,0.001,"tensor(0.2262, device='cuda:0')",COMPLETE
142,0.3706603944301605,2023-10-30 14:31:25.623232,2023-10-30 14:31:27.199180,0 days 00:00:01.575948,Tanh,Tanh,90,16,13.0,0.01,2,200,0.8,0.001,"tensor(0.3707, device='cuda:0')",COMPLETE
143,0.3501647114753723,2023-10-30 14:31:27.199593,2023-10-30 14:31:29.075809,0 days 00:00:01.876216,Tanh,Tanh,70,17,11.0,0.01,2,200,0.8,0.001,"tensor(0.3502, device='cuda:0')",COMPLETE
144,0.265715628862381,2023-10-30 14:31:29.076222,2023-10-30 14:31:30.798333,0 days 00:00:01.722111,Tanh,Tanh,80,14,12.0,0.01,2,200,0.8,0.001,"tensor(0.2657, device='cuda:0')",COMPLETE
145,0.3226393759250641,2023-10-30 14:31:30.798743,2023-10-30 14:31:32.521753,0 days 00:00:01.723010,Tanh,Tanh,80,14,12.0,0.01,2,200,0.8,0.001,"tensor(0.3226, device='cuda:0')",COMPLETE
146,0.32685229182243347,2023-10-30 14:31:32.522163,2023-10-30 14:31:34.252766,0 days 00:00:01.730603,Tanh,Tanh,80,12,13.0,0.01,2,200,0.8,0.001,"tensor(0.3269, device='cuda:0')",COMPLETE
147,0.6394731402397156,2023-10-30 14:31:34.253174,2023-10-30 14:31:34.702788,0 days 00:00:00.449614,ReLU,Tanh,80,13,2.0,0.01,2,50,0.8,0.1,"tensor(0.6395, device='cuda:0')",COMPLETE
148,0.26648643612861633,2023-10-30 14:31:34.703197,2023-10-30 14:31:37.746808,0 days 00:00:03.043611,ReLU,Tanh,80,15,7.0,0.01,2,350,0.8,0.001,"tensor(0.2665, device='cuda:0')",COMPLETE
149,0.28621917963027954,2023-10-30 14:31:37.747246,2023-10-30 14:31:40.763185,0 days 00:00:03.015939,ReLU,Tanh,80,14,7.0,0.01,2,350,0.8,0.001,"tensor(0.2862, device='cuda:0')",COMPLETE
150,0.30101650953292847,2023-10-30 14:31:40.763593,2023-10-30 14:31:43.781316,0 days 00:00:03.017723,ReLU,Tanh,80,15,9.0,0.01,2,350,0.8,0.001,"tensor(0.3010, device='cuda:0')",COMPLETE
151,0.3068002164363861,2023-10-30 14:31:43.781742,2023-10-30 14:31:46.807412,0 days 00:00:03.025670,ReLU,Tanh,80,15,12.0,0.01,2,350,0.8,0.001,"tensor(0.3068, device='cuda:0')",COMPLETE
152,0.30101847648620605,2023-10-30 14:31:46.807822,2023-10-30 14:31:49.847122,0 days 00:00:03.039300,ReLU,Tanh,80,13,8.0,0.01,2,350,0.8,0.001,"tensor(0.3010, device='cuda:0')",COMPLETE
153,0.32827162742614746,2023-10-30 14:31:49.847533,2023-10-30 14:31:54.546821,0 days 00:00:04.699288,ReLU,Tanh,70,12,10.0,0.01,2,500,0.8,0.001,"tensor(0.3283, device='cuda:0')",COMPLETE
154,0.7112011313438416,2023-10-30 14:31:54.547253,2023-10-30 14:31:55.264677,0 days 00:00:00.717424,Tanh,Tanh,20,14,3.0,0.01,2,200,0.1,0.001,"tensor(0.7112, device='cuda:0')",COMPLETE
155,0.5265707969665527,2023-10-30 14:31:55.265087,2023-10-30 14:31:56.993437,0 days 00:00:01.728350,Sigmoid,Tanh,80,15,5.0,0.01,2,200,0.8,0.001,"tensor(0.5266, device='cuda:0')",COMPLETE
156,0.7413591742515564,2023-10-30 14:31:56.993858,2023-10-30 14:31:59.384857,0 days 00:00:02.390999,ReLU,Leaky,70,17,1.0,0.1,2,400,0.5,0.001,"tensor(0.7414, device='cuda:0')",COMPLETE
157,0.2777576744556427,2023-10-30 14:31:59.385261,2023-10-30 14:32:01.255828,0 days 00:00:01.870567,Tanh,Tanh,70,11,6.0,0.01,2,200,0.8,0.001,"tensor(0.2778, device='cuda:0')",COMPLETE
158,0.6009625792503357,2023-10-30 14:32:01.256262,2023-10-30 14:32:02.217525,0 days 00:00:00.961263,ReLU,Tanh,70,16,4.0,0.01,2,100,0.8,0.01,"tensor(0.6010, device='cuda:0')",COMPLETE
159,0.3014765977859497,2023-10-30 14:32:02.217933,2023-10-30 14:32:04.110728,0 days 00:00:01.892795,Tanh,ReLU,70,13,7.0,0.01,2,200,0.8,0.001,"tensor(0.3015, device='cuda:0')",COMPLETE
160,0.872994065284729,2023-10-30 14:32:04.111154,2023-10-30 14:32:07.369142,0 days 00:00:03.257988,Sigmoid,Tanh,70,16,6.0,1e-05,2,350,0.8,0.001,"tensor(0.8730, device='cuda:0')",COMPLETE
161,0.3827272057533264,2023-10-30 14:32:07.369554,2023-10-30 14:32:10.970729,0 days 00:00:03.601175,Tanh,Tanh,30,11,5.0,0.01,2,200,0.8,0.001,"tensor(0.3827, device='cuda:0')",COMPLETE
162,0.30587315559387207,2023-10-30 14:32:10.971140,2023-10-30 14:32:11.950752,0 days 00:00:00.979612,Tanh,Tanh,70,11,6.0,0.01,2,200,0.4,0.001,"tensor(0.3059, device='cuda:0')",COMPLETE
163,0.2810502350330353,2023-10-30 14:32:11.951161,2023-10-30 14:32:14.387498,0 days 00:00:02.436337,Tanh,Tanh,50,14,14.0,0.01,2,200,0.8,0.001,"tensor(0.2811, device='cuda:0')",COMPLETE
164,0.5441367030143738,2023-10-30 14:32:14.387915,2023-10-30 14:32:24.039103,0 days 00:00:09.651188,Tanh,Tanh,10,12,12.0,0.01,2,200,0.8,0.001,"tensor(0.5441, device='cuda:0')",COMPLETE
165,0.29238462448120117,2023-10-30 14:32:24.039577,2023-10-30 14:32:25.628069,0 days 00:00:01.588492,Tanh,Tanh,90,13,17.0,0.01,2,200,0.8,0.001,"tensor(0.2924, device='cuda:0')",COMPLETE
166,0.36338117718696594,2023-10-30 14:32:25.628495,2023-10-30 14:32:30.017687,0 days 00:00:04.389192,ReLU,Tanh,40,12,13.0,0.01,2,300,0.8,0.001,"tensor(0.3634, device='cuda:0')",COMPLETE
167,0.2752900719642639,2023-10-30 14:32:30.018099,2023-10-30 14:32:31.928885,0 days 00:00:01.910786,ReLU,Sigmoid,70,20,16.0,0.01,2,200,0.8,0.001,"tensor(0.2753, device='cuda:0')",COMPLETE
168,0.2722237706184387,2023-10-30 14:32:31.929296,2023-10-30 14:32:34.282277,0 days 00:00:02.352981,ReLU,Tanh,70,21,16.0,0.01,2,250,0.8,0.001,"tensor(0.2722, device='cuda:0')",COMPLETE
169,0.28256234526634216,2023-10-30 14:32:34.282695,2023-10-30 14:32:36.677151,0 days 00:00:02.394456,ReLU,Sigmoid,70,21,16.0,0.001,2,250,0.8,1e-05,"tensor(0.2826, device='cuda:0')",COMPLETE
170,0.3021921217441559,2023-10-30 14:32:36.677611,2023-10-30 14:32:38.546744,0 days 00:00:01.869133,ReLU,Sigmoid,70,20,17.0,0.01,2,250,0.6,0.001,"tensor(0.3022, device='cuda:0')",COMPLETE
171,0.36357545852661133,2023-10-30 14:32:38.547164,2023-10-30 14:32:40.978329,0 days 00:00:02.431165,ReLU,Sigmoid,70,22,16.0,0.01,2,250,0.8,0.001,"tensor(0.3636, device='cuda:0')",COMPLETE
172,0.30188289284706116,2023-10-30 14:32:40.978756,2023-10-30 14:32:43.382532,0 days 00:00:02.403776,ReLU,Tanh,70,21,16.0,0.01,2,250,0.8,0.001,"tensor(0.3019, device='cuda:0')",COMPLETE
173,0.2261548787355423,2023-10-30 14:32:43.382940,2023-10-30 14:32:44.831499,0 days 00:00:01.448559,ReLU,Sigmoid,70,21,15.0,0.01,2,150,0.8,0.001,"tensor(0.2262, device='cuda:0')",COMPLETE
174,0.3736853301525116,2023-10-30 14:32:44.831925,2023-10-30 14:32:46.280866,0 days 00:00:01.448941,ReLU,Sigmoid,70,20,15.0,0.01,2,150,0.8,0.001,"tensor(0.3737, device='cuda:0')",COMPLETE
175,0.28694167733192444,2023-10-30 14:32:46.281270,2023-10-30 14:32:47.720529,0 days 00:00:01.439259,ReLU,Sigmoid,70,21,18.0,0.01,2,150,0.8,0.001,"tensor(0.2869, device='cuda:0')",COMPLETE
176,0.5661279559135437,2023-10-30 14:32:47.720964,2023-10-30 14:32:49.039601,0 days 00:00:01.318637,ReLU,Sigmoid,80,22,15.0,0.0001,2,150,0.8,0.0001,"tensor(0.5661, device='cuda:0')",COMPLETE
177,0.25147581100463867,2023-10-30 14:32:49.040048,2023-10-30 14:32:52.763745,0 days 00:00:03.723697,ReLU,Sigmoid,60,23,15.0,0.01,2,350,0.8,0.001,"tensor(0.2515, device='cuda:0')",COMPLETE
178,0.3001301884651184,2023-10-30 14:32:52.764178,2023-10-30 14:32:56.495507,0 days 00:00:03.731329,ReLU,Sigmoid,60,23,15.0,0.01,2,350,0.8,0.001,"tensor(0.3001, device='cuda:0')",COMPLETE
179,0.32962509989738464,2023-10-30 14:32:56.495906,2023-10-30 14:33:00.222585,0 days 00:00:03.726679,ReLU,Sigmoid,60,24,14.0,0.01,2,350,0.8,0.001,"tensor(0.3296, device='cuda:0')",COMPLETE
180,0.47832274436950684,2023-10-30 14:33:00.222993,2023-10-30 14:33:03.984613,0 days 00:00:03.761620,ReLU,Sigmoid,60,23,2.0,0.01,2,350,0.8,0.001,"tensor(0.4783, device='cuda:0')",COMPLETE
181,0.4563840925693512,2023-10-30 14:33:03.985039,2023-10-30 14:33:05.602153,0 days 00:00:01.617114,ReLU,Sigmoid,60,19,17.0,0.01,2,150,0.8,0.001,"tensor(0.4564, device='cuda:0')",COMPLETE
182,0.26765093207359314,2023-10-30 14:33:05.602572,2023-10-30 14:33:08.894899,0 days 00:00:03.292327,ReLU,Sigmoid,70,20,16.0,0.01,2,350,0.8,0.001,"tensor(0.2677, device='cuda:0')",COMPLETE
183,0.20845188200473785,2023-10-30 14:33:08.895311,2023-10-30 14:33:12.210567,0 days 00:00:03.315256,ReLU,Sigmoid,70,20,16.0,0.01,2,350,0.8,0.001,"tensor(0.2085, device='cuda:0')",COMPLETE
184,0.2676868438720703,2023-10-30 14:33:12.210987,2023-10-30 14:33:15.546744,0 days 00:00:03.335757,ReLU,Sigmoid,70,21,16.0,0.01,2,350,0.8,0.001,"tensor(0.2677, device='cuda:0')",COMPLETE
185,0.27100878953933716,2023-10-30 14:33:15.547221,2023-10-30 14:33:18.888054,0 days 00:00:03.340833,ReLU,Sigmoid,70,21,15.0,0.01,2,350,0.8,0.001,"tensor(0.2710, device='cuda:0')",COMPLETE
186,0.9375076293945312,2023-10-30 14:33:18.888492,2023-10-30 14:33:22.209095,0 days 00:00:03.320603,ReLU,Sigmoid,70,21,15.0,0.01,2,350,0.8,0.1,"tensor(0.9375, device='cuda:0')",COMPLETE
187,0.2345689833164215,2023-10-30 14:33:22.209510,2023-10-30 14:33:25.554070,0 days 00:00:03.344560,ReLU,Sigmoid,70,22,16.0,0.01,2,350,0.8,0.001,"tensor(0.2346, device='cuda:0')",COMPLETE
188,0.33724668622016907,2023-10-30 14:33:25.554471,2023-10-30 14:33:26.524912,0 days 00:00:00.970441,ReLU,Sigmoid,70,22,15.0,0.01,2,350,0.2,0.001,"tensor(0.3372, device='cuda:0')",COMPLETE
189,0.27334919571876526,2023-10-30 14:33:26.525334,2023-10-30 14:33:29.872080,0 days 00:00:03.346746,ReLU,Sigmoid,70,22,16.0,0.01,2,350,0.8,0.001,"tensor(0.2733, device='cuda:0')",COMPLETE
190,0.41431933641433716,2023-10-30 14:33:29.872535,2023-10-30 14:33:33.242164,0 days 00:00:03.369629,ReLU,Sigmoid,70,24,14.0,0.01,2,350,0.8,0.001,"tensor(0.4143, device='cuda:0')",COMPLETE
191,0.22141921520233154,2023-10-30 14:33:33.242599,2023-10-30 14:33:36.576599,0 days 00:00:03.334000,ReLU,Sigmoid,70,21,16.0,0.01,2,350,0.8,0.001,"tensor(0.2214, device='cuda:0')",COMPLETE
192,0.3684796094894409,2023-10-30 14:33:36.577011,2023-10-30 14:33:39.884746,0 days 00:00:03.307735,ReLU,Sigmoid,70,20,17.0,0.01,2,350,0.8,0.001,"tensor(0.3685, device='cuda:0')",COMPLETE
193,0.2498994916677475,2023-10-30 14:33:39.885150,2023-10-30 14:33:43.237568,0 days 00:00:03.352418,ReLU,Sigmoid,70,21,16.0,0.01,2,350,0.8,0.001,"tensor(0.2499, device='cuda:0')",COMPLETE
194,0.31638631224632263,2023-10-30 14:33:43.237992,2023-10-30 14:33:46.571176,0 days 00:00:03.333184,ReLU,Sigmoid,70,22,17.0,0.01,2,350,0.8,0.001,"tensor(0.3164, device='cuda:0')",COMPLETE
195,0.2911292314529419,2023-10-30 14:33:46.571579,2023-10-30 14:33:49.929396,0 days 00:00:03.357817,ReLU,Sigmoid,70,21,16.0,0.01,2,350,0.8,0.001,"tensor(0.2911, device='cuda:0')",COMPLETE
196,0.3759881258010864,2023-10-30 14:33:49.929806,2023-10-30 14:33:51.143634,0 days 00:00:01.213828,ReLU,Sigmoid,80,20,15.0,0.1,2,350,0.3,0.001,"tensor(0.3760, device='cuda:0')",COMPLETE
197,0.3121468126773834,2023-10-30 14:33:51.144040,2023-10-30 14:33:54.484467,0 days 00:00:03.340427,ReLU,Sigmoid,70,23,16.0,0.01,2,350,0.8,0.001,"tensor(0.3121, device='cuda:0')",COMPLETE
198,0.5941312909126282,2023-10-30 14:33:54.484874,2023-10-30 14:33:57.783107,0 days 00:00:03.298233,Sigmoid,Sigmoid,70,21,17.0,0.01,2,350,0.8,0.01,"tensor(0.5941, device='cuda:0')",COMPLETE
199,0.4084218442440033,2023-10-30 14:33:57.783526,2023-10-30 14:34:00.568570,0 days 00:00:02.785044,Leaky,Sigmoid,90,22,16.0,0.01,2,350,0.8,0.001,"tensor(0.4084, device='cuda:0')",COMPLETE
200,0.9612035155296326,2023-10-30 14:34:00.568993,2023-10-30 14:34:01.314811,0 days 00:00:00.745818,ReLU,Sigmoid,40,23,15.0,1e-05,2,350,0.1,0.001,"tensor(0.9612, device='cuda:0')",COMPLETE
201,0.24600447714328766,2023-10-30 14:34:01.315239,2023-10-30 14:34:04.657168,0 days 00:00:03.341929,ReLU,Sigmoid,70,20,15.0,0.01,2,350,0.8,0.001,"tensor(0.2460, device='cuda:0')",COMPLETE
202,0.28672096133232117,2023-10-30 14:34:04.657570,2023-10-30 14:34:08.013272,0 days 00:00:03.355702,ReLU,Sigmoid,70,20,15.0,0.01,2,350,0.8,0.001,"tensor(0.2867, device='cuda:0')",COMPLETE
203,0.3538110852241516,2023-10-30 14:34:08.013690,2023-10-30 14:34:11.393501,0 days 00:00:03.379811,ReLU,Sigmoid,70,20,14.0,0.01,2,350,0.8,0.001,"tensor(0.3538, device='cuda:0')",COMPLETE
204,0.3308318853378296,2023-10-30 14:34:11.393914,2023-10-30 14:34:14.739400,0 days 00:00:03.345486,ReLU,Sigmoid,70,21,16.0,0.01,2,350,0.8,0.001,"tensor(0.3308, device='cuda:0')",COMPLETE
205,0.43878620862960815,2023-10-30 14:34:14.739830,2023-10-30 14:34:17.806035,0 days 00:00:03.066205,ReLU,Sigmoid,80,19,16.0,0.01,2,350,0.8,0.001,"tensor(0.4388, device='cuda:0')",COMPLETE
206,0.5093223452568054,2023-10-30 14:34:17.806444,2023-10-30 14:34:21.128863,0 days 00:00:03.322419,ReLU,Sigmoid,70,21,14.0,0.01,2,350,0.8,0.001,"tensor(0.5093, device='cuda:0')",COMPLETE
207,0.3153998553752899,2023-10-30 14:34:21.129285,2023-10-30 14:34:23.223387,0 days 00:00:02.094102,ReLU,Sigmoid,70,20,15.0,0.01,2,350,0.5,0.001,"tensor(0.3154, device='cuda:0')",COMPLETE
208,0.4061488211154938,2023-10-30 14:34:23.223806,2023-10-30 14:34:26.143212,0 days 00:00:02.919406,ReLU,,70,21,,0.01,1,350,0.8,0.001,"tensor(0.4061, device='cuda:0')",COMPLETE
209,0.46514463424682617,2023-10-30 14:34:26.143648,2023-10-30 14:34:30.688796,0 days 00:00:04.545148,Sigmoid,Sigmoid,20,19,17.0,0.01,2,350,0.4,0.001,"tensor(0.4651, device='cuda:0')",COMPLETE
210,0.5214692950248718,2023-10-30 14:34:30.689222,2023-10-30 14:34:33.734002,0 days 00:00:03.044780,ReLU,Sigmoid,80,22,16.0,0.01,2,350,0.8,1e-05,"tensor(0.5215, device='cuda:0')",COMPLETE
211,0.40891575813293457,2023-10-30 14:34:33.734446,2023-10-30 14:34:37.064615,0 days 00:00:03.330169,ReLU,Sigmoid,70,21,15.0,0.01,2,350,0.8,0.001,"tensor(0.4089, device='cuda:0')",COMPLETE
212,0.39320600032806396,2023-10-30 14:34:37.065056,2023-10-30 14:34:40.377455,0 days 00:00:03.312399,ReLU,Sigmoid,70,21,15.0,0.01,2,350,0.8,0.001,"tensor(0.3932, device='cuda:0')",COMPLETE
213,0.2866750657558441,2023-10-30 14:34:40.377875,2023-10-30 14:34:43.728337,0 days 00:00:03.350462,ReLU,Sigmoid,70,20,14.0,0.01,2,350,0.8,0.001,"tensor(0.2867, device='cuda:0')",COMPLETE
214,0.3602493703365326,2023-10-30 14:34:43.728769,2023-10-30 14:34:47.083750,0 days 00:00:03.354981,ReLU,Sigmoid,70,22,16.0,0.01,2,350,0.8,0.001,"tensor(0.3602, device='cuda:0')",COMPLETE
215,0.3434128165245056,2023-10-30 14:34:47.084174,2023-10-30 14:34:51.337224,0 days 00:00:04.253050,ReLU,Sigmoid,70,20,15.0,0.01,2,450,0.8,0.001,"tensor(0.3434, device='cuda:0')",COMPLETE
216,0.3409285247325897,2023-10-30 14:34:51.337652,2023-10-30 14:34:55.626763,0 days 00:00:04.289111,ReLU,Leaky,50,15,16.0,0.01,2,350,0.8,0.001,"tensor(0.3409, device='cuda:0')",COMPLETE
217,0.3944289982318878,2023-10-30 14:34:55.627179,2023-10-30 14:34:56.187071,0 days 00:00:00.559892,ReLU,Sigmoid,60,21,17.0,0.001,2,50,0.8,0.001,"tensor(0.3944, device='cuda:0')",COMPLETE
218,0.6350734233856201,2023-10-30 14:34:56.187498,2023-10-30 14:35:01.077946,0 days 00:00:04.890448,ReLU,Sigmoid,30,19,15.0,0.0001,2,350,0.6,0.001,"tensor(0.6351, device='cuda:0')",COMPLETE
219,0.25808802247047424,2023-10-30 14:35:01.078383,2023-10-30 14:35:05.755941,0 days 00:00:04.677558,Sigmoid,Sigmoid,70,21,14.0,0.01,2,500,0.8,0.0001,"tensor(0.2581, device='cuda:0')",COMPLETE
220,0.24908317625522614,2023-10-30 14:35:05.756374,2023-10-30 14:35:30.162674,0 days 00:00:24.406300,Sigmoid,ReLU,10,23,13.0,0.01,2,500,0.8,0.0001,"tensor(0.2491, device='cuda:0')",COMPLETE
221,0.49558255076408386,2023-10-30 14:35:30.163097,2023-10-30 14:35:54.505129,0 days 00:00:24.342032,Leaky,ReLU,10,23,13.0,0.01,2,500,0.8,0.0001,"tensor(0.4956, device='cuda:0')",COMPLETE
222,0.40120840072631836,2023-10-30 14:35:54.505553,2023-10-30 14:35:58.828813,0 days 00:00:04.323260,Sigmoid,ReLU,80,24,14.0,0.01,2,500,0.8,0.0001,"tensor(0.4012, device='cuda:0')",COMPLETE
223,0.2809348404407501,2023-10-30 14:35:58.829232,2023-10-30 14:36:23.016243,0 days 00:00:24.187011,Sigmoid,ReLU,10,22,13.0,0.01,2,500,0.8,0.0001,"tensor(0.2809, device='cuda:0')",COMPLETE
224,0.3583316206932068,2023-10-30 14:36:23.016674,2023-10-30 14:36:27.711129,0 days 00:00:04.694455,Sigmoid,ReLU,70,23,13.0,0.01,2,500,0.8,0.0001,"tensor(0.3583, device='cuda:0')",COMPLETE
225,0.34946975111961365,2023-10-30 14:36:27.711576,2023-10-30 14:36:52.101612,0 days 00:00:24.390036,Sigmoid,ReLU,10,20,14.0,0.01,2,500,0.8,0.0001,"tensor(0.3495, device='cuda:0')",COMPLETE
226,0.33124732971191406,2023-10-30 14:36:52.102072,2023-10-30 14:37:16.255607,0 days 00:00:24.153535,Sigmoid,Sigmoid,10,22,12.0,0.01,2,500,0.8,0.0001,"tensor(0.3312, device='cuda:0')",COMPLETE
227,0.39871320128440857,2023-10-30 14:37:16.256084,2023-10-30 14:37:17.448704,0 days 00:00:01.192620,Sigmoid,Sigmoid,90,18,14.0,0.01,2,150,0.8,0.0001,"tensor(0.3987, device='cuda:0')",COMPLETE
228,0.26540476083755493,2023-10-30 14:37:17.449140,2023-10-30 14:37:24.590701,0 days 00:00:07.141561,Sigmoid,Sigmoid,40,23,16.0,0.01,2,500,0.8,0.0001,"tensor(0.2654, device='cuda:0')",COMPLETE
229,0.26579201221466064,2023-10-30 14:37:24.591136,2023-10-30 14:37:31.716274,0 days 00:00:07.125138,Sigmoid,Sigmoid,40,24,17.0,0.01,2,500,0.8,0.0001,"tensor(0.2658, device='cuda:0')",COMPLETE
230,0.35740646719932556,2023-10-30 14:37:31.716705,2023-10-30 14:37:33.666960,0 days 00:00:01.950255,Sigmoid,Sigmoid,40,23,17.0,0.01,2,500,0.2,0.0001,"tensor(0.3574, device='cuda:0')",COMPLETE
231,0.27411845326423645,2023-10-30 14:37:33.667376,2023-10-30 14:37:40.860145,0 days 00:00:07.192769,Sigmoid,Sigmoid,40,24,18.0,0.01,2,500,0.8,0.0001,"tensor(0.2741, device='cuda:0')",COMPLETE
232,0.27542388439178467,2023-10-30 14:37:40.860574,2023-10-30 14:37:47.999894,0 days 00:00:07.139320,Sigmoid,Sigmoid,40,24,16.0,0.01,2,500,0.8,0.0001,"tensor(0.2754, device='cuda:0')",COMPLETE
233,0.32927843928337097,2023-10-30 14:37:48.000349,2023-10-30 14:37:55.103703,0 days 00:00:07.103354,Sigmoid,Sigmoid,40,23,16.0,0.01,2,500,0.8,0.0001,"tensor(0.3293, device='cuda:0')",COMPLETE
234,0.278585821390152,2023-10-30 14:37:55.104138,2023-10-30 14:38:02.259833,0 days 00:00:07.155695,Sigmoid,Sigmoid,40,23,17.0,0.01,2,500,0.8,0.0001,"tensor(0.2786, device='cuda:0')",COMPLETE
235,0.39498886466026306,2023-10-30 14:38:02.260252,2023-10-30 14:38:06.906003,0 days 00:00:04.645751,Sigmoid,Sigmoid,70,22,17.0,0.01,2,500,0.8,0.0001,"tensor(0.3950, device='cuda:0')",COMPLETE
236,0.2510375678539276,2023-10-30 14:38:06.906436,2023-10-30 14:38:12.640295,0 days 00:00:05.733859,Sigmoid,Sigmoid,40,24,19.0,0.01,2,400,0.8,0.0001,"tensor(0.2510, device='cuda:0')",COMPLETE
237,0.3660551905632019,2023-10-30 14:38:12.640740,2023-10-30 14:38:19.780190,0 days 00:00:07.139450,Sigmoid,Sigmoid,40,24,20.0,0.01,2,500,0.8,0.0001,"tensor(0.3661, device='cuda:0')",COMPLETE
238,0.31605011224746704,2023-10-30 14:38:19.780628,2023-10-30 14:38:25.531705,0 days 00:00:05.751077,Sigmoid,Sigmoid,40,24,19.0,0.01,2,400,0.8,0.0001,"tensor(0.3161, device='cuda:0')",COMPLETE
239,0.3485865592956543,2023-10-30 14:38:25.532138,2023-10-30 14:38:27.818130,0 days 00:00:02.285992,Sigmoid,Sigmoid,40,23,16.0,0.1,2,400,0.3,0.0001,"tensor(0.3486, device='cuda:0')",COMPLETE
240,0.3493921160697937,2023-10-30 14:38:27.818561,2023-10-30 14:38:33.516945,0 days 00:00:05.698384,Sigmoid,Sigmoid,40,24,20.0,0.01,2,400,0.8,0.0001,"tensor(0.3494, device='cuda:0')",COMPLETE
241,0.435616135597229,2023-10-30 14:38:33.517385,2023-10-30 14:38:34.948532,0 days 00:00:01.431147,Sigmoid,Sigmoid,40,23,19.0,0.01,2,100,0.8,0.0001,"tensor(0.4356, device='cuda:0')",COMPLETE
242,0.35065266489982605,2023-10-30 14:38:34.948964,2023-10-30 14:38:38.706425,0 days 00:00:03.757461,ReLU,Sigmoid,70,22,18.0,0.01,2,400,0.8,0.0001,"tensor(0.3507, device='cuda:0')",COMPLETE
243,0.4139329791069031,2023-10-30 14:38:38.706857,2023-10-30 14:38:41.327859,0 days 00:00:02.621002,ReLU,Sigmoid,80,14,16.0,0.01,2,300,0.8,0.0001,"tensor(0.4139, device='cuda:0')",COMPLETE
244,0.9464426636695862,2023-10-30 14:38:41.328286,2023-10-30 14:38:48.565865,0 days 00:00:07.237579,ReLU,Sigmoid,40,21,15.0,0.01,2,500,0.8,0.1,"tensor(0.9464, device='cuda:0')",COMPLETE
245,0.5017266869544983,2023-10-30 14:38:48.566292,2023-10-30 14:38:51.851539,0 days 00:00:03.285247,Sigmoid,Leaky,70,2,22.0,0.01,2,350,0.8,0.0001,"tensor(0.5017, device='cuda:0')",COMPLETE
246,0.3171516954898834,2023-10-30 14:38:51.851973,2023-10-30 14:38:55.156445,0 days 00:00:03.304472,ReLU,Sigmoid,70,24,16.0,0.01,2,350,0.8,0.001,"tensor(0.3172, device='cuda:0')",COMPLETE
247,0.32330310344696045,2023-10-30 14:38:55.156866,2023-10-30 14:38:56.627056,0 days 00:00:01.470190,ReLU,Sigmoid,70,20,15.0,0.01,2,150,0.8,0.0001,"tensor(0.3233, device='cuda:0')",COMPLETE
248,0.9032504558563232,2023-10-30 14:38:56.627478,2023-10-30 14:38:59.641316,0 days 00:00:03.013838,Sigmoid,Sigmoid,80,21,21.0,1e-05,2,350,0.8,0.001,"tensor(0.9033, device='cuda:0')",COMPLETE
249,0.279254674911499,2023-10-30 14:38:59.641739,2023-10-30 14:39:04.384964,0 days 00:00:04.743225,ReLU,ReLU,70,20,17.0,0.01,2,500,0.8,0.01,"tensor(0.2793, device='cuda:0')",COMPLETE
250,0.3901662528514862,2023-10-30 14:39:04.385430,2023-10-30 14:39:04.981661,0 days 00:00:00.596231,ReLU,Sigmoid,60,23,12.0,0.01,2,350,0.1,0.001,"tensor(0.3902, device='cuda:0')",COMPLETE
251,0.4476233124732971,2023-10-30 14:39:04.982078,2023-10-30 14:39:10.800021,0 days 00:00:05.817943,ReLU,Tanh,40,7,16.0,0.01,2,400,0.8,0.001,"tensor(0.4476, device='cuda:0')",COMPLETE
252,0.38415008783340454,2023-10-30 14:39:10.800501,2023-10-30 14:39:12.874521,0 days 00:00:02.074020,Sigmoid,Sigmoid,70,15,15.0,0.01,2,350,0.5,0.001,"tensor(0.3842, device='cuda:0')",COMPLETE
253,0.2786444425582886,2023-10-30 14:39:12.874971,2023-10-30 14:39:15.087282,0 days 00:00:02.212311,ReLU,Tanh,70,22,8.0,0.01,2,450,0.4,0.001,"tensor(0.2786, device='cuda:0')",COMPLETE
254,0.3562845289707184,2023-10-30 14:39:15.087730,2023-10-30 14:39:32.151227,0 days 00:00:17.063497,ReLU,Sigmoid,10,21,18.0,0.01,2,350,0.8,1e-05,"tensor(0.3563, device='cuda:0')",COMPLETE
255,0.35633519291877747,2023-10-30 14:39:32.151739,2023-10-30 14:39:32.608918,0 days 00:00:00.457179,ReLU,Tanh,80,14,11.0,0.01,2,50,0.8,0.001,"tensor(0.3563, device='cuda:0')",COMPLETE
256,0.31087520718574524,2023-10-30 14:39:32.609340,2023-10-30 14:39:37.290010,0 days 00:00:04.680670,Sigmoid,Sigmoid,70,24,16.0,0.001,2,500,0.8,0.0001,"tensor(0.3109, device='cuda:0')",COMPLETE
257,0.30495181679725647,2023-10-30 14:39:37.290459,2023-10-30 14:39:40.627564,0 days 00:00:03.337105,ReLU,Tanh,70,19,13.0,0.01,2,350,0.8,0.001,"tensor(0.3050, device='cuda:0')",COMPLETE
258,0.4098171889781952,2023-10-30 14:39:40.628000,2023-10-30 14:39:44.383635,0 days 00:00:03.755635,Leaky,Sigmoid,40,21,15.0,0.0001,2,350,0.6,0.001,"tensor(0.4098, device='cuda:0')",COMPLETE
259,0.22846022248268127,2023-10-30 14:39:44.384049,2023-10-30 14:39:48.272485,0 days 00:00:03.888436,ReLU,Tanh,20,22,17.0,0.01,2,150,0.8,0.001,"tensor(0.2285, device='cuda:0')",COMPLETE
260,0.30490797758102417,2023-10-30 14:39:48.272911,2023-10-30 14:39:52.113541,0 days 00:00:03.840630,ReLU,Sigmoid,20,22,17.0,0.01,2,150,0.8,0.001,"tensor(0.3049, device='cuda:0')",COMPLETE
261,0.29711994528770447,2023-10-30 14:39:52.113974,2023-10-30 14:39:55.952181,0 days 00:00:03.838207,Sigmoid,Tanh,20,23,17.0,0.01,2,150,0.8,0.001,"tensor(0.2971, device='cuda:0')",COMPLETE
262,0.39046338200569153,2023-10-30 14:39:55.952641,2023-10-30 14:39:57.283787,0 days 00:00:01.331146,ReLU,ReLU,80,22,16.0,0.01,2,150,0.8,0.0001,"tensor(0.3905, device='cuda:0')",COMPLETE
263,0.47601425647735596,2023-10-30 14:39:57.284221,2023-10-30 14:39:58.694525,0 days 00:00:01.410304,Tanh,,60,21,,0.01,1,150,0.8,0.001,"tensor(0.4760, device='cuda:0')",COMPLETE
264,0.3131258487701416,2023-10-30 14:39:58.694959,2023-10-30 14:40:07.693188,0 days 00:00:08.998229,ReLU,Sigmoid,20,20,18.0,0.01,2,350,0.8,0.001,"tensor(0.3131, device='cuda:0')",COMPLETE
265,0.5434589385986328,2023-10-30 14:40:07.693648,2023-10-30 14:40:14.932280,0 days 00:00:07.238632,ReLU,Tanh,40,16,16.0,0.01,2,500,0.8,0.1,"tensor(0.5435, device='cuda:0')",COMPLETE
266,0.3312242925167084,2023-10-30 14:40:14.932711,2023-10-30 14:40:23.893251,0 days 00:00:08.960540,Sigmoid,Sigmoid,20,23,13.0,0.01,2,350,0.8,0.001,"tensor(0.3312, device='cuda:0')",COMPLETE
267,0.4210173189640045,2023-10-30 14:40:23.893756,2023-10-30 14:40:24.678421,0 days 00:00:00.784665,ReLU,Tanh,30,22,7.0,0.01,2,150,0.2,0.001,"tensor(0.4210, device='cuda:0')",COMPLETE
268,0.37215757369995117,2023-10-30 14:40:24.678846,2023-10-30 14:40:33.990479,0 days 00:00:09.311633,Tanh,Leaky,20,24,14.0,0.01,2,350,0.8,0.0001,"tensor(0.3722, device='cuda:0')",COMPLETE
269,0.2828759253025055,2023-10-30 14:40:33.990939,2023-10-30 14:40:37.714915,0 days 00:00:03.723976,ReLU,Sigmoid,80,21,17.0,0.01,2,400,0.8,0.001,"tensor(0.2829, device='cuda:0')",COMPLETE
270,0.4393784999847412,2023-10-30 14:40:37.715354,2023-10-30 14:40:53.812353,0 days 00:00:16.096999,Sigmoid,Tanh,10,4,17.0,0.1,2,300,0.8,0.001,"tensor(0.4394, device='cuda:0')",COMPLETE
271,0.465751051902771,2023-10-30 14:40:53.812853,2023-10-30 14:40:55.910767,0 days 00:00:02.097914,ReLU,Sigmoid,70,15,16.0,0.01,2,500,0.3,0.001,"tensor(0.4658, device='cuda:0')",COMPLETE
272,0.5685665607452393,2023-10-30 14:40:55.911193,2023-10-30 14:41:00.460111,0 days 00:00:04.548918,ReLU,Tanh,50,22,15.0,0.01,2,350,0.8,0.01,"tensor(0.5686, device='cuda:0')",COMPLETE
273,0.3629894256591797,2023-10-30 14:41:00.460537,2023-10-30 14:41:01.421322,0 days 00:00:00.960785,Tanh,Sigmoid,70,20,12.0,0.01,2,100,0.8,0.0001,"tensor(0.3630, device='cuda:0')",COMPLETE
274,1.0965847969055176,2023-10-30 14:41:01.421758,2023-10-30 14:41:06.889118,0 days 00:00:05.467360,Sigmoid,Tanh,40,23,18.0,1e-05,2,350,0.8,0.001,"tensor(1.0966, device='cuda:0')",COMPLETE
275,0.44087129831314087,2023-10-30 14:41:06.889560,2023-10-30 14:41:11.645414,0 days 00:00:04.755854,ReLU,Sigmoid,70,21,16.0,0.01,2,500,0.8,0.001,"tensor(0.4409, device='cuda:0')",COMPLETE
276,0.2749442160129547,2023-10-30 14:41:11.645859,2023-10-30 14:41:14.674657,0 days 00:00:03.028798,ReLU,ReLU,80,19,14.0,0.01,2,350,0.8,0.001,"tensor(0.2749, device='cuda:0')",COMPLETE
277,0.39219358563423157,2023-10-30 14:41:14.675081,2023-10-30 14:41:15.275069,0 days 00:00:00.599988,Sigmoid,Tanh,70,20,13.0,0.01,2,350,0.1,0.001,"tensor(0.3922, device='cuda:0')",COMPLETE
278,0.24696873128414154,2023-10-30 14:41:15.275519,2023-10-30 14:41:16.696601,0 days 00:00:01.421082,Tanh,Sigmoid,70,16,16.0,0.01,2,150,0.8,0.0001,"tensor(0.2470, device='cuda:0')",COMPLETE
279,0.3717275857925415,2023-10-30 14:41:16.697027,2023-10-30 14:41:18.281620,0 days 00:00:01.584593,Tanh,Tanh,60,16,19.0,0.01,2,150,0.8,0.0001,"tensor(0.3717, device='cuda:0')",COMPLETE
280,0.3227995038032532,2023-10-30 14:41:18.282053,2023-10-30 14:41:19.697006,0 days 00:00:01.414953,Tanh,Sigmoid,40,15,17.0,0.01,2,150,0.5,0.0001,"tensor(0.3228, device='cuda:0')",COMPLETE
281,0.4247818887233734,2023-10-30 14:41:19.697438,2023-10-30 14:41:21.114366,0 days 00:00:01.416928,Tanh,Sigmoid,70,16,15.0,0.01,2,150,0.8,0.0001,"tensor(0.4248, device='cuda:0')",COMPLETE
282,0.6432961821556091,2023-10-30 14:41:21.114795,2023-10-30 14:41:22.443103,0 days 00:00:01.328308,Tanh,Tanh,80,17,1.0,0.001,2,150,0.8,0.0001,"tensor(0.6433, device='cuda:0')",COMPLETE
283,0.2684316337108612,2023-10-30 14:41:22.443556,2023-10-30 14:41:23.859461,0 days 00:00:01.415905,Tanh,Sigmoid,70,15,9.0,0.01,2,150,0.8,0.0001,"tensor(0.2684, device='cuda:0')",COMPLETE
284,0.6198453307151794,2023-10-30 14:41:23.859900,2023-10-30 14:41:28.771189,0 days 00:00:04.911289,Tanh,Tanh,10,16,12.0,0.0001,2,200,0.4,0.0001,"tensor(0.6198, device='cuda:0')",COMPLETE
285,0.3743106722831726,2023-10-30 14:41:28.771625,2023-10-30 14:41:33.474027,0 days 00:00:04.702402,Sigmoid,Sigmoid,70,14,4.0,0.01,2,500,0.8,0.0001,"tensor(0.3743, device='cuda:0')",COMPLETE
286,0.3197803497314453,2023-10-30 14:41:33.474469,2023-10-30 14:41:36.362048,0 days 00:00:02.887579,Leaky,Tanh,40,23,15.0,0.01,2,200,0.8,1e-05,"tensor(0.3198, device='cuda:0')",COMPLETE
287,0.32507073879241943,2023-10-30 14:41:36.362490,2023-10-30 14:41:36.851484,0 days 00:00:00.488994,Tanh,Sigmoid,70,18,21.0,0.01,2,50,0.8,0.001,"tensor(0.3251, device='cuda:0')",COMPLETE
288,0.3229408264160156,2023-10-30 14:41:36.851907,2023-10-30 14:41:39.785668,0 days 00:00:02.933761,Sigmoid,Tanh,80,24,16.0,0.01,2,450,0.6,0.001,"tensor(0.3229, device='cuda:0')",COMPLETE
289,0.2962348461151123,2023-10-30 14:41:39.786092,2023-10-30 14:41:48.843433,0 days 00:00:09.057341,ReLU,Sigmoid,20,15,17.0,0.01,2,400,0.7,0.0001,"tensor(0.2962, device='cuda:0')",COMPLETE
290,0.3017888367176056,2023-10-30 14:41:48.843867,2023-10-30 14:41:50.796087,0 days 00:00:01.952220,Tanh,ReLU,70,16,14.0,0.01,2,200,0.8,0.001,"tensor(0.3018, device='cuda:0')",COMPLETE
291,0.46836885809898376,2023-10-30 14:41:50.796532,2023-10-30 14:41:55.557763,0 days 00:00:04.761231,ReLU,Tanh,70,23,11.0,0.01,2,500,0.8,0.1,"tensor(0.4684, device='cuda:0')",COMPLETE
292,0.3022298812866211,2023-10-30 14:41:55.558194,2023-10-30 14:41:58.314399,0 days 00:00:02.756205,Sigmoid,Sigmoid,30,17,13.0,0.01,2,150,0.8,0.001,"tensor(0.3022, device='cuda:0')",COMPLETE
293,0.2599617540836334,2023-10-30 14:41:58.314852,2023-10-30 14:42:01.263093,0 days 00:00:02.948241,ReLU,Leaky,40,22,16.0,0.01,2,200,0.8,0.001,"tensor(0.2600, device='cuda:0')",COMPLETE
294,0.27780580520629883,2023-10-30 14:42:01.263534,2023-10-30 14:42:04.196176,0 days 00:00:02.932642,ReLU,Leaky,40,22,15.0,0.01,2,200,0.8,0.001,"tensor(0.2778, device='cuda:0')",COMPLETE
295,0.3137565553188324,2023-10-30 14:42:04.196610,2023-10-30 14:42:07.092543,0 days 00:00:02.895933,Tanh,Leaky,40,22,16.0,0.01,2,200,0.8,0.0001,"tensor(0.3138, device='cuda:0')",COMPLETE
296,0.2799471914768219,2023-10-30 14:42:07.092973,2023-10-30 14:42:09.978715,0 days 00:00:02.885742,Sigmoid,Leaky,40,23,17.0,0.01,2,200,0.8,0.001,"tensor(0.2799, device='cuda:0')",COMPLETE
297,0.41812512278556824,2023-10-30 14:42:09.979176,2023-10-30 14:42:10.791050,0 days 00:00:00.811874,ReLU,Leaky,40,22,15.0,0.01,2,200,0.2,0.001,"tensor(0.4181, device='cuda:0')",COMPLETE
298,0.300265908241272,2023-10-30 14:42:10.791482,2023-10-30 14:42:13.686984,0 days 00:00:02.895502,ReLU,Leaky,40,24,18.0,0.01,2,200,0.8,0.001,"tensor(0.3003, device='cuda:0')",COMPLETE
299,0.37358999252319336,2023-10-30 14:42:13.687410,2023-10-30 14:42:15.440341,0 days 00:00:01.752931,Sigmoid,Tanh,80,22,14.0,0.01,2,200,0.8,0.01,"tensor(0.3736, device='cuda:0')",COMPLETE
300,0.2543882429599762,2023-10-30 14:42:15.440783,2023-10-30 14:42:20.811808,0 days 00:00:05.371025,ReLU,Tanh,60,23,16.0,0.1,2,500,0.8,0.0001,"tensor(0.2544, device='cuda:0')",COMPLETE
301,0.3639002740383148,2023-10-30 14:42:20.812237,2023-10-30 14:42:25.487445,0 days 00:00:04.675208,Tanh,,60,23,,0.1,1,500,0.8,0.0001,"tensor(0.3639, device='cuda:0')",COMPLETE
302,0.4012014865875244,2023-10-30 14:42:25.487851,2023-10-30 14:42:27.621487,0 days 00:00:02.133636,ReLU,Tanh,60,23,16.0,0.1,2,500,0.3,0.0001,"tensor(0.4012, device='cuda:0')",COMPLETE
303,0.2965807020664215,2023-10-30 14:42:27.621923,2023-10-30 14:42:33.025527,0 days 00:00:05.403604,ReLU,Leaky,60,24,16.0,0.1,2,500,0.8,0.0001,"tensor(0.2966, device='cuda:0')",COMPLETE
304,0.3586723208427429,2023-10-30 14:42:33.025985,2023-10-30 14:42:38.337251,0 days 00:00:05.311266,Sigmoid,Tanh,60,22,17.0,0.1,2,500,0.8,0.0001,"tensor(0.3587, device='cuda:0')",COMPLETE
305,0.41646721959114075,2023-10-30 14:42:38.337676,2023-10-30 14:42:39.446291,0 days 00:00:01.108615,ReLU,Tanh,50,23,15.0,0.1,2,100,0.7,0.0001,"tensor(0.4165, device='cuda:0')",COMPLETE
306,0.6117282509803772,2023-10-30 14:42:39.446722,2023-10-30 14:42:44.798775,0 days 00:00:05.352053,Tanh,ReLU,60,24,16.0,1e-05,2,500,0.8,0.0001,"tensor(0.6117, device='cuda:0')",COMPLETE
307,0.3987464904785156,2023-10-30 14:42:44.799216,2023-10-30 14:42:45.448311,0 days 00:00:00.649095,ReLU,Tanh,40,21,16.0,0.1,2,300,0.1,0.0001,"tensor(0.3987, device='cuda:0')",COMPLETE
308,0.4684307277202606,2023-10-30 14:42:45.448765,2023-10-30 14:42:55.083220,0 days 00:00:09.634455,Sigmoid,Sigmoid,10,23,17.0,0.01,2,200,0.8,1e-05,"tensor(0.4684, device='cuda:0')",COMPLETE
309,0.23313085734844208,2023-10-30 14:42:55.083716,2023-10-30 14:42:58.943068,0 days 00:00:03.859352,Leaky,Tanh,20,9,14.0,0.001,2,150,0.8,0.0001,"tensor(0.2331, device='cuda:0')",COMPLETE
310,0.40764686465263367,2023-10-30 14:42:58.943508,2023-10-30 14:43:02.796983,0 days 00:00:03.853475,Leaky,Tanh,20,18,13.0,0.001,2,150,0.8,0.001,"tensor(0.4076, device='cuda:0')",COMPLETE
311,0.3138412833213806,2023-10-30 14:43:02.797454,2023-10-30 14:43:05.281299,0 days 00:00:02.483845,Leaky,Tanh,20,8,15.0,0.001,2,150,0.5,0.001,"tensor(0.3138, device='cuda:0')",COMPLETE
312,0.39169496297836304,2023-10-30 14:43:05.281739,2023-10-30 14:43:06.730854,0 days 00:00:01.449115,Leaky,Tanh,70,9,14.0,0.001,2,150,0.8,0.001,"tensor(0.3917, device='cuda:0')",COMPLETE
313,0.32434794306755066,2023-10-30 14:43:06.731297,2023-10-30 14:43:10.639784,0 days 00:00:03.908487,Leaky,Tanh,20,22,13.0,0.001,2,150,0.8,0.0001,"tensor(0.3243, device='cuda:0')",COMPLETE
314,0.3677878677845001,2023-10-30 14:43:10.640235,2023-10-30 14:43:14.493869,0 days 00:00:03.853634,Leaky,Tanh,20,10,14.0,0.001,2,150,0.8,0.001,"tensor(0.3678, device='cuda:0')",COMPLETE
315,0.3841977119445801,2023-10-30 14:43:14.494330,2023-10-30 14:43:19.756371,0 days 00:00:05.262041,Leaky,Tanh,20,8,14.0,0.01,2,400,0.4,0.001,"tensor(0.3842, device='cuda:0')",COMPLETE
316,0.49614959955215454,2023-10-30 14:43:19.756800,2023-10-30 14:43:21.920515,0 days 00:00:02.163715,ReLU,Tanh,60,21,12.0,0.001,2,200,0.8,0.0001,"tensor(0.4961, device='cuda:0')",COMPLETE
317,0.3412984609603882,2023-10-30 14:43:21.921006,2023-10-30 14:43:23.366300,0 days 00:00:01.445294,ReLU,Tanh,70,7,15.0,0.1,2,150,0.8,0.001,"tensor(0.3413, device='cuda:0')",COMPLETE
318,0.340088427066803,2023-10-30 14:43:23.366754,2023-10-30 14:43:24.867404,0 days 00:00:01.500650,Tanh,Tanh,100,22,13.0,0.01,2,200,0.8,0.001,"tensor(0.3401, device='cuda:0')",COMPLETE
319,0.3095114231109619,2023-10-30 14:43:24.867858,2023-10-30 14:43:26.370309,0 days 00:00:01.502451,ReLU,Leaky,70,8,15.0,0.01,2,200,0.6,0.001,"tensor(0.3095, device='cuda:0')",COMPLETE
320,0.7827597856521606,2023-10-30 14:43:26.370757,2023-10-30 14:43:27.672862,0 days 00:00:01.302105,ReLU,Tanh,70,17,16.0,0.0001,2,150,0.7,0.1,"tensor(0.7828, device='cuda:0')",COMPLETE
321,0.2907569408416748,2023-10-30 14:43:27.673315,2023-10-30 14:43:32.845017,0 days 00:00:05.171702,Tanh,ReLU,20,9,15.0,0.01,2,200,0.8,0.0001,"tensor(0.2908, device='cuda:0')",COMPLETE
322,0.2826416790485382,2023-10-30 14:43:32.845485,2023-10-30 14:43:37.106191,0 days 00:00:04.260706,ReLU,Tanh,70,7,16.0,0.01,2,450,0.8,0.001,"tensor(0.2826, device='cuda:0')",COMPLETE
323,0.25775644183158875,2023-10-30 14:43:37.106654,2023-10-30 14:43:40.923278,0 days 00:00:03.816624,ReLU,Tanh,70,14,14.0,0.01,2,400,0.8,0.001,"tensor(0.2578, device='cuda:0')",COMPLETE
324,0.3775084614753723,2023-10-30 14:43:40.923700,2023-10-30 14:43:44.754136,0 days 00:00:03.830436,ReLU,Sigmoid,70,19,14.0,0.01,2,400,0.8,0.001,"tensor(0.3775, device='cuda:0')",COMPLETE
325,0.351969838142395,2023-10-30 14:43:44.754578,2023-10-30 14:43:45.265770,0 days 00:00:00.511192,ReLU,Tanh,70,22,14.0,0.01,2,50,0.8,0.0001,"tensor(0.3520, device='cuda:0')",COMPLETE
326,0.3833364248275757,2023-10-30 14:43:45.266222,2023-10-30 14:43:46.727958,0 days 00:00:01.461736,ReLU,Sigmoid,70,21,15.0,0.01,2,150,0.8,0.001,"tensor(0.3833, device='cuda:0')",COMPLETE
327,0.3950120210647583,2023-10-30 14:43:46.728436,2023-10-30 14:43:50.528204,0 days 00:00:03.799768,ReLU,Tanh,70,13,14.0,0.001,2,400,0.8,0.001,"tensor(0.3950, device='cuda:0')",COMPLETE
328,0.7610970735549927,2023-10-30 14:43:50.528663,2023-10-30 14:44:10.065947,0 days 00:00:19.537284,ReLU,Sigmoid,10,21,15.0,1e-05,2,400,0.8,0.01,"tensor(0.7611, device='cuda:0')",COMPLETE
329,0.381438285112381,2023-10-30 14:44:10.066455,2023-10-30 14:44:11.179876,0 days 00:00:01.113421,ReLU,Tanh,70,17,14.0,0.01,2,400,0.2,0.0001,"tensor(0.3814, device='cuda:0')",COMPLETE
330,0.251756876707077,2023-10-30 14:44:11.180330,2023-10-30 14:44:14.963977,0 days 00:00:03.783647,ReLU,Sigmoid,70,20,16.0,0.01,2,400,0.8,0.001,"tensor(0.2518, device='cuda:0')",COMPLETE
331,0.27144184708595276,2023-10-30 14:44:14.964545,2023-10-30 14:44:18.804169,0 days 00:00:03.839624,ReLU,Tanh,70,20,15.0,0.01,2,400,0.8,0.001,"tensor(0.2714, device='cuda:0')",COMPLETE
332,0.2664102613925934,2023-10-30 14:44:18.804616,2023-10-30 14:44:22.630389,0 days 00:00:03.825773,ReLU,Sigmoid,70,20,13.0,0.01,2,400,0.8,0.001,"tensor(0.2664, device='cuda:0')",COMPLETE
333,0.3282236158847809,2023-10-30 14:44:22.630821,2023-10-30 14:44:26.391147,0 days 00:00:03.760326,ReLU,ReLU,70,19,16.0,0.01,2,400,0.8,0.001,"tensor(0.3282, device='cuda:0')",COMPLETE
334,0.30525168776512146,2023-10-30 14:44:26.391619,2023-10-30 14:44:27.927161,0 days 00:00:01.535542,ReLU,Leaky,70,20,15.0,0.01,2,400,0.3,0.001,"tensor(0.3053, device='cuda:0')",COMPLETE
335,0.33058369159698486,2023-10-30 14:44:27.927610,2023-10-30 14:44:31.705135,0 days 00:00:03.777525,ReLU,Tanh,70,21,16.0,0.01,2,400,0.8,0.001,"tensor(0.3306, device='cuda:0')",COMPLETE
336,0.5050753355026245,2023-10-30 14:44:31.705585,2023-10-30 14:44:34.385268,0 days 00:00:02.679683,ReLU,Sigmoid,60,16,14.0,0.1,2,250,0.8,0.001,"tensor(0.5051, device='cuda:0')",COMPLETE
337,0.321211576461792,2023-10-30 14:44:34.385713,2023-10-30 14:44:37.776500,0 days 00:00:03.390787,ReLU,Tanh,70,20,16.0,0.01,2,400,0.7,0.001,"tensor(0.3212, device='cuda:0')",COMPLETE
338,0.8427702784538269,2023-10-30 14:44:37.776936,2023-10-30 14:44:41.090099,0 days 00:00:03.313163,ReLU,Sigmoid,70,6,13.0,0.0001,2,350,0.8,0.001,"tensor(0.8428, device='cuda:0')",COMPLETE
339,0.446164071559906,2023-10-30 14:44:41.090550,2023-10-30 14:44:41.329654,0 days 00:00:00.239104,ReLU,Tanh,50,14,15.0,0.01,2,100,0.1,0.001,"tensor(0.4462, device='cuda:0')",COMPLETE
340,0.31574547290802,2023-10-30 14:44:41.330107,2023-10-30 14:44:42.339474,0 days 00:00:01.009367,Leaky,,100,21,,0.01,1,150,0.8,0.001,"tensor(0.3157, device='cuda:0')",COMPLETE
341,0.22786085307598114,2023-10-30 14:44:42.339917,2023-10-30 14:44:45.220771,0 days 00:00:02.880854,ReLU,Sigmoid,70,22,17.0,0.01,2,300,0.8,0.001,"tensor(0.2279, device='cuda:0')",COMPLETE
342,0.36540836095809937,2023-10-30 14:44:45.221204,2023-10-30 14:44:48.099484,0 days 00:00:02.878280,ReLU,Sigmoid,70,22,18.0,0.01,2,300,0.8,0.001,"tensor(0.3654, device='cuda:0')",COMPLETE
343,0.24198094010353088,2023-10-30 14:44:48.099936,2023-10-30 14:44:55.841913,0 days 00:00:07.741977,ReLU,Sigmoid,20,22,17.0,0.01,2,300,0.8,0.001,"tensor(0.2420, device='cuda:0')",COMPLETE
344,0.3272680640220642,2023-10-30 14:44:55.842398,2023-10-30 14:45:03.506720,0 days 00:00:07.664322,ReLU,Sigmoid,20,21,17.0,0.01,2,300,0.8,1e-05,"tensor(0.3273, device='cuda:0')",COMPLETE
345,0.4389428496360779,2023-10-30 14:45:03.507196,2023-10-30 14:45:07.062783,0 days 00:00:03.555587,ReLU,Sigmoid,30,22,18.0,0.001,2,300,0.5,0.001,"tensor(0.4389, device='cuda:0')",COMPLETE
346,0.24923627078533173,2023-10-30 14:45:07.063248,2023-10-30 14:45:14.735589,0 days 00:00:07.672341,ReLU,Sigmoid,20,21,17.0,0.01,2,300,0.8,0.001,"tensor(0.2492, device='cuda:0')",COMPLETE
347,0.20308642089366913,2023-10-30 14:45:14.736058,2023-10-30 14:45:22.456297,0 days 00:00:07.720239,ReLU,Sigmoid,20,20,17.0,0.01,2,300,0.8,0.001,"tensor(0.2031, device='cuda:0')",COMPLETE
348,0.3089005649089813,2023-10-30 14:45:22.456758,2023-10-30 14:45:26.488807,0 days 00:00:04.032049,ReLU,Sigmoid,20,21,18.0,0.01,2,300,0.4,0.001,"tensor(0.3089, device='cuda:0')",COMPLETE
349,0.22857338190078735,2023-10-30 14:45:26.489250,2023-10-30 14:45:34.184971,0 days 00:00:07.695721,ReLU,Sigmoid,20,19,19.0,0.01,2,300,0.8,0.001,"tensor(0.2286, device='cuda:0')",COMPLETE
350,0.37453562021255493,2023-10-30 14:45:34.185427,2023-10-30 14:45:41.845218,0 days 00:00:07.659791,ReLU,Sigmoid,20,19,17.0,0.01,2,300,0.8,0.001,"tensor(0.3745, device='cuda:0')",COMPLETE
351,0.32443347573280334,2023-10-30 14:45:41.845697,2023-10-30 14:45:49.626737,0 days 00:00:07.781040,ReLU,Sigmoid,20,9,19.0,0.01,2,300,0.8,0.001,"tensor(0.3244, device='cuda:0')",COMPLETE
352,0.38303685188293457,2023-10-30 14:45:49.627226,2023-10-30 14:45:57.376673,0 days 00:00:07.749447,ReLU,Sigmoid,20,19,19.0,0.01,2,300,0.8,0.001,"tensor(0.3830, device='cuda:0')",COMPLETE
353,0.552302896976471,2023-10-30 14:45:57.377154,2023-10-30 14:46:05.177850,0 days 00:00:07.800696,ReLU,Sigmoid,20,20,18.0,0.1,2,300,0.8,0.001,"tensor(0.5523, device='cuda:0')",COMPLETE
354,0.35410311818122864,2023-10-30 14:46:05.178327,2023-10-30 14:46:12.883511,0 days 00:00:07.705184,ReLU,Sigmoid,20,19,17.0,0.01,2,300,0.8,0.001,"tensor(0.3541, device='cuda:0')",COMPLETE
355,0.24908195436000824,2023-10-30 14:46:12.883979,2023-10-30 14:46:20.674958,0 days 00:00:07.790979,ReLU,Sigmoid,20,20,19.0,0.01,2,300,0.8,0.001,"tensor(0.2491, device='cuda:0')",COMPLETE
356,0.4668118357658386,2023-10-30 14:46:20.675429,2023-10-30 14:46:28.321861,0 days 00:00:07.646432,ReLU,Sigmoid,20,20,19.0,0.01,2,300,0.8,0.001,"tensor(0.4668, device='cuda:0')",COMPLETE
357,0.2632151246070862,2023-10-30 14:46:28.322332,2023-10-30 14:46:36.001491,0 days 00:00:07.679159,ReLU,Sigmoid,20,20,20.0,0.01,2,300,0.8,0.001,"tensor(0.2632, device='cuda:0')",COMPLETE
358,0.41941532492637634,2023-10-30 14:46:36.001950,2023-10-30 14:46:41.811082,0 days 00:00:05.809132,ReLU,Sigmoid,20,20,19.0,0.01,2,300,0.6,0.001,"tensor(0.4194, device='cuda:0')",COMPLETE
359,0.32231393456459045,2023-10-30 14:46:41.811548,2023-10-30 14:46:49.604021,0 days 00:00:07.792473,ReLU,Sigmoid,20,19,20.0,0.01,2,300,0.8,0.001,"tensor(0.3223, device='cuda:0')",COMPLETE
360,0.2764550447463989,2023-10-30 14:46:49.604476,2023-10-30 14:46:57.307509,0 days 00:00:07.703033,ReLU,Sigmoid,20,19,18.0,0.01,2,300,0.8,0.001,"tensor(0.2765, device='cuda:0')",COMPLETE
361,0.25550559163093567,2023-10-30 14:46:57.307995,2023-10-30 14:47:05.030160,0 days 00:00:07.722165,ReLU,Sigmoid,20,20,20.0,0.01,2,300,0.8,0.001,"tensor(0.2555, device='cuda:0')",COMPLETE
362,0.3650519847869873,2023-10-30 14:47:05.030679,2023-10-30 14:47:12.668052,0 days 00:00:07.637373,Leaky,Sigmoid,20,21,19.0,0.01,2,300,0.8,0.001,"tensor(0.3651, device='cuda:0')",COMPLETE
363,0.9517132639884949,2023-10-30 14:47:12.668564,2023-10-30 14:47:20.384998,0 days 00:00:07.716434,ReLU,Sigmoid,20,21,17.0,0.01,2,300,0.8,0.1,"tensor(0.9517, device='cuda:0')",COMPLETE
364,0.31559932231903076,2023-10-30 14:47:20.385464,2023-10-30 14:47:28.125983,0 days 00:00:07.740519,ReLU,Sigmoid,20,20,18.0,0.01,2,300,0.8,0.001,"tensor(0.3156, device='cuda:0')",COMPLETE
365,0.5258702039718628,2023-10-30 14:47:28.126469,2023-10-30 14:47:35.862082,0 days 00:00:07.735613,ReLU,Sigmoid,20,20,18.0,0.01,2,300,0.8,0.001,"tensor(0.5259, device='cuda:0')",COMPLETE
366,1.1558409929275513,2023-10-30 14:47:35.862540,2023-10-30 14:47:36.944918,0 days 00:00:01.082378,ReLU,Sigmoid,20,8,19.0,1e-05,2,150,0.2,0.001,"tensor(1.1558, device='cuda:0')",COMPLETE
367,0.4682025611400604,2023-10-30 14:47:36.945362,2023-10-30 14:47:44.649327,0 days 00:00:07.703965,ReLU,Sigmoid,20,19,17.0,0.01,2,300,0.8,0.001,"tensor(0.4682, device='cuda:0')",COMPLETE
368,0.30117422342300415,2023-10-30 14:47:44.649810,2023-10-30 14:47:52.225873,0 days 00:00:07.576063,ReLU,Sigmoid,20,22,17.0,0.001,2,300,0.8,0.001,"tensor(0.3012, device='cuda:0')",COMPLETE
369,0.4006844162940979,2023-10-30 14:47:52.226372,2023-10-30 14:47:59.943095,0 days 00:00:07.716723,ReLU,Sigmoid,20,21,18.0,0.01,2,300,0.8,0.01,"tensor(0.4007, device='cuda:0')",COMPLETE
370,0.5129704475402832,2023-10-30 14:47:59.943553,2023-10-30 14:48:07.729639,0 days 00:00:07.786086,ReLU,Sigmoid,20,20,2.0,0.01,2,300,0.8,0.001,"tensor(0.5130, device='cuda:0')",COMPLETE
371,0.4282100796699524,2023-10-30 14:48:07.730115,2023-10-30 14:48:10.701558,0 days 00:00:02.971443,Leaky,Sigmoid,20,10,23.0,0.01,2,300,0.3,0.001,"tensor(0.4282, device='cuda:0')",COMPLETE
372,0.393306702375412,2023-10-30 14:48:10.702029,2023-10-30 14:48:25.355954,0 days 00:00:14.653925,ReLU,Sigmoid,10,21,17.0,0.01,2,300,0.8,0.001,"tensor(0.3933, device='cuda:0')",COMPLETE
373,0.4189313054084778,2023-10-30 14:48:25.356449,2023-10-30 14:48:33.070564,0 days 00:00:07.714115,ReLU,Sigmoid,20,20,19.0,0.01,2,300,0.8,0.001,"tensor(0.4189, device='cuda:0')",COMPLETE
374,0.40886539220809937,2023-10-30 14:48:33.071055,2023-10-30 14:48:40.766457,0 days 00:00:07.695402,ReLU,Sigmoid,20,18,17.0,0.0001,2,300,0.8,0.001,"tensor(0.4089, device='cuda:0')",COMPLETE
375,0.46636030077934265,2023-10-30 14:48:40.766920,2023-10-30 14:48:48.441672,0 days 00:00:07.674752,ReLU,Sigmoid,20,22,18.0,0.01,2,300,0.8,0.001,"tensor(0.4664, device='cuda:0')",COMPLETE
376,0.45484185218811035,2023-10-30 14:48:48.442164,2023-10-30 14:48:55.706629,0 days 00:00:07.264465,ReLU,ReLU,10,21,17.0,0.01,2,150,0.8,1e-05,"tensor(0.4548, device='cuda:0')",COMPLETE
377,0.6139861345291138,2023-10-30 14:48:55.707087,2023-10-30 14:48:56.117537,0 days 00:00:00.410450,ReLU,Sigmoid,90,21,20.0,0.01,2,300,0.1,0.001,"tensor(0.6140, device='cuda:0')",COMPLETE
378,0.309899240732193,2023-10-30 14:48:56.117997,2023-10-30 14:49:07.564631,0 days 00:00:11.446634,ReLU,Sigmoid,20,19,21.0,0.01,2,450,0.8,0.001,"tensor(0.3099, device='cuda:0')",COMPLETE
379,0.38589581847190857,2023-10-30 14:49:07.565145,2023-10-30 14:49:10.894309,0 days 00:00:03.329164,ReLU,Sigmoid,70,7,17.0,0.01,2,350,0.8,0.001,"tensor(0.3859, device='cuda:0')",COMPLETE
380,0.5681554079055786,2023-10-30 14:49:10.894761,2023-10-30 14:49:12.198348,0 days 00:00:01.303587,ReLU,Sigmoid,20,12,3.0,0.01,2,50,0.8,0.001,"tensor(0.5682, device='cuda:0')",COMPLETE
381,0.3577384352684021,2023-10-30 14:49:12.198803,2023-10-30 14:49:13.959753,0 days 00:00:01.760950,Leaky,Sigmoid,30,10,17.0,0.001,2,150,0.5,0.001,"tensor(0.3577, device='cuda:0')",COMPLETE
382,0.32736271619796753,2023-10-30 14:49:13.960215,2023-10-30 14:49:16.477244,0 days 00:00:02.517029,ReLU,,70,6,,0.01,1,300,0.8,0.001,"tensor(0.3274, device='cuda:0')",COMPLETE
383,0.3082706332206726,2023-10-30 14:49:16.477665,2023-10-30 14:49:18.759864,0 days 00:00:02.282199,ReLU,Sigmoid,50,22,16.0,0.01,2,350,0.4,0.001,"tensor(0.3083, device='cuda:0')",COMPLETE
384,0.8784545660018921,2023-10-30 14:49:18.760320,2023-10-30 14:49:22.076991,0 days 00:00:03.316671,ReLU,Sigmoid,70,20,18.0,0.01,2,350,0.8,0.1,"tensor(0.8785, device='cuda:0')",COMPLETE
385,0.35624513030052185,2023-10-30 14:49:22.077454,2023-10-30 14:49:28.497875,0 days 00:00:06.420421,ReLU,Sigmoid,20,21,19.0,0.01,2,250,0.8,0.001,"tensor(0.3562, device='cuda:0')",COMPLETE
386,0.34296149015426636,2023-10-30 14:49:28.498349,2023-10-30 14:49:31.342674,0 days 00:00:02.844325,ReLU,ReLU,70,20,5.0,0.01,2,300,0.8,0.001,"tensor(0.3430, device='cuda:0')",COMPLETE
387,0.2565314769744873,2023-10-30 14:49:31.343161,2023-10-30 14:49:32.476269,0 days 00:00:01.133108,ReLU,Sigmoid,70,22,4.0,0.01,2,150,0.6,0.001,"tensor(0.2565, device='cuda:0')",COMPLETE
388,0.35533711314201355,2023-10-30 14:49:32.476749,2023-10-30 14:49:35.063427,0 days 00:00:02.586678,ReLU,Sigmoid,20,21,16.0,0.01,2,100,0.8,0.001,"tensor(0.3553, device='cuda:0')",COMPLETE
389,0.7670947313308716,2023-10-30 14:49:35.063911,2023-10-30 14:49:52.092790,0 days 00:00:17.028879,ReLU,Sigmoid,10,19,17.0,1e-05,2,350,0.8,0.001,"tensor(0.7671, device='cuda:0')",COMPLETE
390,0.27263134717941284,2023-10-30 14:49:52.093313,2023-10-30 14:49:54.934678,0 days 00:00:02.841365,ReLU,Sigmoid,70,23,18.0,0.01,2,300,0.8,0.001,"tensor(0.2726, device='cuda:0')",COMPLETE
391,0.3582051396369934,2023-10-30 14:49:54.935140,2023-10-30 14:49:58.810228,0 days 00:00:03.875088,Leaky,Sigmoid,20,22,16.0,0.01,2,150,0.8,0.001,"tensor(0.3582, device='cuda:0')",COMPLETE
392,0.2639032006263733,2023-10-30 14:49:58.810683,2023-10-30 14:50:02.149171,0 days 00:00:03.338488,ReLU,Sigmoid,70,9,17.0,0.01,2,350,0.8,0.001,"tensor(0.2639, device='cuda:0')",COMPLETE
393,0.7153379321098328,2023-10-30 14:50:02.149621,2023-10-30 14:50:05.036857,0 days 00:00:02.887236,ReLU,Sigmoid,70,20,1.0,0.01,2,300,0.8,0.01,"tensor(0.7153, device='cuda:0')",COMPLETE
394,0.3742685317993164,2023-10-30 14:50:05.037344,2023-10-30 14:50:14.058821,0 days 00:00:09.021477,ReLU,ReLU,20,19,16.0,0.01,2,350,0.8,0.001,"tensor(0.3743, device='cuda:0')",COMPLETE
395,0.34206220507621765,2023-10-30 14:50:14.059307,2023-10-30 14:50:15.512910,0 days 00:00:01.453603,ReLU,Sigmoid,70,18,19.0,0.001,2,150,0.8,0.001,"tensor(0.3421, device='cuda:0')",COMPLETE
396,0.2978769540786743,2023-10-30 14:50:15.513354,2023-10-30 14:50:18.377210,0 days 00:00:02.863856,ReLU,Sigmoid,70,22,15.0,0.01,2,300,0.8,0.001,"tensor(0.2979, device='cuda:0')",COMPLETE
397,0.3233273923397064,2023-10-30 14:50:18.377701,2023-10-30 14:50:27.290239,0 days 00:00:08.912538,ReLU,Sigmoid,20,21,17.0,0.01,2,350,0.8,0.001,"tensor(0.3233, device='cuda:0')",COMPLETE
398,0.3164915144443512,2023-10-30 14:50:27.290757,2023-10-30 14:50:27.726657,0 days 00:00:00.435900,Tanh,Sigmoid,70,20,16.0,0.01,2,150,0.2,1e-05,"tensor(0.3165, device='cuda:0')",COMPLETE
399,0.4346870481967926,2023-10-30 14:50:27.727108,2023-10-30 14:50:30.496816,0 days 00:00:02.769708,ReLU,Sigmoid,90,22,18.0,0.0001,2,350,0.8,0.001,"tensor(0.4347, device='cuda:0')",COMPLETE
400,0.4007037878036499,2023-10-30 14:50:30.497283,2023-10-30 14:50:38.235665,0 days 00:00:07.738382,ReLU,Sigmoid,20,21,16.0,0.01,2,300,0.8,0.001,"tensor(0.4007, device='cuda:0')",COMPLETE
401,0.30684125423431396,2023-10-30 14:50:38.236180,2023-10-30 14:50:38.734819,0 days 00:00:00.498639,Leaky,Sigmoid,70,11,15.0,0.01,2,50,0.8,0.001,"tensor(0.3068, device='cuda:0')",COMPLETE
402,0.322262704372406,2023-10-30 14:50:38.735286,2023-10-30 14:50:45.269196,0 days 00:00:06.533910,ReLU,Sigmoid,10,23,17.0,0.01,2,350,0.3,0.001,"tensor(0.3223, device='cuda:0')",COMPLETE
403,0.300340861082077,2023-10-30 14:50:45.269668,2023-10-30 14:50:49.206661,0 days 00:00:03.936993,ReLU,ReLU,80,20,20.0,0.01,2,450,0.8,0.001,"tensor(0.3003, device='cuda:0')",COMPLETE
404,0.2710361182689667,2023-10-30 14:50:49.207138,2023-10-30 14:50:52.053307,0 days 00:00:02.846169,Tanh,Sigmoid,70,8,15.0,0.01,2,300,0.8,0.001,"tensor(0.2710, device='cuda:0')",COMPLETE
405,0.4613795280456543,2023-10-30 14:50:52.053792,2023-10-30 14:50:52.784927,0 days 00:00:00.731135,ReLU,Sigmoid,30,21,8.0,0.01,2,250,0.1,0.001,"tensor(0.4614, device='cuda:0')",COMPLETE
406,0.9838340282440186,2023-10-30 14:50:52.785391,2023-10-30 14:50:56.699018,0 days 00:00:03.913627,ReLU,Sigmoid,20,19,16.0,0.01,2,150,0.8,0.1,"tensor(0.9838, device='cuda:0')",COMPLETE
407,0.31246429681777954,2023-10-30 14:50:56.699478,2023-10-30 14:51:00.044086,0 days 00:00:03.344608,ReLU,Sigmoid,70,23,18.0,0.01,2,350,0.8,0.001,"tensor(0.3125, device='cuda:0')",COMPLETE
408,0.22837671637535095,2023-10-30 14:51:00.044585,2023-10-30 14:51:02.913483,0 days 00:00:02.868898,ReLU,Sigmoid,70,18,17.0,0.01,2,300,0.8,0.001,"tensor(0.2284, device='cuda:0')",COMPLETE
409,0.3753577172756195,2023-10-30 14:51:02.913921,2023-10-30 14:51:05.804759,0 days 00:00:02.890838,ReLU,Sigmoid,70,22,17.0,0.001,2,300,0.8,0.001,"tensor(0.3754, device='cuda:0')",COMPLETE
410,0.3587227165699005,2023-10-30 14:51:05.805194,2023-10-30 14:51:07.584587,0 days 00:00:01.779393,ReLU,Sigmoid,70,18,10.0,0.01,2,300,0.5,0.001,"tensor(0.3587, device='cuda:0')",COMPLETE
411,0.3957156240940094,2023-10-30 14:51:07.585031,2023-10-30 14:51:10.431177,0 days 00:00:02.846146,ReLU,Sigmoid,70,20,19.0,0.01,2,300,0.8,0.001,"tensor(0.3957, device='cuda:0')",COMPLETE
412,0.33112576603889465,2023-10-30 14:51:10.431662,2023-10-30 14:51:11.909226,0 days 00:00:01.477564,ReLU,Sigmoid,70,21,15.0,0.01,2,300,0.4,0.001,"tensor(0.3311, device='cuda:0')",COMPLETE
413,0.4809325933456421,2023-10-30 14:51:11.909667,2023-10-30 14:51:14.762492,0 days 00:00:02.852825,ReLU,Sigmoid,70,18,16.0,0.01,2,300,0.8,0.01,"tensor(0.4809, device='cuda:0')",COMPLETE
414,0.23322252929210663,2023-10-30 14:51:14.762956,2023-10-30 14:51:17.638009,0 days 00:00:02.875053,ReLU,Sigmoid,70,9,16.0,0.01,2,300,0.8,0.001,"tensor(0.2332, device='cuda:0')",COMPLETE
415,0.2755092680454254,2023-10-30 14:51:17.638487,2023-10-30 14:51:25.387213,0 days 00:00:07.748726,ReLU,Sigmoid,20,8,17.0,0.01,2,300,0.8,0.001,"tensor(0.2755, device='cuda:0')",COMPLETE
416,1.1652454137802124,2023-10-30 14:51:25.387690,2023-10-30 14:51:29.081767,0 days 00:00:03.694077,ReLU,Sigmoid,50,9,6.0,1e-05,2,300,0.8,0.001,"tensor(1.1652, device='cuda:0')",COMPLETE
417,0.3640487790107727,2023-10-30 14:51:29.082219,2023-10-30 14:51:31.959290,0 days 00:00:02.877071,ReLU,Sigmoid,70,10,15.0,0.01,2,300,0.8,0.001,"tensor(0.3640, device='cuda:0')",COMPLETE
418,0.3563555181026459,2023-10-30 14:51:31.959761,2023-10-30 14:51:33.960067,0 days 00:00:02.000306,ReLU,Sigmoid,80,8,16.0,0.01,2,300,0.6,0.001,"tensor(0.3564, device='cuda:0')",COMPLETE
419,0.32388371229171753,2023-10-30 14:51:33.960514,2023-10-30 14:51:36.823870,0 days 00:00:02.863356,ReLU,ReLU,70,9,3.0,0.01,2,300,0.8,0.001,"tensor(0.3239, device='cuda:0')",COMPLETE
420,0.24691587686538696,2023-10-30 14:51:36.824332,2023-10-30 14:51:44.641083,0 days 00:00:07.816751,Leaky,Sigmoid,20,9,17.0,0.01,2,300,0.8,1e-05,"tensor(0.2469, device='cuda:0')",COMPLETE
421,0.42643213272094727,2023-10-30 14:51:44.641563,2023-10-30 14:51:52.379064,0 days 00:00:07.737501,Leaky,Sigmoid,20,9,18.0,0.01,2,300,0.8,1e-05,"tensor(0.4264, device='cuda:0')",COMPLETE
422,0.28795337677001953,2023-10-30 14:51:52.379569,2023-10-30 14:51:59.004725,0 days 00:00:06.625156,Leaky,,20,9,,0.01,1,300,0.8,1e-05,"tensor(0.2880, device='cuda:0')",COMPLETE
423,0.4234844744205475,2023-10-30 14:51:59.005223,2023-10-30 14:52:06.822394,0 days 00:00:07.817171,Leaky,Sigmoid,20,10,17.0,0.001,2,300,0.8,1e-05,"tensor(0.4235, device='cuda:0')",COMPLETE
424,0.33065029978752136,2023-10-30 14:52:06.822891,2023-10-30 14:52:14.567876,0 days 00:00:07.744985,Leaky,Sigmoid,20,8,18.0,0.01,2,300,0.8,1e-05,"tensor(0.3307, device='cuda:0')",COMPLETE
425,0.3481947183609009,2023-10-30 14:52:14.568437,2023-10-30 14:52:22.379997,0 days 00:00:07.811560,Leaky,Sigmoid,20,9,17.0,0.01,2,300,0.8,1e-05,"tensor(0.3482, device='cuda:0')",COMPLETE
426,0.5290714502334595,2023-10-30 14:52:22.380497,2023-10-30 14:52:29.992989,0 days 00:00:07.612492,Sigmoid,Sigmoid,20,9,17.0,0.0001,2,300,0.8,1e-05,"tensor(0.5291, device='cuda:0')",COMPLETE
427,0.40309658646583557,2023-10-30 14:52:29.993473,2023-10-30 14:52:30.831300,0 days 00:00:00.837827,Leaky,Sigmoid,70,10,22.0,0.01,2,300,0.2,1e-05,"tensor(0.4031, device='cuda:0')",COMPLETE
428,0.253813236951828,2023-10-30 14:52:30.831757,2023-10-30 14:52:34.739941,0 days 00:00:03.908184,Leaky,Sigmoid,20,11,18.0,0.01,2,150,0.8,1e-05,"tensor(0.2538, device='cuda:0')",COMPLETE
429,0.34431830048561096,2023-10-30 14:52:34.740430,2023-10-30 14:52:37.611611,0 days 00:00:02.871181,Leaky,ReLU,70,8,17.0,0.01,2,300,0.8,0.0001,"tensor(0.3443, device='cuda:0')",COMPLETE
430,0.4368150234222412,2023-10-30 14:52:37.612107,2023-10-30 14:52:42.569794,0 days 00:00:04.957687,Leaky,Sigmoid,10,9,19.0,0.01,2,100,0.8,0.001,"tensor(0.4368, device='cuda:0')",COMPLETE
431,0.3377189040184021,2023-10-30 14:52:42.570266,2023-10-30 14:52:45.590674,0 days 00:00:03.020408,ReLU,Sigmoid,20,8,20.0,0.01,2,300,0.3,0.001,"tensor(0.3377, device='cuda:0')",COMPLETE
432,0.323970764875412,2023-10-30 14:52:45.591157,2023-10-30 14:52:47.041017,0 days 00:00:01.449860,Sigmoid,Sigmoid,70,17,17.0,0.01,2,150,0.8,0.001,"tensor(0.3240, device='cuda:0')",COMPLETE
433,0.98282790184021,2023-10-30 14:52:47.041583,2023-10-30 14:52:49.960297,0 days 00:00:02.918714,ReLU,Sigmoid,70,10,16.0,0.01,2,300,0.8,0.1,"tensor(0.9828, device='cuda:0')",COMPLETE
434,0.28146854043006897,2023-10-30 14:52:49.960769,2023-10-30 14:52:52.629260,0 days 00:00:02.668491,ReLU,Sigmoid,80,12,21.0,0.01,2,300,0.8,0.001,"tensor(0.2815, device='cuda:0')",COMPLETE
435,0.6033687591552734,2023-10-30 14:52:52.629741,2023-10-30 14:52:56.532721,0 days 00:00:03.902980,ReLU,Sigmoid,20,21,2.0,0.01,2,150,0.8,0.0001,"tensor(0.6034, device='cuda:0')",COMPLETE
436,0.41860562562942505,2023-10-30 14:52:56.533198,2023-10-30 14:52:57.070240,0 days 00:00:00.537042,ReLU,Sigmoid,70,13,16.0,0.01,2,300,0.1,0.001,"tensor(0.4186, device='cuda:0')",COMPLETE
437,0.5224696397781372,2023-10-30 14:52:57.070697,2023-10-30 14:52:59.930325,0 days 00:00:02.859628,ReLU,Sigmoid,70,7,18.0,0.001,2,300,0.8,0.01,"tensor(0.5225, device='cuda:0')",COMPLETE
438,0.4372014105319977,2023-10-30 14:52:59.930799,2023-10-30 14:53:03.494292,0 days 00:00:03.563493,Sigmoid,Sigmoid,90,22,16.0,0.01,2,450,0.8,0.001,"tensor(0.4372, device='cuda:0')",COMPLETE
439,0.2539190649986267,2023-10-30 14:53:03.494776,2023-10-30 14:53:07.366297,0 days 00:00:03.871521,ReLU,ReLU,20,16,17.0,0.01,2,150,0.8,0.001,"tensor(0.2539, device='cuda:0')",COMPLETE
440,0.30144041776657104,2023-10-30 14:53:07.366772,2023-10-30 14:53:07.872595,0 days 00:00:00.505823,Leaky,Tanh,70,15,19.0,0.01,2,50,0.8,0.001,"tensor(0.3014, device='cuda:0')",COMPLETE
441,0.469310462474823,2023-10-30 14:53:07.873051,2023-10-30 14:53:15.626178,0 days 00:00:07.753127,ReLU,Sigmoid,20,21,9.0,0.01,2,300,0.8,0.0001,"tensor(0.4693, device='cuda:0')",COMPLETE
442,0.9356688857078552,2023-10-30 14:53:15.626676,2023-10-30 14:53:16.866285,0 days 00:00:01.239609,ReLU,Sigmoid,70,9,17.0,1e-05,2,250,0.4,1e-05,"tensor(0.9357, device='cuda:0')",COMPLETE
443,0.36526909470558167,2023-10-30 14:53:16.866772,2023-10-30 14:53:18.829676,0 days 00:00:01.962904,ReLU,Tanh,80,22,5.0,0.01,2,350,0.5,0.001,"tensor(0.3653, device='cuda:0')",COMPLETE
444,0.38742130994796753,2023-10-30 14:53:18.830145,2023-10-30 14:53:33.214040,0 days 00:00:14.383895,Sigmoid,Sigmoid,10,7,4.0,0.01,2,300,0.8,0.001,"tensor(0.3874, device='cuda:0')",COMPLETE
445,0.40782079100608826,2023-10-30 14:53:33.214600,2023-10-30 14:53:34.653415,0 days 00:00:01.438815,ReLU,Sigmoid,70,20,16.0,0.01,2,150,0.8,0.001,"tensor(0.4078, device='cuda:0')",COMPLETE
446,0.3803228437900543,2023-10-30 14:53:34.653915,2023-10-30 14:53:42.377359,0 days 00:00:07.723444,ReLU,Tanh,20,19,18.0,0.01,2,300,0.8,0.001,"tensor(0.3803, device='cuda:0')",COMPLETE
447,0.4032360017299652,2023-10-30 14:53:42.377864,2023-10-30 14:53:45.674583,0 days 00:00:03.296719,ReLU,Sigmoid,70,10,8.0,0.01,2,350,0.8,0.0001,"tensor(0.4032, device='cuda:0')",COMPLETE
448,0.36663299798965454,2023-10-30 14:53:45.675069,2023-10-30 14:53:47.079579,0 days 00:00:01.404510,ReLU,Sigmoid,30,16,16.0,0.01,2,100,0.6,0.001,"tensor(0.3666, device='cuda:0')",COMPLETE
449,0.2631700038909912,2023-10-30 14:53:47.080056,2023-10-30 14:53:48.935172,0 days 00:00:01.855116,Leaky,Tanh,50,18,17.0,0.01,2,150,0.8,0.001,"tensor(0.2632, device='cuda:0')",COMPLETE
450,0.43294471502304077,2023-10-30 14:53:48.935632,2023-10-30 14:53:54.098180,0 days 00:00:05.162548,ReLU,Sigmoid,20,21,15.0,0.01,2,200,0.8,0.001,"tensor(0.4329, device='cuda:0')",COMPLETE
451,0.5506985783576965,2023-10-30 14:53:54.098650,2023-10-30 14:53:56.966193,0 days 00:00:02.867543,Sigmoid,Sigmoid,70,11,16.0,0.0001,2,300,0.8,0.001,"tensor(0.5507, device='cuda:0')",COMPLETE
452,0.4275897443294525,2023-10-30 14:53:56.966665,2023-10-30 14:54:00.345680,0 days 00:00:03.379015,ReLU,Sigmoid,70,5,17.0,0.001,2,350,0.8,0.0001,"tensor(0.4276, device='cuda:0')",COMPLETE
453,0.3790724277496338,2023-10-30 14:54:00.346149,2023-10-30 14:54:08.094920,0 days 00:00:07.748771,ReLU,ReLU,20,20,13.0,0.01,2,300,0.8,0.001,"tensor(0.3791, device='cuda:0')",COMPLETE
454,0.2759729027748108,2023-10-30 14:54:08.095452,2023-10-30 14:54:11.438729,0 days 00:00:03.343277,ReLU,Tanh,70,22,16.0,0.01,2,350,0.8,0.001,"tensor(0.2760, device='cuda:0')",COMPLETE
455,0.9782549738883972,2023-10-30 14:54:11.439201,2023-10-30 14:54:13.351624,0 days 00:00:01.912423,ReLU,Sigmoid,70,21,18.0,0.01,2,200,0.8,0.1,"tensor(0.9783, device='cuda:0')",COMPLETE
456,0.48339661955833435,2023-10-30 14:54:13.352089,2023-10-30 14:54:13.736768,0 days 00:00:00.384679,Sigmoid,Sigmoid,80,8,15.0,0.01,2,150,0.2,0.001,"tensor(0.4834, device='cuda:0')",COMPLETE
457,0.36671552062034607,2023-10-30 14:54:13.737241,2023-10-30 14:54:21.477616,0 days 00:00:07.740375,ReLU,Tanh,20,15,14.0,0.01,2,300,0.8,1e-05,"tensor(0.3667, device='cuda:0')",COMPLETE
458,0.33387136459350586,2023-10-30 14:54:21.478120,2023-10-30 14:54:24.000325,0 days 00:00:02.522205,Leaky,,70,13,,0.01,1,300,0.8,0.001,"tensor(0.3339, device='cuda:0')",COMPLETE
459,0.2517857551574707,2023-10-30 14:54:24.000812,2023-10-30 14:54:41.007173,0 days 00:00:17.006361,ReLU,Sigmoid,10,21,17.0,0.01,2,350,0.8,0.0001,"tensor(0.2518, device='cuda:0')",COMPLETE
460,0.2644316256046295,2023-10-30 14:54:41.007663,2023-10-30 14:54:46.181649,0 days 00:00:05.173986,ReLU,Sigmoid,20,22,19.0,0.01,2,200,0.8,0.001,"tensor(0.2644, device='cuda:0')",COMPLETE
461,0.31491249799728394,2023-10-30 14:54:46.182141,2023-10-30 14:54:46.780882,0 days 00:00:00.598741,ReLU,Tanh,70,20,16.0,0.01,2,150,0.3,0.001,"tensor(0.3149, device='cuda:0')",COMPLETE
462,0.4993596076965332,2023-10-30 14:54:46.781365,2023-10-30 14:54:49.617073,0 days 00:00:02.835708,ReLU,Sigmoid,70,19,20.0,0.01,2,300,0.8,0.001,"tensor(0.4994, device='cuda:0')",COMPLETE
463,0.5410794019699097,2023-10-30 14:54:49.617530,2023-10-30 14:54:58.488245,0 days 00:00:08.870715,Sigmoid,Sigmoid,20,22,17.0,0.01,2,350,0.8,0.01,"tensor(0.5411, device='cuda:0')",COMPLETE
464,0.352247953414917,2023-10-30 14:54:58.488749,2023-10-30 14:55:01.131272,0 days 00:00:02.642523,ReLU,Tanh,80,14,18.0,0.001,2,300,0.8,0.001,"tensor(0.3522, device='cuda:0')",COMPLETE
465,0.49591436982154846,2023-10-30 14:55:01.131738,2023-10-30 14:55:01.938177,0 days 00:00:00.806439,ReLU,Sigmoid,70,21,12.0,0.01,2,450,0.1,0.0001,"tensor(0.4959, device='cuda:0')",COMPLETE
466,0.6506259441375732,2023-10-30 14:55:01.938646,2023-10-30 14:55:07.155822,0 days 00:00:05.217176,Leaky,ReLU,20,23,15.0,1e-05,2,200,0.8,0.001,"tensor(0.6506, device='cuda:0')",COMPLETE
467,0.3845234215259552,2023-10-30 14:55:07.156319,2023-10-30 14:55:07.590397,0 days 00:00:00.434078,ReLU,Sigmoid,90,10,7.0,0.01,2,50,0.8,0.001,"tensor(0.3845, device='cuda:0')",COMPLETE
468,0.3183867335319519,2023-10-30 14:55:07.590847,2023-10-30 14:55:09.058141,0 days 00:00:01.467294,ReLU,Tanh,70,17,16.0,0.01,2,150,0.8,0.001,"tensor(0.3184, device='cuda:0')",COMPLETE
469,0.3833753168582916,2023-10-30 14:55:09.058621,2023-10-30 14:55:12.347353,0 days 00:00:03.288732,Tanh,Sigmoid,70,20,13.0,0.01,2,350,0.8,0.001,"tensor(0.3834, device='cuda:0')",COMPLETE
470,0.3588719964027405,2023-10-30 14:55:12.347846,2023-10-30 14:55:17.271550,0 days 00:00:04.923704,Sigmoid,Sigmoid,20,19,14.0,0.01,2,300,0.5,0.0001,"tensor(0.3589, device='cuda:0')",COMPLETE
471,0.2576166093349457,2023-10-30 14:55:17.272037,2023-10-30 14:55:19.690742,0 days 00:00:02.418705,ReLU,Tanh,70,3,16.0,0.01,2,250,0.8,0.001,"tensor(0.2576, device='cuda:0')",COMPLETE
472,0.31554558873176575,2023-10-30 14:55:19.691212,2023-10-30 14:55:23.708442,0 days 00:00:04.017230,ReLU,Sigmoid,20,9,17.0,0.01,2,300,0.4,1e-05,"tensor(0.3155, device='cuda:0')",COMPLETE
473,0.24683928489685059,2023-10-30 14:55:23.708940,2023-10-30 14:55:27.062528,0 days 00:00:03.353588,ReLU,Sigmoid,70,24,15.0,0.01,2,350,0.8,0.001,"tensor(0.2468, device='cuda:0')",COMPLETE
474,0.23533178865909576,2023-10-30 14:55:27.062997,2023-10-30 14:55:30.442390,0 days 00:00:03.379393,ReLU,Sigmoid,70,18,15.0,0.01,2,350,0.8,0.001,"tensor(0.2353, device='cuda:0')",COMPLETE
475,0.39652279019355774,2023-10-30 14:55:30.442868,2023-10-30 14:55:33.823195,0 days 00:00:03.380327,ReLU,Sigmoid,70,18,14.0,0.01,2,350,0.8,0.001,"tensor(0.3965, device='cuda:0')",COMPLETE
476,0.35016223788261414,2023-10-30 14:55:33.823670,2023-10-30 14:55:37.158531,0 days 00:00:03.334861,ReLU,Tanh,70,18,15.0,0.0001,2,350,0.8,0.001,"tensor(0.3502, device='cuda:0')",COMPLETE
477,0.26808232069015503,2023-10-30 14:55:37.158997,2023-10-30 14:55:40.470475,0 days 00:00:03.311478,ReLU,Sigmoid,70,18,15.0,0.01,2,350,0.8,0.001,"tensor(0.2681, device='cuda:0')",COMPLETE
478,0.4134058952331543,2023-10-30 14:55:40.470928,2023-10-30 14:55:43.830438,0 days 00:00:03.359510,ReLU,Sigmoid,70,17,15.0,0.01,2,350,0.8,0.001,"tensor(0.4134, device='cuda:0')",COMPLETE
479,0.37461593747138977,2023-10-30 14:55:43.830885,2023-10-30 14:55:46.432748,0 days 00:00:02.601863,ReLU,Tanh,70,19,15.0,0.001,2,350,0.6,0.001,"tensor(0.3746, device='cuda:0')",COMPLETE
480,0.25020575523376465,2023-10-30 14:55:46.433247,2023-10-30 14:55:49.754844,0 days 00:00:03.321597,ReLU,ReLU,70,17,15.0,0.01,2,350,0.8,0.001,"tensor(0.2502, device='cuda:0')",COMPLETE
481,0.4783116281032562,2023-10-30 14:55:49.755326,2023-10-30 14:55:53.055185,0 days 00:00:03.299859,ReLU,Sigmoid,70,18,14.0,0.01,2,350,0.8,0.001,"tensor(0.4783, device='cuda:0')",COMPLETE
482,0.2959338426589966,2023-10-30 14:55:53.055673,2023-10-30 14:55:54.822575,0 days 00:00:01.766902,ReLU,Sigmoid,80,16,14.0,0.01,2,200,0.8,0.001,"tensor(0.2959, device='cuda:0')",COMPLETE
483,0.33813318610191345,2023-10-30 14:55:54.823052,2023-10-30 14:56:02.239475,0 days 00:00:07.416423,ReLU,Tanh,10,19,10.0,0.01,2,150,0.8,0.001,"tensor(0.3381, device='cuda:0')",COMPLETE
484,0.5544009804725647,2023-10-30 14:56:02.239992,2023-10-30 14:56:07.841786,0 days 00:00:05.601794,ReLU,Sigmoid,30,9,15.0,0.01,2,300,0.8,0.001,"tensor(0.5544, device='cuda:0')",COMPLETE
485,0.2523094415664673,2023-10-30 14:56:07.842243,2023-10-30 14:56:12.110196,0 days 00:00:04.267953,Leaky,Leaky,50,23,14.0,0.01,2,350,0.8,0.001,"tensor(0.2523, device='cuda:0')",COMPLETE
486,0.42467623949050903,2023-10-30 14:56:12.110673,2023-10-30 14:56:12.991470,0 days 00:00:00.880797,Tanh,Sigmoid,70,8,13.0,0.01,2,100,0.7,0.001,"tensor(0.4247, device='cuda:0')",COMPLETE
487,0.34620776772499084,2023-10-30 14:56:12.991929,2023-10-30 14:56:20.810277,0 days 00:00:07.818348,ReLU,Tanh,20,16,11.0,0.01,2,300,0.8,0.001,"tensor(0.3462, device='cuda:0')",COMPLETE
488,0.3733903467655182,2023-10-30 14:56:20.810803,2023-10-30 14:56:21.396926,0 days 00:00:00.586123,ReLU,Sigmoid,70,12,15.0,0.01,2,200,0.2,0.001,"tensor(0.3734, device='cuda:0')",COMPLETE
489,0.3138631582260132,2023-10-30 14:56:21.397402,2023-10-30 14:56:25.441873,0 days 00:00:04.044471,ReLU,Sigmoid,20,24,16.0,0.01,2,150,0.8,0.001,"tensor(0.3139, device='cuda:0')",COMPLETE
490,0.38149675726890564,2023-10-30 14:56:25.442382,2023-10-30 14:56:28.436961,0 days 00:00:02.994579,ReLU,Tanh,70,11,16.0,0.01,2,300,0.8,0.001,"tensor(0.3815, device='cuda:0')",COMPLETE
491,1.1623390913009644,2023-10-30 14:56:28.437449,2023-10-30 14:56:31.797087,0 days 00:00:03.359638,ReLU,Sigmoid,70,7,17.0,1e-05,2,350,0.8,0.1,"tensor(1.1623, device='cuda:0')",COMPLETE
492,0.7361348271369934,2023-10-30 14:56:31.797565,2023-10-30 14:56:39.792918,0 days 00:00:07.995353,ReLU,Sigmoid,20,15,1.0,0.01,2,300,0.8,0.001,"tensor(0.7361, device='cuda:0')",COMPLETE
493,0.4035531282424927,2023-10-30 14:56:39.793448,2023-10-30 14:56:42.923079,0 days 00:00:03.129631,Leaky,ReLU,80,18,14.0,0.001,2,350,0.8,1e-05,"tensor(0.4036, device='cuda:0')",COMPLETE
494,0.2785113751888275,2023-10-30 14:56:42.923621,2023-10-30 14:56:44.509712,0 days 00:00:01.586091,ReLU,Sigmoid,100,17,15.0,0.01,2,200,0.8,0.001,"tensor(0.2785, device='cuda:0')",COMPLETE
495,0.4951411783695221,2023-10-30 14:56:44.510192,2023-10-30 14:56:45.104166,0 days 00:00:00.593974,Tanh,Tanh,70,22,16.0,0.01,2,150,0.3,0.001,"tensor(0.4951, device='cuda:0')",COMPLETE
496,0.28355899453163147,2023-10-30 14:56:45.104664,2023-10-30 14:56:47.978296,0 days 00:00:02.873632,ReLU,Sigmoid,70,20,6.0,0.01,2,300,0.8,0.001,"tensor(0.2836, device='cuda:0')",COMPLETE
497,0.48904919624328613,2023-10-30 14:56:47.978797,2023-10-30 14:56:49.388767,0 days 00:00:01.409970,ReLU,Sigmoid,20,19,13.0,0.01,2,350,0.1,0.01,"tensor(0.4890, device='cuda:0')",COMPLETE
498,0.36632174253463745,2023-10-30 14:56:49.389279,2023-10-30 14:56:52.306087,0 days 00:00:02.916808,ReLU,Tanh,70,9,15.0,0.01,2,300,0.8,0.001,"tensor(0.3663, device='cuda:0')",COMPLETE
499,0.3677791655063629,2023-10-30 14:56:52.306584,2023-10-30 14:57:00.608958,0 days 00:00:08.302374,ReLU,,10,23,,0.01,1,200,0.8,0.001,"tensor(0.3678, device='cuda:0')",COMPLETE
