number,value,params_activation_1,params_batch_size,params_epochs,params_layer_1,params_learning_rate,params_num_layers,params_train_size,params_weight_decay,user_attrs_mape,user_attrs_mse,user_attrs_r2,state
0,1.142350435256958,Tanh,96,218,4,4.207988669606632e-05,1,0.4582013868952863,0.0024810409748678114,1.9831794500350952,1.142350435256958,0.008627712726593018,COMPLETE
1,1.1503103971481323,Tanh,88,76,24,1.2087541473056957e-05,1,0.3490285460630004,0.006796578090758156,1.051827311515808,1.1503103971481323,0.01933068037033081,COMPLETE
2,0.2686697840690613,Tanh,29,425,13,0.00016480446427978953,1,0.14595006988277215,5.415244119402538e-05,2.9500250816345215,0.2686697840690613,0.7278033494949341,COMPLETE
3,0.34470537304878235,Tanh,36,244,9,0.00014742753159914678,1,0.3569095943771272,3.613894271216525e-05,1.954978585243225,0.34470537304878235,0.7126481533050537,COMPLETE
4,0.2626529037952423,Tanh,81,255,2,0.00234238498471129,1,0.1514688727422765,0.0011400863701127321,2.0745129585266113,0.2626529037952423,0.7356569766998291,COMPLETE
5,0.2937242388725281,Tanh,25,324,20,0.07286653737491042,1,0.1144846978456873,0.06245139574743072,0.6561854481697083,0.2937242388725281,0.7148149609565735,COMPLETE
6,0.46308162808418274,Tanh,18,187,12,3.077180271250682e-05,1,0.4148814287315354,0.00057624872164786,1.4377459287643433,0.46308162808418274,0.5953420996665955,COMPLETE
7,0.5974119901657104,Tanh,92,65,13,0.00017654048052495074,1,0.17127801069727153,0.004467752817973905,1.195149302482605,0.5974119901657104,0.39594393968582153,COMPLETE
8,0.23160460591316223,Tanh,26,296,22,0.057279044707996205,1,0.7509692752447114,0.012604664585649461,0.7346640229225159,0.23160460591316223,0.7714443206787109,COMPLETE
9,1.0424519777297974,Tanh,93,319,8,1.5167330688076188e-05,1,0.12020338353108916,6.080390190296599e-05,1.3830935955047607,1.0424519777297974,0.014737427234649658,COMPLETE
10,0.2778194844722748,Tanh,53,476,19,0.08619793555713155,1,0.7508950765561601,0.05997863556602807,0.7920941710472107,0.2778194844722748,0.7107781171798706,COMPLETE
11,0.2852550745010376,Tanh,68,362,1,0.007473456802129241,1,0.20506921796229943,0.00032992632816126067,0.9301128387451172,0.2852550745010376,0.7201957106590271,COMPLETE
12,0.26214537024497986,Tanh,58,158,18,0.00268371934144002,1,0.21202035630226249,0.01326188235483579,0.9202080965042114,0.26214537024497986,0.7423897385597229,COMPLETE
13,0.26536044478416443,Tanh,45,149,19,0.01299013225333428,1,0.24765671133447245,0.014566096837677395,1.0278915166854858,0.26536044478416443,0.748038113117218,COMPLETE
14,0.2847830653190613,Tanh,66,101,24,0.0011399654597808386,1,0.7868639344841104,0.02067244423168041,0.8437738418579102,0.2847830653190613,0.7549601197242737,COMPLETE
15,0.2907269597053528,Tanh,13,152,16,0.017310741590692007,1,0.27381862253863626,0.017111643196753474,2.2753186225891113,0.2907269597053528,0.734742283821106,COMPLETE
16,0.32581499218940735,Tanh,43,296,21,0.0036743189564192452,1,0.5674523418185643,0.0963979853269097,1.5298558473587036,0.32581499218940735,0.7152417898178101,COMPLETE
17,0.2365090698003769,Tanh,67,383,17,0.030811919425916778,1,0.22371482077214688,0.002095266498130665,1.5404324531555176,0.2365090698003769,0.7520821690559387,COMPLETE
18,0.24718546867370605,Tanh,76,405,16,0.03051909074817929,1,0.2987100269530922,0.0017226872862177503,1.126692533493042,0.24718546867370605,0.7748256325721741,COMPLETE
19,0.19310808181762695,Tanh,55,377,22,0.03768750385000227,1,0.5730328350482201,0.00022546607204365006,0.8281216025352478,0.19310808181762695,0.8028939366340637,COMPLETE
20,0.20146438479423523,Tanh,35,494,22,0.09221465502306238,1,0.6066795718453079,0.0002566632331329026,1.654143214225769,0.20146438479423523,0.7725252509117126,COMPLETE
21,0.19321897625923157,Tanh,34,479,22,0.09966938257596435,1,0.5968298363234662,0.00020085861700827162,1.4953795671463013,0.19321897625923157,0.7932271361351013,COMPLETE
22,0.21326598525047302,Tanh,39,500,22,0.034681760629091465,1,0.5805289265683562,0.00021559236739784448,0.9134840965270996,0.21326598525047302,0.8029944896697998,COMPLETE
23,0.2112758904695511,Tanh,52,459,23,0.09412159474383264,1,0.5908546141484239,0.00014006124511157226,0.952456533908844,0.2112758904695511,0.7566476464271545,COMPLETE
24,0.2219991832971573,Tanh,36,438,21,0.09946312781243109,1,0.5011923713322374,1.9047704137374055e-05,1.1818602085113525,0.2219991832971573,0.7826939225196838,COMPLETE
25,0.17554987967014313,Tanh,45,368,24,0.015853205313402775,1,0.6475712015100333,0.0006197577681795878,0.676792323589325,0.17554987967014313,0.8245806097984314,COMPLETE
26,0.1718200445175171,Tanh,49,354,15,0.011842561688753186,1,0.6469339049112925,0.0006137421756130296,0.6670268774032593,0.1718200445175171,0.8231069445610046,COMPLETE
27,0.2034572809934616,Tanh,48,360,15,0.008223165583681207,1,0.47179864553082834,0.00059198335691511,1.5077828168869019,0.2034572809934616,0.8091417551040649,COMPLETE
28,0.17652834951877594,Tanh,59,347,10,0.015216409444163342,1,0.7275992306609084,0.0007375585700279741,0.6373018026351929,0.17652834951877594,0.8191904425621033,COMPLETE
29,0.1684063822031021,Tanh,100,346,7,0.015403644947859342,1,0.6568314459463305,0.0009090263602217936,0.7031715512275696,0.1684063822031021,0.8341617584228516,COMPLETE
30,0.19664178788661957,Tanh,77,410,6,0.0060227432296786464,1,0.6894561250276968,0.001075162400093575,0.8346680998802185,0.19664178788661957,0.8021024465560913,COMPLETE
31,0.17254161834716797,Tanh,100,335,10,0.01539873041305013,1,0.6807954558252649,0.0005550771570984878,0.9827327728271484,0.17254161834716797,0.8444612622261047,COMPLETE
32,0.19159817695617676,Tanh,100,283,5,0.016165575825864267,1,0.6768377009919894,0.003137536634977876,1.0560089349746704,0.19159817695617676,0.815581202507019,COMPLETE
33,0.20855145156383514,Tanh,84,333,7,0.010699981318291255,1,0.49379036638179774,0.00046493073498498884,1.86351478099823,0.20855145156383514,0.8122901320457458,COMPLETE
34,0.20614363253116608,Tanh,97,394,11,0.005088583227796095,1,0.43861170498641555,0.0013018854031954445,1.4773775339126587,0.20614363253116608,0.8192386627197266,COMPLETE
35,0.19800832867622375,Tanh,88,227,3,0.026591839951780154,1,0.6675586844709744,0.0008789050534744134,1.168531060218811,0.19800832867622375,0.8174083232879639,COMPLETE
36,0.20247212052345276,Tanh,87,264,14,0.004371552442094438,1,0.5195495785782268,0.0017442344737325635,1.5494098663330078,0.20247212052345276,0.8215951919555664,COMPLETE
37,0.1879497766494751,Tanh,71,437,9,0.009186404238954523,1,0.7954129182498076,0.0004352855587084572,0.8204988241195679,0.1879497766494751,0.8402947187423706,COMPLETE
38,0.20195849239826202,Tanh,63,331,11,0.020396994278181264,1,0.4091476475872516,0.0008845106560788189,1.110177993774414,0.20195849239826202,0.818235456943512,COMPLETE
39,0.19604997336864471,Tanh,100,312,4,0.04940502927406903,1,0.6554460183024922,0.003376911748927873,0.906255841255188,0.19604997336864471,0.8190884590148926,COMPLETE
40,0.2192581295967102,Tanh,49,243,8,0.04768499909831703,1,0.5395036716077762,0.00011983161343563635,2.188725471496582,0.2192581295967102,0.8029114603996277,COMPLETE
41,0.17103427648544312,Tanh,59,355,10,0.013434059993466111,1,0.7053360252278976,0.000701386456949322,0.8581593632698059,0.17103427648544312,0.8300781846046448,COMPLETE
42,0.1685103178024292,Tanh,94,359,12,0.009289503297007048,1,0.6643887832866667,0.0004459526694920338,0.8457162380218506,0.1685103178024292,0.8474321365356445,COMPLETE
43,0.16831046342849731,Tanh,96,345,13,0.007366503515515415,1,0.70815134168366,0.0003921800422848785,0.7638181447982788,0.16831046342849731,0.832004964351654,COMPLETE
44,0.19022846221923828,Tanh,90,350,13,0.010484087261589777,1,0.7997370346002752,0.00037092736390265346,0.8069000244140625,0.19022846221923828,0.8342262506484985,COMPLETE
45,0.16243045032024384,Tanh,81,309,12,0.006888396274621904,1,0.7179297875343729,0.0015130010953728734,0.7496595978736877,0.16243045032024384,0.8514427542686462,COMPLETE
46,0.15989232063293457,Tanh,94,307,12,0.006420187799336106,1,0.7206923357058158,0.001199315696051642,0.7079483270645142,0.15989232063293457,0.8557825684547424,COMPLETE
47,0.1879199892282486,Tanh,94,301,12,0.0021259880452197642,1,0.7296959312317588,0.001392896248866909,0.8312291502952576,0.1879199892282486,0.8305880427360535,COMPLETE
48,0.2332542985677719,Tanh,82,213,14,0.0073449084057572965,1,0.5456887461063396,0.005493511864439252,1.315701961517334,0.2332542985677719,0.7979421615600586,COMPLETE
49,0.19520927965641022,Tanh,95,278,12,0.0030856971679100974,1,0.766400376548969,0.0024262925595047963,0.967563807964325,0.19520927965641022,0.8271492123603821,COMPLETE
50,0.17997103929519653,Tanh,78,317,14,0.005681132184109963,1,0.6275255849905279,0.001489164484288038,0.852479875087738,0.17997103929519653,0.8333824872970581,COMPLETE
51,0.1766325682401657,Tanh,91,385,10,0.007240683553819092,1,0.7256317312147432,0.0009354012727530907,0.7071555852890015,0.1766325682401657,0.8381957411766052,COMPLETE
52,0.16410046815872192,Tanh,85,302,8,0.02161772593424431,1,0.7088716172638507,0.00109402398049724,0.7712955474853516,0.16410046815872192,0.8411413431167603,COMPLETE
53,0.19207337498664856,Tanh,85,307,8,0.022827503026504787,1,0.6264256879040434,0.001991923406196559,1.2057067155838013,0.19207337498664856,0.8262659311294556,COMPLETE
54,0.24386656284332275,Tanh,97,266,6,0.0018607873652200315,1,0.5469510853074127,0.00034472583700911983,9.801589965820312,0.24386656284332275,0.7891467809677124,COMPLETE
55,0.1639065146446228,Tanh,91,290,11,0.0049373022271245745,1,0.7460235717252176,0.0027319532600649054,0.8375371694564819,0.1639065146446228,0.852226734161377,COMPLETE
56,0.17995892465114594,Tanh,73,249,9,0.004159290653108463,1,0.7363536508011327,0.00294153875915088,0.7243373990058899,0.17995892465114594,0.8360319137573242,COMPLETE
57,0.20605230331420898,Tanh,81,287,11,0.0031679574540806844,1,0.7898788186451992,0.007622241891462163,0.7796945571899414,0.20605230331420898,0.8239663243293762,COMPLETE
58,0.2029188871383667,Tanh,90,192,13,0.0231018723946242,1,0.6136811427252401,0.0013753835601156823,0.9853261709213257,0.2029188871383667,0.813605010509491,COMPLETE
59,0.15746773779392242,Tanh,85,291,7,0.005213555576297113,1,0.7159465017609471,0.0010950193343671382,0.7952069044113159,0.15746773779392242,0.8556410074234009,COMPLETE
60,0.24422040581703186,Tanh,86,288,7,0.0013418252265284536,1,0.5817241458311456,0.002448689040052956,1.199342966079712,0.24422040581703186,0.785003662109375,COMPLETE
61,0.17287327349185944,Tanh,81,326,9,0.0038647224438558823,1,0.735048634869898,0.0011064168525524976,0.7026999592781067,0.17287327349185944,0.8396550416946411,COMPLETE
62,0.1570294350385666,Tanh,91,302,7,0.005669755306884703,1,0.70095966567408,0.0018651785012571951,0.7659618854522705,0.1570294350385666,0.8545577526092529,COMPLETE
63,0.18759596347808838,Tanh,91,270,5,0.005954118569117919,1,0.7030048977449564,0.001876403480935278,0.8285552859306335,0.18759596347808838,0.8253700137138367,COMPLETE
64,0.2375996857881546,Tanh,83,231,8,0.002841904728918166,1,0.6019542663138426,0.0037315340081845766,1.229487657546997,0.2375996857881546,0.792375385761261,COMPLETE
65,0.18788272142410278,Tanh,87,302,11,0.0047756104054130465,1,0.7555846408064144,0.00492695605611713,0.8295377492904663,0.18788272142410278,0.8330676555633545,COMPLETE
66,0.2243579775094986,Tanh,97,259,15,0.0007459568635436775,1,0.7986006764088938,0.0023606545320820067,0.8043527603149414,0.2243579775094986,0.8099379539489746,COMPLETE
67,0.19941939413547516,Tanh,79,314,6,0.006662306748051773,1,0.6946126812610177,0.0015251810004100906,0.9253215789794922,0.19941939413547516,0.8082194924354553,COMPLETE
68,0.2968922257423401,Tanh,74,295,1,0.011366665553503904,1,0.5831651351123393,0.001106578952454389,1.4574095010757446,0.2968922257423401,0.7389816641807556,COMPLETE
69,0.18108342587947845,Tanh,89,338,16,0.0078066105538805875,1,0.6311003345024174,0.0007304959424171591,0.9311225414276123,0.18108342587947845,0.8310912847518921,COMPLETE
70,0.15496298670768738,Tanh,93,277,13,0.00502729313092575,1,0.7102046558173297,0.0017199341583116277,0.736626148223877,0.15496298670768738,0.8559895157814026,COMPLETE
71,0.15814901888370514,Tanh,93,276,13,0.005249672160256301,1,0.6979647641922443,0.0017917222410262588,0.7977983355522156,0.15814901888370514,0.8523656725883484,COMPLETE
72,0.16576391458511353,Tanh,92,279,12,0.0037964304425647253,1,0.7470843319783373,0.0018255945731791045,0.7104336619377136,0.16576391458511353,0.8512177467346191,COMPLETE
73,0.19341544806957245,Tanh,93,239,14,0.00254314845651169,1,0.6306408153400842,0.002861043617761,0.9843363165855408,0.19341544806957245,0.8233991861343384,COMPLETE
74,0.16816094517707825,Tanh,85,273,10,0.0056009948617474666,1,0.6814289454915679,0.0012202698388163811,1.0272547006607056,0.16816094517707825,0.8473247289657593,COMPLETE
75,0.18388861417770386,Tanh,89,205,11,0.004661775096147867,1,0.7577462471705438,0.004037579422712015,1.0369911193847656,0.18388861417770386,0.8376238346099854,COMPLETE
76,0.2136497050523758,Tanh,20,256,9,0.008909333893114496,1,0.5692413385616295,0.002215436432963857,1.4481371641159058,0.2136497050523758,0.8099036812782288,COMPLETE
77,0.19617217779159546,Tanh,87,290,5,0.012473331625351733,1,0.656921190481208,0.0017725324450825332,0.8829376697540283,0.19617217779159546,0.8137853741645813,COMPLETE
78,0.1647026091814041,Tanh,80,319,7,0.018312935196378676,1,0.7131772931665994,0.0008559192409521513,0.8660100102424622,0.1647026091814041,0.8400028944015503,COMPLETE
79,0.2489044964313507,Tanh,98,92,13,0.0033091962485478485,1,0.6101061657500861,0.002935728617610786,1.2408126592636108,0.2489044964313507,0.7829146385192871,COMPLETE
80,0.20319417119026184,Tanh,93,302,8,0.006069611069711502,1,0.5198833108659479,0.0011731535836786758,3.3067758083343506,0.20319417119026184,0.8209446668624878,COMPLETE
81,0.1666797399520874,Tanh,80,317,7,0.01996072494371449,1,0.7042274884753291,0.0014801423886263577,0.7980833649635315,0.1666797399520874,0.8403751254081726,COMPLETE
82,0.20339474081993103,Tanh,85,325,4,0.009764679884865315,1,0.7626781349249214,0.0008492268692002355,1.9844053983688354,0.20339474081993103,0.8228457570075989,COMPLETE
83,0.15390905737876892,Tanh,83,308,15,0.012163642187202386,1,0.6788015392366694,0.0005734179153438223,0.8710896372795105,0.15390905737876892,0.8612651228904724,COMPLETE
84,0.16283264756202698,Tanh,95,279,17,0.013705854859575027,1,0.6658216841170701,0.0005520260757351116,0.9080105423927307,0.16283264756202698,0.8390868902206421,COMPLETE
85,0.16012877225875854,Tanh,95,277,17,0.013053680223860225,1,0.6603401805566625,0.000512755791378945,0.8610058426856995,0.16012877225875854,0.8382425904273987,COMPLETE
86,0.18513526022434235,Tanh,95,250,18,0.01269762774516812,1,0.6474468718207651,0.0005248653185313954,0.8486599326133728,0.18513526022434235,0.8249443769454956,COMPLETE
87,0.16223064064979553,Tanh,98,275,17,0.008861377873121397,1,0.6734306033612296,0.0006141758161703114,0.9335691928863525,0.16223064064979553,0.8522111773490906,COMPLETE
88,0.2067369520664215,Tanh,98,227,19,0.00839069564530915,1,0.5991549639642726,0.00029287997160360385,1.3409240245819092,0.2067369520664215,0.8133718967437744,COMPLETE
89,0.16294923424720764,Tanh,83,262,17,0.010851290703224391,1,0.6752819387237051,0.0006881005455989105,1.0888683795928955,0.16294923424720764,0.8383541107177734,COMPLETE
90,0.19590459764003754,Tanh,99,309,16,0.006567729052046354,1,0.5627882748602377,0.0005124261161652382,3.892305850982666,0.19590459764003754,0.8278481960296631,COMPLETE
91,0.17524223029613495,Tanh,95,268,18,0.01365178540510777,1,0.6545746780188725,0.0006242026937858911,0.8931617140769958,0.17524223029613495,0.8353727459907532,COMPLETE
92,0.17329058051109314,Tanh,93,280,17,0.01555157338557362,1,0.6747168336095611,0.0005064435069059856,1.0272958278656006,0.17329058051109314,0.8400235772132874,COMPLETE
93,0.18969538807868958,Tanh,88,276,15,0.009678341280716218,1,0.6220053427200019,0.0009208467057770279,1.3504853248596191,0.18969538807868958,0.8228368759155273,COMPLETE
94,0.18313224613666534,Tanh,95,236,20,0.007766029097775065,1,0.689313009087666,0.0006802724465859736,0.9331068396568298,0.18313224613666534,0.8310554623603821,COMPLETE
95,0.1826324611902237,Tanh,92,293,18,0.028698706191897825,1,0.7754903332549254,0.0012883781800903447,0.7591437697410583,0.1826324611902237,0.8306084871292114,COMPLETE
96,0.1752193570137024,Tanh,76,337,16,0.004963166264519997,1,0.7293379870621203,0.0004061763556573495,0.8319536447525024,0.1752193570137024,0.8415768146514893,COMPLETE
97,0.17837725579738617,Tanh,97,245,17,0.0039593840566801725,1,0.6408817400815797,0.0008383930997864458,1.0017504692077637,0.17837725579738617,0.83573979139328,COMPLETE
98,0.21515898406505585,Tanh,90,283,15,0.016972977412934385,1,0.5559648689289565,0.0002787052469475058,1.3020075559616089,0.21515898406505585,0.7970688343048096,COMPLETE
99,0.2056317925453186,Tanh,100,373,14,0.011926249456790487,1,0.6015449087580598,0.0016266664256732368,1.2343580722808838,0.2056317925453186,0.810930609703064,COMPLETE
100,0.1878947913646698,Tanh,69,253,17,0.006713675703619206,1,0.7923836153166754,0.0006021691953190756,0.8034203052520752,0.1878947913646698,0.8346158862113953,COMPLETE
101,0.16232815384864807,Tanh,83,269,17,0.010588796813734523,1,0.6770103088407912,0.0006884505705657887,1.0439958572387695,0.16232815384864807,0.8461894392967224,COMPLETE
102,0.1608256995677948,Tanh,88,307,19,0.008570469817440448,1,0.6878060074601666,0.00045015676355954204,0.9103956818580627,0.1608256995677948,0.8494654893875122,COMPLETE
103,0.16024819016456604,Tanh,88,308,20,0.008654435605929938,1,0.70495832364365,0.0003467605947288023,0.596630334854126,0.16024819016456604,0.8501381874084473,COMPLETE
104,0.16722670197486877,Tanh,88,299,21,0.00921387776369845,1,0.7494978217000309,0.00031790132973486256,0.7249543070793152,0.16722670197486877,0.8511896729469299,COMPLETE
105,0.17060253024101257,Tanh,83,325,21,0.008462805717119812,1,0.6911816567639335,0.0003683005838669849,0.7792536020278931,0.17060253024101257,0.8379801511764526,COMPLETE
106,0.17127959430217743,Tanh,90,267,19,0.005391192132950295,1,0.6465381186193823,0.0007570856918563474,0.7303027510643005,0.17127959430217743,0.8378626704216003,COMPLETE
107,0.16274519264698029,Tanh,87,310,19,0.010364633377762916,1,0.7181671761604443,0.00045268232347746805,0.7933576107025146,0.16274519264698029,0.8437273502349854,COMPLETE
108,0.1991117000579834,Tanh,92,294,20,0.00436546279925732,1,0.7741363271060853,0.0011090673354092022,1.3506146669387817,0.1991117000579834,0.8270843029022217,COMPLETE
109,0.1905091404914856,Tanh,89,261,18,0.005833181375499555,1,0.5842984542989785,0.0010057648851070468,1.0284457206726074,0.1905091404914856,0.8312822580337524,COMPLETE
110,0.18209779262542725,Tanh,77,128,20,0.01860288778267504,1,0.628865970563364,0.0002450941937422577,0.9124709367752075,0.18209779262542725,0.8207688331604004,COMPLETE
111,0.20194171369075775,Tanh,84,308,2,0.00716312747426621,1,0.7064272165013393,0.0020362957130170838,0.9536449313163757,0.20194171369075775,0.8122407793998718,COMPLETE
112,0.17915089428424835,Tanh,86,289,13,0.008155469839657897,1,0.734507107297691,0.0013689562706825822,0.8017454743385315,0.17915089428424835,0.8360117673873901,COMPLETE
113,0.16097085177898407,Tanh,82,343,16,0.003319209759252285,1,0.6804950671867986,0.0004586103086364813,0.8813657164573669,0.16097085177898407,0.8561253547668457,COMPLETE
114,0.1681484431028366,Tanh,64,333,16,0.0036213516979520946,1,0.6714547289327201,0.00034870943704778235,0.8640632033348083,0.1681484431028366,0.8426119089126587,COMPLETE
115,0.20326992869377136,Tanh,93,343,19,0.005045527934652906,1,0.6123943589462161,0.00020288395294039874,1.3222953081130981,0.20326992869377136,0.8152041435241699,COMPLETE
116,0.17022106051445007,Tanh,96,363,14,0.01092983751305015,1,0.6902902164383481,0.0004291448107597286,0.8184417486190796,0.17022106051445007,0.8391785621643066,COMPLETE
117,0.23922847211360931,Tanh,82,50,15,0.0026961766841977607,1,0.7693096997439244,0.0007772555471838773,1.188422441482544,0.23922847211360931,0.7901643514633179,COMPLETE
118,0.1673884391784668,Tanh,91,322,23,0.003275058261992967,1,0.6504918887388678,0.0006384797442829329,0.6853265762329102,0.1673884391784668,0.8445658683776855,COMPLETE
119,0.19487199187278748,Tanh,79,277,18,0.00619817062455742,1,0.5882966863470989,0.0009931080443605562,1.5635452270507812,0.19487199187278748,0.8240571618080139,COMPLETE
120,0.18273895978927612,Tanh,86,298,16,0.00446637875114333,1,0.7364958023266996,0.0005362904735874822,0.7778046727180481,0.18273895978927612,0.8334997892379761,COMPLETE
121,0.1631522923707962,Tanh,82,311,15,0.007613425336828488,1,0.7189796246944583,0.0016261254772327624,0.7987681031227112,0.1631522923707962,0.8493539690971375,COMPLETE
122,0.1634213924407959,Tanh,88,287,12,0.006682778665288587,1,0.6930225232075431,0.0004489058795569342,0.8064378499984741,0.1634213924407959,0.8461257815361023,COMPLETE
123,0.1906256526708603,Tanh,84,305,13,0.013114865812222307,1,0.6310399275393438,0.0021406486142103434,0.9315192103385925,0.1906256526708603,0.8249642848968506,COMPLETE
124,0.19641172885894775,Tanh,75,327,17,0.005517767646011197,1,0.7967124035610786,0.0012789192055263888,0.8058512210845947,0.19641172885894775,0.8324314951896667,COMPLETE
125,0.1732313632965088,Tanh,94,270,14,0.009945897533154573,1,0.6684648746096878,0.0006042711441564279,0.9015240669250488,0.1732313632965088,0.8379445672035217,COMPLETE
126,0.1614568531513214,Tanh,71,316,18,0.015098996425550161,1,0.7192947459439478,0.0007600267822109174,0.5823803544044495,0.1614568531513214,0.8456873893737793,COMPLETE
127,0.17001013457775116,Tanh,71,349,18,0.015412000212370464,1,0.7464911536890743,0.0007552571346120043,0.6276965141296387,0.17001013457775116,0.8382498621940613,COMPLETE
128,0.15339352190494537,Tanh,98,295,16,0.02419999614890914,1,0.6789998730789852,0.00027939372408872926,0.7204559445381165,0.15339352190494537,0.8547353744506836,COMPLETE
129,0.19844084978103638,Tanh,98,318,20,0.02334783434622017,1,0.5325230940095081,0.0003006706023095145,1.6128346920013428,0.19844084978103638,0.814734935760498,COMPLETE
130,0.17188428342342377,Tanh,96,297,16,0.017688175133275166,1,0.7153454980797944,0.00016699958547543913,0.9200479984283447,0.17188428342342377,0.8170378804206848,COMPLETE
131,0.15605299174785614,Tanh,91,285,17,0.026837693288190904,1,0.6664373640014167,0.00036454735472972547,0.9003371596336365,0.15605299174785614,0.8415889143943787,COMPLETE
132,0.214447021484375,Tanh,91,286,18,0.02378138090887754,1,0.6170380754468932,0.00024203047108534867,5.810823440551758,0.214447021484375,0.7540216445922852,COMPLETE
133,0.14983828365802765,Tanh,94,340,19,0.033823410882508634,1,0.6536920806847902,0.000323479482699556,0.5890011787414551,0.14983828365802765,0.8538922071456909,COMPLETE
134,0.16629092395305634,Tanh,94,332,19,0.028686799781781926,1,0.644412118056661,0.00034366799809257856,0.7182028293609619,0.16629092395305634,0.8241665363311768,COMPLETE
135,0.1620202362537384,Tanh,92,317,20,0.047423123636119044,1,0.7599488001769137,0.0002611812284098419,1.0184615850448608,0.1620202362537384,0.8289083242416382,COMPLETE
136,0.1996036320924759,Tanh,89,343,16,0.02798146622325953,1,0.5700677966895816,0.0003865528051803923,1.5571341514587402,0.1996036320924759,0.8022295832633972,COMPLETE
137,0.16160978376865387,Tanh,96,303,21,0.03577306562080969,1,0.708022632804143,0.0002104326683420504,0.748049795627594,0.16160978376865387,0.8470520973205566,COMPLETE
138,0.2460896372795105,Tanh,90,353,18,0.019261054162480584,1,0.3581523700818305,0.0004635528628254084,0.9066483378410339,0.2460896372795105,0.7574938535690308,COMPLETE
139,0.17466352880001068,Tanh,100,338,15,0.03533656554543838,1,0.65611426113011,0.0003353664811028694,0.6867214441299438,0.17466352880001068,0.8302170038223267,COMPLETE
140,0.2160419374704361,Tanh,93,324,19,0.013331956177873767,1,0.6085767095390341,0.0002681401984749745,1.5789920091629028,0.2160419374704361,0.7856743335723877,COMPLETE
141,0.16691799461841583,Tanh,95,303,19,0.03934327134575779,1,0.7040758032535832,0.0002245217007732542,0.7336389422416687,0.16691799461841583,0.8269318342208862,COMPLETE
142,0.17019928991794586,Tanh,97,294,21,0.06448125530231344,1,0.7291008728544338,0.0001932099030089693,0.6003933548927307,0.17019928991794586,0.8372318744659424,COMPLETE
143,0.15342584252357483,Tanh,88,312,17,0.036538276252835684,1,0.6845701536464638,0.00039610721950570455,0.7654368281364441,0.15342584252357483,0.8397579193115234,COMPLETE
144,0.2142026722431183,Tanh,11,312,17,0.022759994406661946,1,0.6809618455684483,0.000504831134092301,1.4063235521316528,0.2142026722431183,0.8025173544883728,COMPLETE
145,0.18087409436702728,Tanh,86,284,18,0.03005073425127343,1,0.7645208209312793,0.0004118398657452647,1.0597630739212036,0.18087409436702728,0.8358606696128845,COMPLETE
146,0.1727282851934433,Tanh,88,330,16,0.04245012200892377,1,0.6400763719056987,0.00030449177825903073,0.6092805862426758,0.1727282851934433,0.8167215585708618,COMPLETE
147,0.17917722463607788,Tanh,91,316,17,0.03206574889405795,1,0.7977080855060596,0.00039208196985862577,0.5304504036903381,0.17917722463607788,0.8442115187644958,COMPLETE
148,0.16396427154541016,Tanh,55,259,15,0.0567419316914348,1,0.6634419307254438,0.0009046377075286623,0.5647605657577515,0.16396427154541016,0.8284556865692139,COMPLETE
149,0.18751350045204163,Tanh,89,286,6,0.024416081774677995,1,0.7431433957001351,0.0005450174172678453,0.8807095885276794,0.18751350045204163,0.8251007199287415,COMPLETE
150,0.1571577936410904,Tanh,93,296,16,0.016635719271616826,1,0.6961123049579827,0.0002969988012106667,0.749984860420227,0.1571577936410904,0.8294733166694641,COMPLETE
151,0.15554633736610413,Tanh,93,296,16,0.018778536532748292,1,0.6917719695822545,0.0003371289531655867,0.5945451855659485,0.15554633736610413,0.8406473398208618,COMPLETE
152,0.158906027674675,Tanh,94,296,16,0.017438354929076326,1,0.687709418072097,0.0003026700722860762,0.8677876591682434,0.158906027674675,0.8376145362854004,COMPLETE
153,0.17956778407096863,Tanh,93,295,15,0.020887070458206806,1,0.630056814057819,0.0003115779656300835,0.9845627546310425,0.17956778407096863,0.8322434425354004,COMPLETE
154,0.15287239849567413,Tanh,94,277,16,0.017173099452396152,1,0.6986940206808254,0.00026836214144843154,0.6669098138809204,0.15287239849567413,0.8398004770278931,COMPLETE
155,0.1981682926416397,Tanh,98,274,16,0.01811805261097219,1,0.6034363093588203,0.0002678719376656057,1.4449363946914673,0.1981682926416397,0.8144987225532532,COMPLETE
156,0.17735555768013,Tanh,95,280,16,0.025910584424770355,1,0.6502002780664065,0.0001702252128891885,0.7862929701805115,0.17735555768013,0.8023194670677185,COMPLETE
157,0.17121949791908264,Tanh,92,253,14,0.03305939516045621,1,0.7035364839975099,0.0002475094991485544,0.8179869055747986,0.17121949791908264,0.8279559016227722,COMPLETE
158,0.17047937214374542,Tanh,94,292,15,0.01541787067307568,1,0.7644261848263926,0.0001486769055188435,0.9315147399902344,0.17047937214374542,0.8242334127426147,COMPLETE
159,0.17777957022190094,Tanh,98,263,17,0.021583991030536726,1,0.7406739389200977,0.0003692285369100528,0.862404465675354,0.17777957022190094,0.825739324092865,COMPLETE
160,0.1560835987329483,Tanh,40,301,14,0.012785893489934867,1,0.6682585320123229,0.0003013607900363599,0.7768340706825256,0.1560835987329483,0.8339893221855164,COMPLETE
161,0.1717204451560974,Tanh,91,300,14,0.012743555080524457,1,0.6701967287957298,0.00032751650687023787,0.920451283454895,0.1717204451560974,0.8098262548446655,COMPLETE
162,0.1704329401254654,Tanh,32,282,13,0.018784780648183567,1,0.7026881820375316,0.00028225278507277657,0.5444916486740112,0.1704329401254654,0.8255232572555542,COMPLETE
163,0.18334774672985077,Tanh,38,273,15,0.015211575986611815,1,0.6311724794687016,0.00021633894067093673,0.7844862937927246,0.18334774672985077,0.8082157373428345,COMPLETE
164,0.19380910694599152,Tanh,28,290,14,0.011229023087616972,1,0.5886206908346316,0.0003652952009373974,0.9590592384338379,0.19380910694599152,0.820480227470398,COMPLETE
165,0.1685815453529358,Tanh,42,307,16,0.02506533903888666,1,0.6853346736986689,0.00012398603823268536,0.7905606031417847,0.1685815453529358,0.8067100048065186,COMPLETE
166,0.1736203283071518,Tanh,96,297,15,0.038816895667053576,1,0.7290139521935676,0.00018874671602281826,0.6648799180984497,0.1736203283071518,0.8300762176513672,COMPLETE
167,0.2185966670513153,Tanh,94,281,13,0.0202467274520425,1,0.4801255719482782,0.0002487841925877135,2.956653118133545,0.2185966670513153,0.7867424488067627,COMPLETE
168,0.15878240764141083,Tanh,92,268,16,0.012495535059326886,1,0.6652611918128628,0.00030952573425860504,0.8631811738014221,0.15878240764141083,0.8514095544815063,COMPLETE
169,0.1750705987215042,Tanh,20,268,17,0.01669888859032057,1,0.6606107627958269,0.0003010213109873679,0.7845081686973572,0.1750705987215042,0.824251115322113,COMPLETE
170,0.19706368446350098,Tanh,93,241,16,0.012066514782091052,1,0.5615751598170834,0.00016757707140531246,1.6427642107009888,0.19706368446350098,0.8191277384757996,COMPLETE
171,0.15025018155574799,Tanh,91,304,14,0.02811536662893489,1,0.6908021685835325,0.00039505583928663114,0.7052987217903137,0.15025018155574799,0.8541983366012573,COMPLETE
172,0.18624694645404816,Tanh,90,289,14,0.046407868715514736,1,0.6406874793573151,0.000401382089974547,0.771183431148529,0.18624694645404816,0.818161129951477,COMPLETE
173,0.16971439123153687,Tanh,92,299,15,0.028640886605179987,1,0.684487024132214,0.00022830812806050467,0.7316167950630188,0.16971439123153687,0.8435398936271667,COMPLETE
174,0.20922261476516724,Tanh,96,275,12,0.026424921776244382,1,0.4432942592988019,0.0018183907905190682,1.1025811433792114,0.20922261476516724,0.8099799156188965,COMPLETE
175,0.18817459046840668,Tanh,99,285,16,0.017792026096154417,1,0.6228321501553228,0.0005103707558711513,1.1520435810089111,0.18817459046840668,0.7947739362716675,COMPLETE
176,0.17465664446353912,Tanh,94,262,14,0.034511705168007216,1,0.7444892970919543,0.00028359214187063627,0.7185739278793335,0.17465664446353912,0.8338693380355835,COMPLETE
177,0.18259970843791962,Tanh,90,301,17,0.014245610703394708,1,0.6589685831201193,0.0003408631310041976,0.8694543242454529,0.18259970843791962,0.8319194316864014,COMPLETE
178,0.1668468415737152,Tanh,92,320,13,0.0211134115975765,1,0.7175221980340745,0.0025886141021566602,0.7150091528892517,0.1668468415737152,0.8426588177680969,COMPLETE
179,0.2437494397163391,Tanh,96,293,16,0.011733559053308864,1,0.18800031907806966,0.0004653948918341447,0.8364242911338806,0.2437494397163391,0.7049547433853149,COMPLETE
180,0.17733021080493927,Tanh,94,254,14,0.01654452358062178,1,0.7665095482771497,0.00020510994907432266,0.9095064401626587,0.17733021080493927,0.824482798576355,COMPLETE
181,0.1646214723587036,Tanh,88,309,15,0.010762054906223605,1,0.6935575777239431,0.00038273052676206644,0.8023613691329956,0.1646214723587036,0.8328419327735901,COMPLETE
182,0.15769490599632263,Tanh,90,303,16,0.008654387471645696,1,0.7066288795777387,0.0003201331607151324,0.8256211876869202,0.15769490599632263,0.8503369092941284,COMPLETE
183,0.16329914331436157,Tanh,91,277,16,0.013184137278313992,1,0.6608329005205131,0.00029839952203186676,0.7746856808662415,0.16329914331436157,0.849368691444397,COMPLETE
184,0.1570999026298523,Tanh,90,304,17,0.05437045352453062,1,0.7209093108229323,0.00026022311518709334,0.6108787655830383,0.1570999026298523,0.8394119143486023,COMPLETE
185,0.25403112173080444,Tanh,90,313,17,0.055540630209343425,1,0.2612515988535726,0.00023767396350031806,2.2516510486602783,0.25403112173080444,0.6949502229690552,COMPLETE
186,0.17589503526687622,Tanh,52,303,15,0.07995204792431147,1,0.7248475732169036,0.00026295840550351953,0.5988315939903259,0.17589503526687622,0.8272531628608704,COMPLETE
187,0.15349729359149933,Tanh,85,326,16,0.03990439785300977,1,0.6906122355617554,0.0003070237097823831,0.5731973052024841,0.15349729359149933,0.8434197306632996,COMPLETE
188,0.2594022750854492,Tanh,85,325,16,0.04306907991611289,1,0.3095920493393832,0.0001873236600705164,0.8192846775054932,0.2594022750854492,0.7260973453521729,COMPLETE
189,0.169168621301651,Tanh,86,317,16,0.0517919183082209,1,0.6877311297028741,0.00031746775981060917,0.5904944539070129,0.169168621301651,0.8390798568725586,COMPLETE
190,0.19579802453517914,Tanh,89,289,16,0.06171592713061799,1,0.6155015325085313,0.0003617332351765564,0.8774585127830505,0.19579802453517914,0.8092806935310364,COMPLETE
191,0.16094699501991272,Tanh,92,306,17,0.03566140591614574,1,0.7164882593137128,0.00023408617765298132,0.7055339217185974,0.16094699501991272,0.8258088231086731,COMPLETE
192,0.17200906574726105,Tanh,87,329,15,0.031142201631810376,1,0.7631703841706302,0.0014187809776066256,3.2944419384002686,0.17200906574726105,0.8491578698158264,COMPLETE
193,0.1714581847190857,Tanh,93,297,7,0.025839338864805717,1,0.6817219219776472,0.0004369436718516406,1.0373276472091675,0.1714581847190857,0.846167266368866,COMPLETE
194,0.17521150410175323,Tanh,60,311,17,0.041525456304110524,1,0.7202255254949445,0.00028760376114402264,0.6135444045066833,0.17521150410175323,0.8203228712081909,COMPLETE
195,0.24717813730239868,Tanh,90,322,6,0.06529236278147324,1,0.40185977352762503,0.0004106804755418529,1.071889042854309,0.24717813730239868,0.7775068283081055,COMPLETE
196,0.17238469421863556,Tanh,92,294,13,0.07716259960910238,1,0.6478581549233832,0.0020032782389553644,0.7579795718193054,0.17238469421863556,0.8404644131660461,COMPLETE
197,0.1794121116399765,Tanh,96,281,16,0.006675855428934306,1,0.6962262530926864,0.000325099873774396,0.8992320895195007,0.1794121116399765,0.8323003053665161,COMPLETE
198,0.19897212088108063,Tanh,88,304,15,0.004925283583069241,1,0.5135137627413511,0.0011186075273157989,11.636479377746582,0.19897212088108063,0.8239157199859619,COMPLETE
199,0.18159419298171997,Tanh,94,287,15,0.021812892218306484,1,0.7512611352651016,0.00021091499808779523,0.6885618567466736,0.18159419298171997,0.824115514755249,COMPLETE
200,0.19243772327899933,Tanh,97,313,14,0.051489834778564225,1,0.7946921833815468,0.00014040500321210609,0.6931267976760864,0.19243772327899933,0.8290771245956421,COMPLETE
201,0.17248311638832092,Tanh,46,296,17,0.008848012881080702,1,0.6576078680198545,0.000542655162683742,0.8026378154754639,0.17248311638832092,0.842767596244812,COMPLETE
202,0.16253846883773804,Tanh,95,272,17,0.014653011602907134,1,0.6767730059003171,0.0002680309637651378,1.012328863143921,0.16253846883773804,0.8449667692184448,COMPLETE
203,0.1650494486093521,Tanh,91,266,16,0.0040601432516633364,1,0.7041681343926081,0.00037606894980793057,0.888353705406189,0.1650494486093521,0.8402095437049866,COMPLETE
204,0.1803017556667328,Tanh,93,282,17,0.007797383476183881,1,0.734542564807809,0.0004675622447325469,0.8160907030105591,0.1803017556667328,0.826069712638855,COMPLETE
205,0.1942717730998993,Tanh,99,301,12,0.029262505875497082,1,0.6316635063542593,0.0006153368770843736,1.008601188659668,0.1942717730998993,0.8225764632225037,COMPLETE
206,0.1681828796863556,Tanh,89,334,16,0.019457808169283657,1,0.6705140239552208,0.0003245329989964949,0.8090790510177612,0.1681828796863556,0.8333009481430054,COMPLETE
207,0.15713918209075928,Tanh,94,291,18,0.00577728389432606,1,0.7044245204334886,0.0015992448188181824,0.7157037854194641,0.15713918209075928,0.8520594835281372,COMPLETE
208,0.17210768163204193,Tanh,91,290,7,0.005675257968677149,1,0.7354091238914522,0.0016253129845723076,0.8755496740341187,0.17210768163204193,0.8429441452026367,COMPLETE
209,0.17326666414737701,Tanh,86,318,18,0.004522901958241536,1,0.6986940945176646,0.0013610589557813675,0.8458176255226135,0.17326666414737701,0.839768648147583,COMPLETE
210,0.2733622193336487,Tanh,94,310,3,0.03859313201086129,1,0.2368284731285291,0.0020663948327931075,0.9201606512069702,0.2733622193336487,0.7373318076133728,COMPLETE
211,0.1537913829088211,Tanh,97,275,18,0.009458938590645566,1,0.6611864972056073,0.0016662671162258082,0.7761006951332092,0.1537913829088211,0.8584682941436768,COMPLETE
212,0.1611752212047577,Tanh,98,285,17,0.006871335943138382,1,0.6834314460930447,0.0016858605199722113,0.940168023109436,0.1611752212047577,0.855038583278656,COMPLETE
213,0.17796309292316437,Tanh,96,296,18,0.009647945018964871,1,0.6378571217627946,0.0010977515232629845,0.8242155909538269,0.17796309292316437,0.8378076553344727,COMPLETE
214,0.1727571189403534,Tanh,93,274,16,0.005788841779837901,1,0.7204296929116567,0.0025063438976916635,0.741001307964325,0.1727571189403534,0.8420920372009277,COMPLETE
215,0.19740599393844604,Tanh,100,304,18,0.007597309670731479,1,0.5995321141471203,0.001556611471364321,1.1281737089157104,0.19740599393844604,0.8165455460548401,COMPLETE
216,0.16588428616523743,Tanh,97,292,18,0.009670294599655694,1,0.6599803625322133,0.0012955374189683468,0.8296387791633606,0.16588428616523743,0.8444194197654724,COMPLETE
217,0.17580220103263855,Tanh,90,282,13,0.0019404319751264419,1,0.760237655049012,0.00025488865483917756,0.7463297247886658,0.17580220103263855,0.8458904027938843,COMPLETE
218,0.16452829539775848,Tanh,95,267,16,0.02407285494332026,1,0.7018011090973512,0.0003153541518984833,0.8797354102134705,0.16452829539775848,0.8329643607139587,COMPLETE
219,0.16437411308288574,Tanh,92,302,15,0.01676056701302018,1,0.6726279257261616,0.0034164865397493843,0.9498264193534851,0.16437411308288574,0.8429907560348511,COMPLETE
220,0.17713461816310883,Tanh,87,325,17,0.03306978962566326,1,0.7349171806307011,0.0019295458693513543,0.7685430645942688,0.17713461816310883,0.8325811624526978,COMPLETE
221,0.17393358051776886,Tanh,94,273,17,0.004979042997260384,1,0.6384318187415432,0.00038810323508179035,0.8449447154998779,0.17393358051776886,0.8274364471435547,COMPLETE
222,0.27240189909935,Tanh,24,287,16,0.013071020603848927,1,0.12397726458211926,0.0022250552469218164,0.6116018891334534,0.27240189909935,0.64548659324646,COMPLETE
223,0.1868753582239151,Tanh,95,279,17,0.011711562185253993,1,0.6942732126891739,0.00045917935939448774,1.0311049222946167,0.1868753582239151,0.828072190284729,COMPLETE
224,0.1624089777469635,Tanh,92,258,18,0.014411884920106541,1,0.6606523212193455,0.0002699971384035449,0.8420971632003784,0.1624089777469635,0.8409871459007263,COMPLETE
225,0.19875487685203552,Tanh,97,295,17,0.0007740057490560507,1,0.7114152871937044,0.00121887021034413,0.8744663596153259,0.19875487685203552,0.816042959690094,COMPLETE
226,0.19801056385040283,Tanh,89,314,16,0.009548554282954603,1,0.6192211032500106,0.0009261990465313574,1.4776822328567505,0.19801056385040283,0.8055793642997742,COMPLETE
227,0.16208221018314362,Tanh,93,309,14,0.006292427052857769,1,0.6692301455495598,0.0003381469454037579,0.8022528886795044,0.16208221018314362,0.8495063781738281,COMPLETE
228,0.2530308961868286,Tanh,91,278,15,0.00024290596443361456,1,0.7629296616963167,0.00022288403234512207,1.1531312465667725,0.2530308961868286,0.7796133160591125,COMPLETE
229,0.20704853534698486,Tanh,95,291,19,0.01872203812292084,1,0.5343452075984597,4.2618410843260106e-05,1.674372673034668,0.20704853534698486,0.8103342652320862,COMPLETE
230,0.19905249774456024,Tanh,97,300,18,0.0037708232628612575,1,0.49405961159055545,0.0017391007587323356,1.5044827461242676,0.19905249774456024,0.8240001201629639,COMPLETE
231,0.17448364198207855,Tanh,88,303,20,0.010423289181239286,1,0.690350457262761,0.00037427434485606353,0.834098756313324,0.17448364198207855,0.8276265859603882,COMPLETE
232,0.1613415628671646,Tanh,84,309,19,0.008201620817815914,1,0.7148451127109763,0.0003158620661843617,0.8518874645233154,0.1613415628671646,0.8390291929244995,COMPLETE
233,0.17849327623844147,Tanh,90,320,16,0.008152513368126476,1,0.6506031205067684,0.00040121087933146587,0.7993612289428711,0.17849327623844147,0.835303544998169,COMPLETE
234,0.1699199676513672,Tanh,87,287,17,0.012507964062480316,1,0.7003714278770485,0.0005519504287562295,0.8847992420196533,0.1699199676513672,0.8411836624145508,COMPLETE
235,0.1650824248790741,Tanh,93,271,15,0.00620480015010695,1,0.7280035844387684,0.00027385564430429816,0.6589531302452087,0.1650824248790741,0.8468831777572632,COMPLETE
236,0.1553923636674881,Tanh,91,297,16,0.04231344857732833,1,0.6790003356559574,0.0003599481203675389,0.599173367023468,0.1553923636674881,0.8478661775588989,COMPLETE
237,0.15924608707427979,Tanh,91,295,16,0.045863880820609534,1,0.6400920388338043,0.0004301883334611336,0.7369452118873596,0.15924608707427979,0.8426179885864258,COMPLETE
238,0.1623133420944214,Tanh,91,297,16,0.04661130235107826,1,0.6765270519585705,0.0003019722456042404,0.7121495604515076,0.1623133420944214,0.8526681065559387,COMPLETE
239,0.18643996119499207,Tanh,89,291,16,0.05155067252561584,1,0.6375234755957018,0.0004008736377141625,0.7487717866897583,0.18643996119499207,0.7945476174354553,COMPLETE
240,0.21122369170188904,Tanh,92,304,15,0.037887520427580326,1,0.6019207777619354,0.00017928721962291635,1.0782092809677124,0.21122369170188904,0.7969676852226257,COMPLETE
241,0.15701575577259064,Tanh,94,282,16,0.03793373388000399,1,0.664433777009306,0.00044392120579894544,0.858109712600708,0.15701575577259064,0.8410249948501587,COMPLETE
242,0.16091082990169525,Tanh,93,283,16,0.04328775818090547,1,0.6776779461462997,0.00045773013401877047,0.6554692983627319,0.16091082990169525,0.8251323699951172,COMPLETE
243,0.24363499879837036,Tanh,94,297,16,0.03179819499042577,1,0.6501222729132102,0.03471242146394797,0.9963676333427429,0.24363499879837036,0.7740423083305359,COMPLETE
244,0.1680460125207901,Tanh,33,288,15,0.03887788588910085,1,0.7001013020299697,0.0003410348697839265,0.7524297833442688,0.1680460125207901,0.830826461315155,COMPLETE
245,0.18479008972644806,Tanh,91,309,8,0.0650134381144732,1,0.7449365645170823,0.00023891940351059715,0.7649199366569519,0.18479008972644806,0.8301129341125488,COMPLETE
246,0.1965743601322174,Tanh,95,282,16,0.02708747831052626,1,0.6216228483909694,0.001472158933292636,1.3260624408721924,0.1965743601322174,0.8160767555236816,COMPLETE
247,0.15930373966693878,Tanh,90,266,14,0.047003727357192174,1,0.6737209842946973,0.0002927877079461353,0.6625478863716125,0.15930373966693878,0.8321726322174072,COMPLETE
248,0.15550199151039124,Tanh,89,260,14,0.049586229843307024,1,0.6719364796364438,0.00028664903951490316,0.6245759129524231,0.15550199151039124,0.8304175138473511,COMPLETE
249,0.1843871772289276,Tanh,86,259,14,0.053983100753296286,1,0.6359042830677101,2.202267078247122e-05,0.7019527554512024,0.1843871772289276,0.8116376399993896,COMPLETE
250,0.2698524296283722,Tanh,88,274,13,0.03425481435817615,1,0.29014395582609137,0.00036770296037744545,1.1353943347930908,0.2698524296283722,0.7304344177246094,COMPLETE
251,0.2003689408302307,Tanh,90,264,15,0.06039275475659279,1,0.5815926789829864,0.0002190114395559742,0.9597890377044678,0.2003689408302307,0.8105288147926331,COMPLETE
252,0.24937604367733002,Tanh,92,294,17,0.043101476061686086,1,0.21606806114758795,0.000270798223235017,0.7891944050788879,0.24937604367733002,0.6679039001464844,COMPLETE
253,0.17071494460105896,Tanh,85,277,16,0.0872790455143476,1,0.6578729056440248,0.00045189916272894313,0.5708486437797546,0.17071494460105896,0.8105742931365967,COMPLETE
254,0.17087000608444214,Tanh,89,244,13,0.02710033718941344,1,0.6947118342628277,0.0003589312126495372,0.8013743162155151,0.17087000608444214,0.8321027755737305,COMPLETE
255,0.1607009619474411,Tanh,93,286,15,0.03169054314385537,1,0.7236211208061875,0.0005218011244248909,0.6500690579414368,0.1607009619474411,0.8431085348129272,COMPLETE
256,0.21771147847175598,Tanh,91,253,17,0.03890570670315599,1,0.41663992461370286,0.0002471630979841953,1.3809528350830078,0.21771147847175598,0.7912340760231018,COMPLETE
257,0.15888768434524536,Tanh,96,300,14,0.024591978655991872,1,0.673231634197636,0.0003224481923349574,1.0014936923980713,0.15888768434524536,0.8455312252044678,COMPLETE
258,0.167637899518013,Tanh,98,320,14,0.022856281593463073,1,0.6825767539135766,0.000310468691480746,0.9300891757011414,0.167637899518013,0.8245289921760559,COMPLETE
259,0.16398289799690247,Tanh,41,302,14,0.021317707150160382,1,0.7142678548956619,0.00020345995973662103,0.6032611131668091,0.16398289799690247,0.8261110782623291,COMPLETE
260,0.21951232850551605,Tanh,96,270,13,0.01679952520157849,1,0.45420034359305794,0.0002865204505758773,1.30367112159729,0.21951232850551605,0.7941420078277588,COMPLETE
261,0.19861973822116852,Tanh,95,335,14,0.02819789520306058,1,0.7719019586301699,0.002227632736772964,1.611925721168518,0.19861973822116852,0.8232454657554626,COMPLETE
262,0.23851972818374634,Tanh,100,310,15,0.020772205191160888,1,0.35823825892234795,0.00290363663464747,1.0615689754486084,0.23851972818374634,0.7993927001953125,COMPLETE
263,0.6158811450004578,Tanh,97,281,14,2.063428573414755e-05,1,0.6656345104396068,0.00035015625231566214,1.1853421926498413,0.6158811450004578,0.4383159875869751,COMPLETE
264,0.16540874540805817,Tanh,94,301,17,0.025907969445140826,1,0.7287809070812777,0.00025251223409230347,0.5612688064575195,0.16540874540805817,0.8483744859695435,COMPLETE
265,0.21991412341594696,Tanh,87,291,13,0.002568859215009282,1,0.5507075699713299,0.00032546139443636045,3.734189987182617,0.21991412341594696,0.8097965121269226,COMPLETE
266,0.20455218851566315,Tanh,93,322,16,0.01699578803033387,1,0.615068236981064,0.0017579984134337048,1.1805319786071777,0.20455218851566315,0.8118619918823242,COMPLETE
267,0.17461825907230377,Tanh,96,313,18,0.0015305079677759164,1,0.6877381655271995,0.0004090128174012735,0.8742157816886902,0.17461825907230377,0.8411047458648682,COMPLETE
268,0.16766490042209625,Tanh,98,278,15,0.034300996184490444,1,0.66273271757225,0.000670251204702836,0.7317100167274475,0.16766490042209625,0.8396285772323608,COMPLETE
269,0.15896180272102356,Tanh,84,289,12,0.004520927903420005,1,0.7430168145510151,0.00016662215500749258,0.665747344493866,0.15896180272102356,0.855811595916748,COMPLETE
270,0.1573762744665146,Tanh,89,265,16,0.07019498363193,1,0.7053809306346442,0.00022698819861250818,0.5587461590766907,0.1573762744665146,0.8279314041137695,COMPLETE
271,0.18741223216056824,Tanh,50,258,17,0.08226373557629527,1,0.7970691851088068,0.00021401297445791374,0.6423353552818298,0.18741223216056824,0.8076815605163574,COMPLETE
272,0.23318873345851898,Tanh,89,270,14,0.06309080994711506,1,0.1791095073635092,0.0002440836018497627,1.9393571615219116,0.23318873345851898,0.6808621883392334,COMPLETE
273,0.21020850539207458,Tanh,15,252,15,0.05606513460520124,1,0.714656046469978,0.00019142482868861435,0.913138210773468,0.21020850539207458,0.772790253162384,COMPLETE
274,0.2603282332420349,Tanh,88,266,17,0.07332412761407615,1,0.234939444361633,0.006607995318005565,0.7916626334190369,0.2603282332420349,0.7444855570793152,COMPLETE
275,0.25465595722198486,Tanh,86,168,6,0.04894328314641735,1,0.2640274666336253,0.00028611604651420617,1.4409853219985962,0.25465595722198486,0.7103931307792664,COMPLETE
276,0.1799972951412201,Tanh,92,248,16,0.003491665620390858,1,0.7490428472144639,6.140881366540471e-05,0.8089840412139893,0.1799972951412201,0.8359401226043701,COMPLETE
277,0.16514849662780762,Tanh,90,278,16,0.03122967823141792,1,0.6461778382736666,0.0005694492426126268,0.6351692080497742,0.16514849662780762,0.826852560043335,COMPLETE
278,0.1797695904970169,Tanh,88,264,15,0.0687996477653815,1,0.6993116390974085,0.0025522045782796657,0.7170624732971191,0.1797695904970169,0.8260432481765747,COMPLETE
279,0.24410296976566315,Tanh,92,305,13,0.03994287398823296,1,0.16449670214125506,0.0014634220561111039,0.8557491898536682,0.24410296976566315,0.641911506652832,COMPLETE
280,0.17677129805088043,Tanh,94,330,17,0.02441108612134803,1,0.6706977266208343,0.00039807493415982295,1.1040726900100708,0.17677129805088043,0.8341109752655029,COMPLETE
281,0.2822137773036957,Tanh,90,285,18,0.0053613382533061115,1,0.32846507603818825,0.001931575844626766,1.7279002666473389,0.2822137773036957,0.7415856122970581,COMPLETE
282,0.2543729841709137,Tanh,85,343,14,0.006766925089878233,1,0.5961890316611516,0.010819350118663171,1.2620519399642944,0.2543729841709137,0.7794321179389954,COMPLETE
283,0.246811643242836,Tanh,96,315,15,0.010974675769619118,1,0.19897539725674881,0.00047945403967898485,1.4156644344329834,0.246811643242836,0.6909348964691162,COMPLETE
284,0.16902992129325867,Tanh,92,296,16,0.013946948126952465,1,0.7096437966729497,0.00034607541837401484,1.0007035732269287,0.16902992129325867,0.8335165977478027,COMPLETE
285,0.1994164139032364,Tanh,88,271,8,0.05236693250357964,1,0.6319314305451866,0.0002460082105276017,0.7404439449310303,0.1994164139032364,0.7926627993583679,COMPLETE
286,0.37545016407966614,Tanh,90,425,18,7.789216704371245e-05,1,0.38238438954014126,0.00029163973831799426,1.8152211904525757,0.37545016407966614,0.6937767267227173,COMPLETE
287,0.18269416689872742,Tanh,83,301,16,0.004113093350426102,1,0.759579230958261,0.0009702308366026367,0.877816915512085,0.18269416689872742,0.8343081474304199,COMPLETE
288,0.17823725938796997,Tanh,94,285,7,0.003013857714555598,1,0.6809056649901133,0.0003921840493882392,1.0677214860916138,0.17823725938796997,0.8406955003738403,COMPLETE
289,0.17718397080898285,Tanh,62,472,19,0.03820429735798717,1,0.6579816398499747,0.0011766478414319962,0.7920343279838562,0.17718397080898285,0.8230144381523132,COMPLETE
290,0.1789436936378479,Tanh,99,314,17,0.021734589389690202,1,0.731322800213473,0.00021613482998181764,0.8486181497573853,0.1789436936378479,0.8259226083755493,COMPLETE
291,0.2009345293045044,Tanh,91,276,15,0.09685602553865093,1,0.6186169937839029,0.0005014904616157719,0.9546847343444824,0.2009345293045044,0.800133466720581,COMPLETE
292,0.20288147032260895,Tanh,87,293,13,0.03033950555921681,1,0.5754433236257227,1.2742611446876283e-05,1.0072624683380127,0.20288147032260895,0.8018027544021606,COMPLETE
293,0.15763838589191437,Tanh,95,258,16,0.005530011168235249,1,0.7027021470660754,0.0007124321961467196,0.8535581231117249,0.15763838589191437,0.8528209328651428,COMPLETE
294,0.1754511445760727,Tanh,66,267,16,0.005254077600738195,1,0.7185547235220046,0.0006501730106005483,0.8796446323394775,0.1754511445760727,0.8412172794342041,COMPLETE
295,0.1896352469921112,Tanh,93,253,16,0.006145882188363017,1,0.7758116347235396,0.0006995823495500253,1.6565841436386108,0.1896352469921112,0.8355261087417603,COMPLETE
296,0.2858165502548218,Tanh,89,257,17,0.004447805522307609,1,0.1034850345070671,0.0007397003348565368,0.7120361328125,0.2858165502548218,0.7277273535728455,COMPLETE
297,0.17034101486206055,Tanh,95,262,16,0.007341803475008542,1,0.6986459884968375,0.000821108069835586,0.8830742835998535,0.17034101486206055,0.8430512547492981,COMPLETE
298,0.18498912453651428,Tanh,92,248,17,0.008878696917099237,1,0.7403522254895656,0.0016221560030751367,0.9470869302749634,0.18498912453651428,0.8311974406242371,COMPLETE
299,0.2755469083786011,Tanh,86,279,15,0.005453904393047135,1,0.29034023813622595,0.0022896947024019887,1.6944286823272705,0.2755469083786011,0.742387056350708,COMPLETE
300,0.1726166307926178,Tanh,80,353,17,0.012487282475849156,1,0.6491333675335529,0.003174411274701984,0.7073933482170105,0.1726166307926178,0.8399032354354858,COMPLETE
301,0.16111110150814056,Tanh,91,236,16,0.014756816701080097,1,0.7033092122194148,0.0005582662649298144,0.9190282821655273,0.16111110150814056,0.8435137867927551,COMPLETE
302,0.1574154496192932,Tanh,56,273,19,0.07258729460018891,1,0.6836632914587979,0.0004320376866410382,0.7511889934539795,0.1574154496192932,0.8491988778114319,COMPLETE
303,0.1855199784040451,Tanh,45,327,19,0.07425691672578567,1,0.7498182088367733,0.0004728736847471487,1.0767037868499756,0.1855199784040451,0.8057785630226135,COMPLETE
304,0.17994359135627747,Tanh,36,284,18,0.04469845741422254,1,0.6960224722211275,0.0005906434457154377,0.744921088218689,0.17994359135627747,0.8183988928794861,COMPLETE
305,0.26327258348464966,Tanh,40,275,19,0.057545545006443155,1,0.3156257826546503,0.0010182889215880151,1.2496626377105713,0.26327258348464966,0.7133336067199707,COMPLETE
306,0.7953194975852966,Tanh,55,306,18,1.0810536297653853e-05,1,0.7248343324735886,0.0013347957265516187,0.8809367418289185,0.7953194975852966,0.2891467809677124,COMPLETE
307,0.1723434329032898,Tanh,98,221,19,0.08468331512645448,1,0.7723943795989758,0.00014814031320203473,1.423302412033081,0.1723434329032898,0.8467726707458496,COMPLETE
308,0.1592470407485962,Tanh,82,288,18,0.06979464039183243,1,0.6772242089268272,0.000427443281588937,0.6461865305900574,0.1592470407485962,0.8419276475906372,COMPLETE
309,0.27841582894325256,Tanh,38,291,12,0.002371906063736129,1,0.6335237968878213,0.08170410741024098,1.0594098567962646,0.27841582894325256,0.7429838180541992,COMPLETE
310,0.2206767052412033,Tanh,94,125,20,0.0038849079258646895,1,0.6098470340862171,0.0019867439999854356,1.1587365865707397,0.2206767052412033,0.807533860206604,COMPLETE
311,0.23797014355659485,Tanh,89,259,16,0.05415599054113113,1,0.14549103066807234,0.00039768952385273214,0.9076034426689148,0.23797014355659485,0.6308631896972656,COMPLETE
312,0.2764315903186798,Tanh,96,310,19,0.00042768531377720303,1,0.42239638666617096,0.0002652226085486498,2.7845723628997803,0.2764315903186798,0.7594819664955139,COMPLETE
313,0.17147794365882874,Tanh,47,272,17,0.04555720365065578,1,0.6954328929402875,0.0004887161697674421,0.6661432981491089,0.17147794365882874,0.811491847038269,COMPLETE
314,0.2621799111366272,Tanh,86,323,15,0.0047985939077499215,1,0.3473425408609612,0.00017407488779166126,1.2243572473526,0.2621799111366272,0.7667351961135864,COMPLETE
315,0.21287435293197632,Tanh,56,298,17,0.03574366440125921,1,0.4337958238369363,0.0003455598799981797,1.006278395652771,0.21287435293197632,0.7858133912086487,COMPLETE
316,0.1704060286283493,Tanh,84,280,9,0.09968476289962175,1,0.7335151299026081,0.0007881763658417023,0.6522961258888245,0.1704060286283493,0.8370128273963928,COMPLETE
317,0.17072005569934845,Tanh,93,316,16,0.0033573235877712685,1,0.6677032973958622,0.001655659558179285,0.8778443336486816,0.17072005569934845,0.8436176776885986,COMPLETE
318,0.171481192111969,Tanh,90,337,18,0.006910305630052554,1,0.7094217970401294,0.0005934555085349566,0.764495849609375,0.171481192111969,0.8314659595489502,COMPLETE
319,0.19569683074951172,Tanh,95,243,15,0.001543421399043034,1,0.647143234803848,0.00022102601241579233,0.8172292113304138,0.19569683074951172,0.82004314661026,COMPLETE
320,0.23248456418514252,Tanh,50,305,5,0.009500872484758768,1,0.5234844626230362,0.0025628800533619395,3.810042381286621,0.23248456418514252,0.792102575302124,COMPLETE
321,0.2232869267463684,Tanh,29,291,16,0.06035870343120625,1,0.3975288338502751,0.0003359865980931508,9.095393180847168,0.2232869267463684,0.7958918809890747,COMPLETE
322,0.20248731970787048,Tanh,88,264,11,0.002836373469917741,1,0.5432966344919867,0.0011934317207058407,23.836593627929688,0.20248731970787048,0.8255026936531067,COMPLETE
323,0.21226941049098969,Tanh,97,285,7,0.028799481746769433,1,0.501914221795118,0.00043058927848408697,1.6993212699890137,0.21226941049098969,0.8082888126373291,COMPLETE
324,0.1711719036102295,Tanh,43,297,17,0.01916561194584196,1,0.6889114476089102,0.0002550235176287805,0.9478164911270142,0.1711719036102295,0.8171434998512268,COMPLETE
325,0.2379370629787445,Tanh,26,274,2,0.008028665484290544,1,0.7929361383502327,0.0035737704070183405,0.9434401392936707,0.2379370629787445,0.799344539642334,COMPLETE
326,0.17586636543273926,Tanh,100,305,13,0.002124833962016532,1,0.7515602822654006,0.0002914707525314354,0.7370139360427856,0.17586636543273926,0.8444269299507141,COMPLETE
327,0.21831737458705902,Tanh,93,315,14,0.03611187446679366,1,0.4399208498025027,0.0013986189919328908,1.353153109550476,0.21831737458705902,0.7993873357772827,COMPLETE
328,0.1752580851316452,Tanh,91,362,16,0.005519762366242029,1,0.6500607404755953,0.0009366348603427082,0.8291718363761902,0.1752580851316452,0.8327212333679199,COMPLETE
329,0.1808076649904251,Tanh,23,282,15,0.04146728868671168,1,0.7165064820757444,0.0003741481096896963,0.9033446907997131,0.1808076649904251,0.8164831399917603,COMPLETE
330,0.19751490652561188,Tanh,87,294,20,0.07234945094895519,1,0.6168721313009456,0.00019675950902709336,3.6905391216278076,0.19751490652561188,0.7715984582901001,COMPLETE
331,0.2701931297779083,Tanh,94,270,18,0.004167688068975495,1,0.2808026166046449,0.0019296114119086195,2.1783957481384277,0.2701931297779083,0.7505345940589905,COMPLETE
332,0.17615868151187897,Tanh,89,324,16,0.05107199437987729,1,0.6767178094724219,0.005446529260669053,0.6990395784378052,0.17615868151187897,0.8320434093475342,COMPLETE
333,0.1929861307144165,Tanh,91,258,17,0.006655348770674354,1,0.566701921817768,0.00047975475709149793,1.5687198638916016,0.1929861307144165,0.8311925530433655,COMPLETE
334,0.2816460430622101,Tanh,98,287,14,0.010336406960582512,1,0.5055060138647541,0.03000499046275131,1.3435230255126953,0.2816460430622101,0.7525211572647095,COMPLETE
335,0.16870936751365662,Tanh,95,303,15,0.03094969738651608,1,0.7427338574958419,0.00011724027660328044,0.6628801822662354,0.16870936751365662,0.8326768279075623,COMPLETE
336,0.1845795065164566,Tanh,92,278,17,0.016889679798694053,1,0.6574446053054491,0.0006400364018709404,1.0669916868209839,0.1845795065164566,0.8225642442703247,COMPLETE
337,0.16930943727493286,Tanh,85,294,13,0.026335831243071473,1,0.6965962686397346,0.00034314443723980933,0.8477765321731567,0.16930943727493286,0.8354394435882568,COMPLETE
338,0.213099405169487,Tanh,90,332,19,0.019894966903024402,1,0.479291401201955,0.0002687059652902233,6.448298931121826,0.213099405169487,0.7924225330352783,COMPLETE
339,0.19821910560131073,Tanh,31,310,16,0.00479891204832143,1,0.5898244985894681,0.0004043143044391639,1.2149585485458374,0.19821910560131073,0.8095197677612305,COMPLETE
340,0.17945562303066254,Tanh,97,267,17,0.014680536692988149,1,0.6290290911678266,0.004535258225182856,1.0653992891311646,0.17945562303066254,0.8351159691810608,COMPLETE
341,0.3082975447177887,Tanh,68,284,12,5.073131110850249e-05,1,0.7289615855798495,0.0005068125691205223,0.976621150970459,0.3082975447177887,0.7208460569381714,COMPLETE
342,0.29282689094543457,Tanh,93,248,15,0.0009432489467263316,1,0.3862269868832044,0.001632994847704611,1.2297446727752686,0.29282689094543457,0.7575458288192749,COMPLETE
343,0.16334368288516998,Tanh,87,299,18,0.04217746349346565,1,0.6777778502525611,0.002131886111088781,0.7153580188751221,0.16334368288516998,0.8480374217033386,COMPLETE
344,0.1815079301595688,Tanh,95,314,14,0.001071988118638972,1,0.7048383115695185,0.0007922888161553453,0.8556022644042969,0.1815079301595688,0.8304629325866699,COMPLETE
345,0.710459291934967,Tanh,92,276,16,1.3197790312086162e-05,1,0.647933901391209,0.00028708281791185004,1.1273775100708008,0.710459291934967,0.3473427891731262,COMPLETE
346,0.2349754124879837,Tanh,90,233,6,0.060926605435493573,1,0.4541992270712966,0.0028882940796943362,0.9195178747177124,0.2349754124879837,0.7962907552719116,COMPLETE
347,0.18104074895381927,Tanh,88,292,16,0.007472500365282679,1,0.75877075181701,0.00023002980429125963,0.8987838625907898,0.18104074895381927,0.8303214311599731,COMPLETE
348,0.19815242290496826,Tanh,94,262,3,0.005806430511815066,1,0.6814041012670384,0.001059812516415057,1.0730648040771484,0.19815242290496826,0.8232607841491699,COMPLETE
349,0.1626129150390625,Tanh,83,304,15,0.02278219367863293,1,0.7144862719964314,0.00036369950143950384,0.7688092589378357,0.1626129150390625,0.8487982749938965,COMPLETE
350,0.17231525480747223,Tanh,96,318,17,0.0818772538423127,1,0.7725382015604837,0.00032079103483204926,0.8956942558288574,0.17231525480747223,0.8334431052207947,COMPLETE
351,0.25777706503868103,Tanh,89,346,15,0.010615385998475172,1,0.2263887600970555,0.0005431149040830124,1.01593816280365,0.25777706503868103,0.702263593673706,COMPLETE
352,0.216922327876091,Tanh,91,287,16,0.03666976218331726,1,0.46933322329907173,0.001341794263794606,1.8824354410171509,0.216922327876091,0.8032976984977722,COMPLETE
353,0.23847728967666626,Tanh,93,272,18,0.04796478496414334,1,0.20323561431551135,0.00045716508951180996,0.8552764654159546,0.23847728967666626,0.6873645782470703,COMPLETE
354,0.27232059836387634,Tanh,85,306,14,0.0035743330418144133,1,0.3078310280913955,0.00024654356898955415,1.3015917539596558,0.27232059836387634,0.7570475339889526,COMPLETE
355,0.21212486922740936,Tanh,99,298,19,0.008355392076285661,1,0.6645628003504124,0.017000677811985984,0.9759089350700378,0.21212486922740936,0.8079438805580139,COMPLETE
356,0.2488628476858139,Tanh,96,280,16,0.029223907397341327,1,0.6028645108838891,0.011209569900780638,1.3020360469818115,0.2488628476858139,0.7803207635879517,COMPLETE
357,0.1786881983280182,Tanh,59,253,17,0.0019528258370190249,1,0.6373279616434332,0.0003941553932327682,0.8190675973892212,0.1786881983280182,0.8375623822212219,COMPLETE
358,0.17117789387702942,Tanh,87,326,7,0.06624110421439208,1,0.7226749417581043,0.0018439741171910157,0.6691266298294067,0.17117789387702942,0.8447520732879639,COMPLETE
359,0.16634736955165863,Tanh,92,293,13,0.017126586872575428,1,0.687730843922516,0.0003039450988982719,0.9287505149841309,0.16634736955165863,0.8430302739143372,COMPLETE
360,0.24855655431747437,Tanh,74,285,8,0.012699842910726905,1,0.26671455083996426,0.00017886290911606236,2.11820912361145,0.24855655431747437,0.7281595468521118,COMPLETE
361,0.17809222638607025,Tanh,94,266,15,0.025242602460285316,1,0.7375379267580134,0.0005668351136918381,0.7039520740509033,0.17809222638607025,0.8346696496009827,COMPLETE
362,0.24427469074726105,Tanh,90,317,17,0.03410467144063035,1,0.2708823121698551,0.000687483836405677,4.324322700500488,0.24427469074726105,0.7250127792358398,COMPLETE
363,0.16126136481761932,Tanh,98,308,17,0.006046503765856364,1,0.6701590676620384,0.00413832945163782,0.9336697459220886,0.16126136481761932,0.8520857095718384,COMPLETE
364,0.19298847019672394,Tanh,81,274,18,0.004786862899586835,1,0.7978118038569392,0.00021120962786374498,0.7856354713439941,0.19298847019672394,0.8300291299819946,COMPLETE
365,0.24177804589271545,Tanh,89,298,16,0.0003873534901217567,1,0.6244704425196179,0.0015109407835464826,1.083961844444275,0.24177804589271545,0.7828202247619629,COMPLETE
366,0.20868107676506042,Tanh,92,289,14,0.05566564251339246,1,0.48912999841451343,0.0024144538826106243,2.142957925796509,0.20868107676506042,0.8106374144554138,COMPLETE
367,0.25586599111557007,Tanh,94,340,15,0.0027405162482605364,1,0.3378443003894831,0.0003557522583335213,2.1424460411071777,0.25586599111557007,0.7746850252151489,COMPLETE
368,0.16295063495635986,Tanh,96,261,16,0.008801407718146553,1,0.703623158222506,0.0009013291060166687,0.8599169850349426,0.16295063495635986,0.8389192819595337,COMPLETE
369,0.1928442269563675,Tanh,87,305,4,0.019878932427618963,1,0.6502110070371536,0.000415606300796452,0.799090564250946,0.1928442269563675,0.8216397166252136,COMPLETE
370,0.1702624410390854,Tanh,64,284,19,0.04269160449283315,1,0.751968206056776,0.00027020215916271473,0.6781006455421448,0.1702624410390854,0.8401321172714233,COMPLETE
371,0.2714732587337494,Tanh,91,296,17,0.011251282513475952,1,0.6886355065730918,0.09761371899366197,0.9466502070426941,0.2714732587337494,0.7432104349136353,COMPLETE
372,0.18655481934547424,Tanh,52,321,13,0.0012640291200850006,1,0.7190930162856372,0.0003023980242060687,0.6674564480781555,0.18655481934547424,0.831168532371521,COMPLETE
373,0.17066358029842377,Tanh,89,275,16,0.01487430082283332,1,0.6594700775657475,0.0011834916682857224,0.906071126461029,0.17066358029842377,0.837701678276062,COMPLETE
374,0.1989540308713913,Tanh,94,242,18,0.003981864422847866,1,0.5723314895295644,0.0004468486894778168,1.3647276163101196,0.1989540308713913,0.8263357877731323,COMPLETE
375,0.2241763472557068,Tanh,97,310,14,0.033461337830011234,1,0.6057497541947516,0.0002279163625466528,2.6192824840545654,0.2241763472557068,0.795087456703186,COMPLETE
376,0.267150342464447,Tanh,100,333,15,0.0016462662950077396,1,0.23747375886284702,0.00037318504869202334,0.9750270247459412,0.267150342464447,0.7456778287887573,COMPLETE
377,0.2639722228050232,Tanh,92,269,17,0.006603825756434818,1,0.2589360081172468,0.0018279007497408173,1.466639757156372,0.2639722228050232,0.7406613826751709,COMPLETE
378,0.21046526730060577,Tanh,85,257,16,0.08154020008480774,1,0.4558130408297752,0.00015884870330335022,0.9096466302871704,0.21046526730060577,0.7982259392738342,COMPLETE
379,0.16322365403175354,Tanh,95,280,20,0.02259593533298388,1,0.6887874635852476,0.0005988608758209201,0.6778299808502197,0.16322365403175354,0.8483939170837402,COMPLETE
380,0.17412953078746796,Tanh,90,291,18,0.0030680118928554153,1,0.7283174631916427,0.0002653483434710409,0.7512124180793762,0.17412953078746796,0.83597332239151,COMPLETE
381,0.17847856879234314,Tanh,88,300,16,0.051098668648867744,1,0.6334780870168981,0.000332450637161793,0.7305814027786255,0.17847856879234314,0.8119861483573914,COMPLETE
382,0.22175361216068268,Tanh,93,315,15,0.0054637223758672885,1,0.5238644282842535,0.008805539896755392,7.1257500648498535,0.22175361216068268,0.8038895130157471,COMPLETE
383,0.16887126863002777,Tanh,70,282,16,0.028782725536546955,1,0.7719615118770107,0.00012430425681013899,1.1553035974502563,0.16887126863002777,0.8399465680122375,COMPLETE
384,0.1695709228515625,Tanh,91,291,12,0.007182281710157739,1,0.6680716844005329,0.00019035732855528673,0.924393892288208,0.1695709228515625,0.840868353843689,COMPLETE
385,0.32960638403892517,Tanh,79,306,17,0.00010943499726162014,1,0.29043186925915504,0.0005076276557659313,1.7827808856964111,0.32960638403892517,0.7064749002456665,COMPLETE
386,0.1952454298734665,Tanh,16,269,10,0.03917338444152005,1,0.7055783399649952,0.0013645938625782025,0.8667436242103577,0.1952454298734665,0.8007268905639648,COMPLETE
387,0.28310427069664,Tanh,83,78,19,0.002295127045830274,1,0.7423463441371094,0.059621419455175816,0.8437649011611938,0.28310427069664,0.7395623922348022,COMPLETE
388,0.2462562918663025,Tanh,96,328,14,0.0172642056660896,1,0.1916060151988035,0.0022120907442952993,0.9606432318687439,0.2462562918663025,0.7460952997207642,COMPLETE
389,0.1683986634016037,Tanh,86,251,13,0.009796509332309303,1,0.6541443649618304,0.0007433549566841288,0.8879624605178833,0.1683986634016037,0.8353794813156128,COMPLETE
390,0.25073572993278503,Tanh,93,300,15,0.06909191836680086,1,0.2165428903148632,0.0003064954261956166,0.8574299216270447,0.25073572993278503,0.6742690801620483,COMPLETE
391,0.32912716269493103,Tanh,98,283,1,0.09747358616586306,1,0.36500036388534585,0.00042626475549871826,1.2596821784973145,0.32912716269493103,0.7294520139694214,COMPLETE
392,0.6097492575645447,Tanh,89,276,16,1.5581824360475948e-05,1,0.6927521343216394,0.0010572202318754832,1.0076510906219482,0.6097492575645447,0.4372851252555847,COMPLETE
393,0.1828395277261734,Tanh,91,261,17,0.012352119359317789,1,0.6222188151142006,0.00025292342897372867,3.0408873558044434,0.1828395277261734,0.8028349280357361,COMPLETE
394,0.16471411287784576,Tanh,95,292,15,0.026107974096471906,1,0.7153215677082485,0.0028802820948452827,0.7867231369018555,0.16471411287784576,0.8463246822357178,COMPLETE
395,0.25804606080055237,Tanh,93,310,16,0.04615033339215337,1,0.24421501744130852,0.00035079333828879846,0.9951438903808594,0.25804606080055237,0.650983452796936,COMPLETE
396,0.1627698689699173,Tanh,88,322,18,0.00464246511600914,1,0.678487679344125,0.0016012899185428864,0.8916606307029724,0.1627698689699173,0.8532779216766357,COMPLETE
397,0.3265008330345154,Tanh,91,374,17,3.117712040158628e-05,1,0.7590112300648625,0.0004926756371548474,1.1257143020629883,0.3265008330345154,0.7125776410102844,COMPLETE
398,0.20591069757938385,Tanh,97,298,14,0.021206873436553395,1,0.5843155436461426,0.00022135689485482468,1.4398998022079468,0.20591069757938385,0.8134567141532898,COMPLETE
399,0.23156291246414185,Tanh,84,289,9,0.05955083932296528,1,0.2117873616585059,0.0036920891531248452,0.8657588362693787,0.23156291246414185,0.7456159591674805,COMPLETE
400,0.18129165470600128,Tanh,94,274,12,0.0153196073509616,1,0.643939649562741,0.0006481435511128083,0.7937756180763245,0.18129165470600128,0.8241212368011475,COMPLETE
401,0.25390124320983887,Tanh,90,311,20,0.0342965940470662,1,0.3118024021806926,0.00039604775032650374,1.0744385719299316,0.25390124320983887,0.7330875396728516,COMPLETE
402,0.16880683600902557,Tanh,92,266,16,0.008026963057288533,1,0.7117943557097669,0.0002954225954365881,0.9085713028907776,0.16880683600902557,0.843641996383667,COMPLETE
403,0.25406813621520996,Tanh,57,401,7,0.0035597143469573143,1,0.14988566170924147,3.442406847814369e-05,1.2725589275360107,0.25406813621520996,0.7350205779075623,COMPLETE
404,0.16682171821594238,Tanh,86,302,13,0.010705122162380152,1,0.683362239052079,0.002007197107174809,0.9815500974655151,0.16682171821594238,0.8454030752182007,COMPLETE
405,0.2026539146900177,Tanh,34,285,15,0.0007047160272073964,1,0.7392909218001502,0.0008599850725316862,0.7310053110122681,0.2026539146900177,0.8165203332901001,COMPLETE
406,0.2375316172838211,Tanh,96,278,17,0.005345629724689581,1,0.1665154492171243,0.00033796184796437185,0.9114342927932739,0.2375316172838211,0.7385699152946472,COMPLETE
407,0.2546887993812561,Tanh,89,319,6,0.042531277844493905,1,0.24821048290314732,0.00019421487954155253,1.0220708847045898,0.2546887993812561,0.7068322896957397,COMPLETE
408,0.28549522161483765,Tanh,61,295,16,0.02959152513432063,1,0.3578752161035131,0.015731354334260518,1.557773232460022,0.28549522161483765,0.7608190178871155,COMPLETE
409,0.27040380239486694,Tanh,94,306,19,0.023758427618416008,1,0.13081516403171117,0.00027128332807614273,0.6481708884239197,0.27040380239486694,0.6421578526496887,COMPLETE
410,0.21834780275821686,Tanh,87,254,18,0.014657985365068626,1,0.42890147590779715,0.005477766801558125,17.8416805267334,0.21834780275821686,0.8100769519805908,COMPLETE
411,0.19766554236412048,Tanh,93,265,14,0.006308794088150919,1,0.41722860109018,0.0012356018071239259,1.3113372325897217,0.19766554236412048,0.8257604837417603,COMPLETE
412,0.23391833901405334,Tanh,91,337,15,0.01979529612987928,1,0.3961645491969423,0.00043546967444848514,4.028171539306641,0.23391833901405334,0.7731067538261414,COMPLETE
413,0.17090599238872528,Tanh,99,289,17,0.05461220537666045,1,0.6580278970889798,0.0005330191448024527,0.6729441285133362,0.17090599238872528,0.8405445218086243,COMPLETE
414,0.17105092108249664,Tanh,95,279,16,0.07229429415494137,1,0.7957151149547586,9.900651202090444e-05,0.8294587731361389,0.17105092108249664,0.838708758354187,COMPLETE
415,0.2596588730812073,Tanh,89,353,16,0.00017701514547378055,1,0.6169107574259531,0.00024333880773149723,2.637974262237549,0.2596588730812073,0.7672122120857239,COMPLETE
416,0.17697682976722717,Tanh,10,298,18,0.008574943453930148,1,0.6976685480885525,0.0003312588639973306,0.7818342447280884,0.17697682976722717,0.8219033479690552,COMPLETE
417,0.21683068573474884,Tanh,21,314,15,0.03872848681612027,1,0.5417029076391574,0.0016416642279556712,2.0112125873565674,0.21683068573474884,0.7969120740890503,COMPLETE
418,0.16228322684764862,Tanh,97,272,17,0.0042790724313572105,1,0.669560039488753,0.00017335547022659438,0.768204391002655,0.16228322684764862,0.848307192325592,COMPLETE
419,0.16946156322956085,Tanh,92,286,16,0.01141869879150506,1,0.7326084502549026,0.0024570522619211783,0.8205650448799133,0.16946156322956085,0.8440470099449158,COMPLETE
420,0.17874139547348022,Tanh,88,301,14,0.0018106728462963654,1,0.6306555226124559,0.00038586058806865917,0.9728066325187683,0.17874139547348022,0.8367975950241089,COMPLETE
421,0.25747957825660706,Tanh,95,258,19,0.007520454226788202,1,0.382938136358314,0.0002156780629831578,1.6675938367843628,0.25747957825660706,0.7861438989639282,COMPLETE
422,0.1870976984500885,Tanh,90,293,13,0.0013923801763006075,1,0.7675625541630396,0.0002881114650930254,0.7995774149894714,0.1870976984500885,0.8348344564437866,COMPLETE
423,0.21237310767173767,Tanh,92,327,17,0.01826232779549372,1,0.7108027823066926,0.013664711848810612,0.8940033912658691,0.21237310767173767,0.8025918006896973,COMPLETE
424,0.16361792385578156,Tanh,98,244,16,0.03101354337195761,1,0.6577929032596628,0.0007147499419095159,0.7164514660835266,0.16361792385578156,0.8432213068008423,COMPLETE
425,0.1980668157339096,Tanh,85,313,15,0.049171744399267865,1,0.591639642761406,7.730277050538324e-05,0.9767335653305054,0.1980668157339096,0.8016228675842285,COMPLETE
426,0.16178950667381287,Tanh,93,195,14,0.013532322100578826,1,0.6872893138883075,0.0009558104356925787,0.8591609001159668,0.16178950667381287,0.8521118760108948,COMPLETE
427,0.24242176115512848,Tanh,100,283,17,0.005662036475348099,1,0.1812795962938412,0.00047775181755208674,0.8189831972122192,0.24242176115512848,0.7344080209732056,COMPLETE
428,0.23447786271572113,Tanh,81,265,18,0.009397618553343354,1,0.41624791480920137,0.007866955740906931,1.214192509651184,0.23447786271572113,0.7931464910507202,COMPLETE
429,0.16497676074504852,Tanh,87,303,13,0.024613916647990744,1,0.7320122592998016,0.00024354841654174918,0.7747377157211304,0.16497676074504852,0.843544602394104,COMPLETE
430,0.20558440685272217,Tanh,95,273,16,0.06398618155347245,1,0.5648090412258855,0.00014385205443291074,0.8600407838821411,0.20558440685272217,0.7917666435241699,COMPLETE
431,0.28224697709083557,Tanh,76,292,15,0.08243019958215025,1,0.5100012225369466,0.026167139951471564,1.3706923723220825,0.28224697709083557,0.7287250757217407,COMPLETE
432,0.1713712513446808,Tanh,91,281,17,0.002593680467086968,1,0.6465187572824403,0.0005815971031411617,0.7435302734375,0.1713712513446808,0.8422126770019531,COMPLETE
433,0.18120519816875458,Tanh,94,325,16,0.03618404182895351,1,0.6815749343385926,2.5091095930513913e-05,0.7218391299247742,0.18120519816875458,0.82755446434021,COMPLETE
434,0.25600799918174744,Tanh,89,306,11,0.005039327659771545,1,0.2766166252207374,0.00034053324890397964,2.705160140991211,0.25600799918174744,0.7641761302947998,COMPLETE
435,0.16305819153785706,Tanh,97,444,15,0.0036551415605291294,1,0.7091512272457593,0.000396855971488523,0.7136126756668091,0.16305819153785706,0.8493199944496155,COMPLETE
436,0.18474481999874115,Tanh,91,296,17,0.01648292093154753,1,0.7635919797357813,0.0014052226244206658,5.60736083984375,0.18474481999874115,0.8365232944488525,COMPLETE
437,0.24688254296779633,Tanh,93,317,16,0.04801995626856354,1,0.31640261619450927,0.00019657087176897778,1.0708047151565552,0.24688254296779633,0.7171342372894287,COMPLETE
438,0.19807027280330658,Tanh,87,288,19,0.007031571928394036,1,0.6156157442365743,0.00027832321856668756,1.4247347116470337,0.19807027280330658,0.7977519035339355,COMPLETE
439,0.16053102910518646,Tanh,83,345,23,0.032885636314228577,1,0.6709312104428541,0.0019062493572090165,0.6739767789840698,0.16053102910518646,0.8490054607391357,COMPLETE
440,0.1647767573595047,Tanh,45,273,14,0.021809665467246706,1,0.714370465394967,0.0010979324921116867,0.6823705434799194,0.1647767573595047,0.8420162200927734,COMPLETE
441,0.18053284287452698,Tanh,90,250,18,0.012387008868946189,1,0.6379439380357548,0.00043421459280289134,0.9148551821708679,0.18053284287452698,0.835557222366333,COMPLETE
442,0.21245570480823517,Tanh,49,306,20,0.0280001116037644,1,0.4786128898632091,0.00029312019946821317,3.5948450565338135,0.21245570480823517,0.7797622680664062,COMPLETE
443,0.3088010549545288,Tanh,95,264,21,0.003176246414248482,1,0.4419250986821625,0.04048219447087076,1.5112109184265137,0.3088010549545288,0.731490969657898,COMPLETE
444,0.17903822660446167,Tanh,93,279,7,0.042901949967213734,1,0.748142812415405,0.0003537363577221133,0.7271587252616882,0.17903822660446167,0.83076411485672,COMPLETE
445,0.2877223491668701,Tanh,85,298,16,0.05922461815111815,1,0.10835368684438854,0.000539866710473596,0.6391474604606628,0.2877223491668701,0.606670618057251,COMPLETE
446,0.2611667215824127,Tanh,97,235,15,0.004408559547032445,1,0.30008452993102985,0.0008449730418115759,1.2077394723892212,0.2611667215824127,0.767714262008667,COMPLETE
447,0.19342540204524994,Tanh,43,312,18,0.0059211012601851284,1,0.6980457270659118,0.006486758909537767,0.9029635190963745,0.19342540204524994,0.8214426040649414,COMPLETE
448,0.17028823494911194,Tanh,54,333,12,0.01023255079305714,1,0.6665022100869877,0.0023145566433266577,0.765937089920044,0.17028823494911194,0.8448659181594849,COMPLETE
449,0.16532234847545624,Tanh,89,288,13,0.01869474631984251,1,0.732565083310395,0.00023646371006100586,0.8354268670082092,0.16532234847545624,0.8248770236968994,COMPLETE
450,0.29063087701797485,Tanh,92,271,17,0.0011131977511695261,1,0.11995749892220127,0.0029677059050579597,0.7107456922531128,0.29063087701797485,0.7247622013092041,COMPLETE
451,0.24955427646636963,Tanh,73,257,16,0.038671889215526015,1,0.34236957291687004,0.0015692719800707992,1.0920909643173218,0.24955427646636963,0.7676982879638672,COMPLETE
452,0.2064477503299713,Tanh,95,282,19,0.0006371197231628537,1,0.6474632214062028,0.000470153376944223,0.811674952507019,0.2064477503299713,0.8101569414138794,COMPLETE
453,0.23256224393844604,Tanh,88,298,15,0.0009688890575930256,1,0.6046312085820683,0.0006735498543218961,1.6270201206207275,0.23256224393844604,0.797530472278595,COMPLETE
454,0.1724890172481537,Tanh,91,319,17,0.013755313267120681,1,0.6871767983345781,0.000164360293817163,1.0929425954818726,0.1724890172481537,0.8282898664474487,COMPLETE
455,0.17157801985740662,Tanh,93,305,16,0.008580973247290699,1,0.7670645759647774,6.285525438062909e-05,0.7651687860488892,0.17157801985740662,0.846457839012146,COMPLETE
456,0.24812282621860504,Tanh,98,290,14,0.02468143936101971,1,0.2005716472594084,0.00032089715759072264,1.148083209991455,0.24812282621860504,0.6981807351112366,COMPLETE
457,0.2324506789445877,Tanh,90,274,15,0.049133659781642254,1,0.7074717857531116,0.02440714779511198,0.9979572296142578,0.2324506789445877,0.7707041501998901,COMPLETE
458,0.2105141282081604,Tanh,31,294,17,0.07016292448920494,1,0.5477315656217216,0.00038309164664677997,1.8187034130096436,0.2105141282081604,0.7819535732269287,COMPLETE
459,0.19763825833797455,Tanh,86,489,8,0.0063432821007561825,1,0.4951817944636341,0.0012282363928152805,26.20423126220703,0.19763825833797455,0.8253189325332642,COMPLETE
460,0.290544331073761,Tanh,65,311,16,0.0296238502640887,1,0.36122816195148905,0.019955005732425066,3.6610970497131348,0.290544331073761,0.7595579624176025,COMPLETE
461,0.16565154492855072,Tanh,38,264,24,0.015897785718263033,1,0.6704368467859303,0.00021609682084737945,0.6529548764228821,0.16565154492855072,0.8376089930534363,COMPLETE
462,0.19144806265830994,Tanh,96,282,18,0.007524317770752431,1,0.6332279982153404,1.287056556317113e-05,0.8428781628608704,0.19144806265830994,0.8052828311920166,COMPLETE
463,0.25870561599731445,Tanh,78,323,5,0.0018489359581525422,1,0.22681959706136567,0.000273004916450967,0.9564599394798279,0.25870561599731445,0.7440898418426514,COMPLETE
464,0.2650855481624603,Tanh,94,301,14,0.005007691843171214,1,0.25216418274117813,0.0019199332623689685,0.9316450357437134,0.2650855481624603,0.7271873950958252,COMPLETE
465,0.17738880217075348,Tanh,88,291,17,0.004094889294396864,1,0.7382904017159512,0.00043889692783748337,0.7983106970787048,0.17738880217075348,0.8302637934684753,COMPLETE
466,0.27996888756752014,Tanh,92,278,16,0.0012923927630945063,1,0.3410653610373844,0.0006083888734847844,2.9410223960876465,0.27996888756752014,0.7595400810241699,COMPLETE
467,0.18910951912403107,Tanh,100,257,15,0.0921457080242705,1,0.7958355083742413,0.00033191730312747444,0.8607428073883057,0.18910951912403107,0.8232535123825073,COMPLETE
468,0.20067380368709564,Tanh,96,311,16,0.020795210328542733,1,0.6924682098029153,0.009204880869008192,0.8570128679275513,0.20067380368709564,0.8133326768875122,COMPLETE
469,0.4398920238018036,Tanh,90,331,13,5.544499478403671e-05,1,0.2711175702998747,0.0002606080499289912,9.230400085449219,0.4398920238018036,0.6001832485198975,COMPLETE
470,0.24131570756435394,Tanh,84,271,18,0.034414761238892554,1,0.1578794984815289,0.00018617717197068952,0.998758852481842,0.24131570756435394,0.6253070831298828,COMPLETE
471,0.2699364721775055,Tanh,94,287,16,0.010297200395767809,1,0.29482516625933636,0.001467986247760393,1.787226915359497,0.2699364721775055,0.7447255253791809,COMPLETE
472,0.26609909534454346,Tanh,27,301,17,0.00023407348516055938,1,0.40669139732786447,0.00038670524075358,1.435044288635254,0.26609909534454346,0.7725058197975159,COMPLETE
473,0.25807011127471924,Tanh,92,282,15,0.042590084809269325,1,0.6596564829381918,0.0498829058269837,1.0059558153152466,0.25807011127471924,0.7591294050216675,COMPLETE
474,0.21793308854103088,Tanh,90,249,16,0.027179033710662708,1,0.4571295503739739,0.0005205509886069067,1.7174397706985474,0.21793308854103088,0.7848248481750488,COMPLETE
475,0.24074335396289825,Tanh,88,319,13,0.01254783858940173,1,0.19143610842594627,0.00013812789867773134,0.9017119407653809,0.24074335396289825,0.6041802167892456,COMPLETE
476,0.17235377430915833,Tanh,98,267,7,0.057335156224609204,1,0.7245281353910632,0.0009749226725615891,0.7474818825721741,0.17235377430915833,0.8376386761665344,COMPLETE
477,0.1771366149187088,Tanh,86,295,14,0.016063418726624663,1,0.6926980785102774,5.222684128921917e-05,0.9524803161621094,0.1771366149187088,0.8133519291877747,COMPLETE
478,0.5267045497894287,Tanh,94,308,15,3.436173765516858e-05,1,0.4719403560588458,0.0003158410172583098,0.9789685606956482,0.5267045497894287,0.5422569513320923,COMPLETE
479,0.2405066341161728,Tanh,82,288,19,0.0752487127037397,1,0.14177429625156793,0.002190693992627442,0.8664394021034241,0.2405066341161728,0.690520167350769,COMPLETE
480,0.25717616081237793,Tanh,92,388,2,0.006273046036809986,1,0.2804414267031175,0.00024145289561905957,2.165713310241699,0.25717616081237793,0.7667010426521301,COMPLETE
481,0.21892549097537994,Tanh,95,169,17,0.0025482066950237143,1,0.5993984099619128,0.0007783113282027298,1.1720902919769287,0.21892549097537994,0.8093756437301636,COMPLETE
482,0.18504534661769867,Tanh,90,302,12,0.01942132293162273,1,0.6406990542059904,0.00388004727174776,0.9291547536849976,0.18504534661769867,0.8300459980964661,COMPLETE
483,0.1718306839466095,Tanh,87,275,18,0.05077764494407511,1,0.7184022381301175,0.0017242506064530157,0.5599235892295837,0.1718306839466095,0.8365207314491272,COMPLETE
484,0.17207376658916473,Tanh,96,262,16,0.00906057469783493,1,0.6705310451809989,0.0004184286361456814,0.8098838925361633,0.17207376658916473,0.8422093391418457,COMPLETE
485,0.17122171819210052,Tanh,93,295,17,0.0351063513020358,1,0.7567696233622719,0.00030791169429133456,0.9911285042762756,0.17122171819210052,0.8467760682106018,COMPLETE
486,0.16987508535385132,Tanh,91,339,15,0.003142924150424538,1,0.6288222575566139,0.00037308387817064484,0.8788965940475464,0.16987508535385132,0.8421855568885803,COMPLETE
487,0.2177923321723938,Tanh,89,314,14,0.00047782318746559166,1,0.7023129005305766,0.002561068534337532,0.880574107170105,0.2177923321723938,0.7969827651977539,COMPLETE
488,0.24961034953594208,Tanh,98,226,6,0.0003194109780323478,1,0.6667566002519174,0.013571972054090232,0.9686706066131592,0.24961034953594208,0.7728856801986694,COMPLETE
489,0.16476914286613464,Tanh,93,283,18,0.004996037856786373,1,0.7410444521133077,0.00021319797731269796,0.7334707379341125,0.16476914286613464,0.8479478359222412,COMPLETE
490,0.21655574440956116,Tanh,96,308,20,0.024363063679543148,1,0.4304157789285801,0.003312795792053826,2.1176681518554688,0.21655574440956116,0.8102593421936035,COMPLETE
491,0.24971841275691986,Tanh,91,241,16,0.00012248283183168877,1,0.6863407968431956,0.010937535752939872,0.9607486128807068,0.24971841275691986,0.7743757963180542,COMPLETE
492,0.1844865381717682,Tanh,85,359,17,0.007235626807153785,1,0.7714587408695938,0.0013095559966643886,1.2346773147583008,0.1844865381717682,0.83918696641922,COMPLETE
493,0.1984681338071823,Tanh,88,271,19,0.061611841633769114,1,0.5881547120875993,0.0005152586080611584,0.9355952739715576,0.1984681338071823,0.8155835866928101,COMPLETE
494,0.20397424697875977,Tanh,94,323,16,0.011616434961360904,1,0.5163731378209239,1.7856621146673396e-05,1.4899358749389648,0.20397424697875977,0.8122968673706055,COMPLETE
495,0.2657448649406433,Tanh,92,292,15,0.04019923531867803,1,0.33390869276610213,0.0002771641626944691,1.516891360282898,0.2657448649406433,0.7094985246658325,COMPLETE
496,0.48638659715652466,Tanh,89,280,14,2.674178950821523e-05,1,0.6502109443690183,0.00011355860245079846,0.9997352957725525,0.48638659715652466,0.550406277179718,COMPLETE
497,0.1691499650478363,Tanh,96,302,13,0.003692566148844442,1,0.717438662445271,0.0006815926671633608,0.7154089212417603,0.1691499650478363,0.8406126499176025,COMPLETE
498,0.21038177609443665,Tanh,87,252,9,0.030517267473702286,1,0.6126545419127026,3.7819656497216064e-05,1.4420713186264038,0.21038177609443665,0.7993581891059875,COMPLETE
499,0.17754602432250977,Tanh,99,287,17,0.018230001261218317,1,0.7998926237228955,0.0003509941651872598,0.772693395614624,0.17754602432250977,0.8364067077636719,COMPLETE
